Aug 02 01:44:16 zfsnvme-target kernel: Linux version 6.8.0-136-generic (buildd@lcy02-amd64-041) (x86_64-linux-gnu-gcc-13 (Ubuntu 13.3.0-6ubuntu2~24.04.1) 13.3.0, GNU ld (GNU Binutils for Ubuntu) 2.42) #136-Ubuntu SMP PREEMPT_DYNAMIC Wed Jul  1 21:53:05 UTC 2026 (Ubuntu 6.8.0-136.136-generic 6.8.12)
Aug 02 01:44:16 zfsnvme-target kernel: Command line: BOOT_IMAGE=/boot/vmlinuz-6.8.0-136-generic root=UUID=daf1189b-6b22-4ac2-8d16-ed2889e17297 ro console=tty1 console=ttyS0
Aug 02 01:44:16 zfsnvme-target kernel: KERNEL supported cpus:
Aug 02 01:44:16 zfsnvme-target kernel:   Intel GenuineIntel
Aug 02 01:44:16 zfsnvme-target kernel:   AMD AuthenticAMD
Aug 02 01:44:16 zfsnvme-target kernel:   Hygon HygonGenuine
Aug 02 01:44:16 zfsnvme-target kernel:   Centaur CentaurHauls
Aug 02 01:44:16 zfsnvme-target kernel:   zhaoxin   Shanghai  
Aug 02 01:44:16 zfsnvme-target kernel: BIOS-provided physical RAM map:
Aug 02 01:44:16 zfsnvme-target kernel: BIOS-e820: [mem 0x0000000000000000-0x000000000009fbff] usable
Aug 02 01:44:16 zfsnvme-target kernel: BIOS-e820: [mem 0x000000000009fc00-0x000000000009ffff] reserved
Aug 02 01:44:16 zfsnvme-target kernel: BIOS-e820: [mem 0x00000000000f0000-0x00000000000fffff] reserved
Aug 02 01:44:16 zfsnvme-target kernel: BIOS-e820: [mem 0x0000000000100000-0x000000007ffd2fff] usable
Aug 02 01:44:16 zfsnvme-target kernel: BIOS-e820: [mem 0x000000007ffd3000-0x000000007fffffff] reserved
Aug 02 01:44:16 zfsnvme-target kernel: BIOS-e820: [mem 0x00000000b0000000-0x00000000bfffffff] reserved
Aug 02 01:44:16 zfsnvme-target kernel: BIOS-e820: [mem 0x00000000fed1c000-0x00000000fed1ffff] reserved
Aug 02 01:44:16 zfsnvme-target kernel: BIOS-e820: [mem 0x00000000feffc000-0x00000000feffffff] reserved
Aug 02 01:44:16 zfsnvme-target kernel: BIOS-e820: [mem 0x00000000fffc0000-0x00000000ffffffff] reserved
Aug 02 01:44:16 zfsnvme-target kernel: BIOS-e820: [mem 0x000000fd00000000-0x000000ffffffffff] reserved
Aug 02 01:44:16 zfsnvme-target kernel: NX (Execute Disable) protection: active
Aug 02 01:44:16 zfsnvme-target kernel: APIC: Static calls initialized
Aug 02 01:44:16 zfsnvme-target kernel: SMBIOS 2.8 present.
Aug 02 01:44:16 zfsnvme-target kernel: DMI: QEMU Standard PC (Q35 + ICH9, 2009), BIOS rel-1.17.0-0-gb52ca86e094d-prebuilt.qemu.org 04/01/2014
Aug 02 01:44:16 zfsnvme-target kernel: Hypervisor detected: KVM
Aug 02 01:44:16 zfsnvme-target kernel: kvm-clock: Using msrs 4b564d01 and 4b564d00
Aug 02 01:44:16 zfsnvme-target kernel: kvm-clock: using sched offset of 28510811879353 cycles
Aug 02 01:44:16 zfsnvme-target kernel: clocksource: kvm-clock: mask: 0xffffffffffffffff max_cycles: 0x1cd42e4dffb, max_idle_ns: 881590591483 ns
Aug 02 01:44:16 zfsnvme-target kernel: tsc: Detected 3693.060 MHz processor
Aug 02 01:44:16 zfsnvme-target kernel: e820: update [mem 0x00000000-0x00000fff] usable ==> reserved
Aug 02 01:44:16 zfsnvme-target kernel: e820: remove [mem 0x000a0000-0x000fffff] usable
Aug 02 01:44:16 zfsnvme-target kernel: last_pfn = 0x7ffd3 max_arch_pfn = 0x400000000
Aug 02 01:44:16 zfsnvme-target kernel: MTRR map: 4 entries (3 fixed + 1 variable; max 19), built from 8 variable MTRRs
Aug 02 01:44:16 zfsnvme-target kernel: x86/PAT: Configuration [0-7]: WB  WC  UC- UC  WB  WP  UC- WT  
Aug 02 01:44:16 zfsnvme-target kernel: found SMP MP-table at [mem 0x000f5470-0x000f547f]
Aug 02 01:44:16 zfsnvme-target kernel: Using GB pages for direct mapping
Aug 02 01:44:16 zfsnvme-target kernel: RAMDISK: [mem 0x2edeb000-0x336ecfff]
Aug 02 01:44:16 zfsnvme-target kernel: ACPI: Early table checksum verification disabled
Aug 02 01:44:16 zfsnvme-target kernel: ACPI: RSDP 0x00000000000F5290 000014 (v00 BOCHS )
Aug 02 01:44:16 zfsnvme-target kernel: ACPI: RSDT 0x000000007FFE5A45 000038 (v01 BOCHS  BXPC     00000001 BXPC 00000001)
Aug 02 01:44:16 zfsnvme-target kernel: ACPI: FACP 0x000000007FFE57A3 0000F4 (v03 BOCHS  BXPC     00000001 BXPC 00000001)
Aug 02 01:44:16 zfsnvme-target kernel: ACPI: DSDT 0x000000007FFDF040 006763 (v01 BOCHS  BXPC     00000001 BXPC 00000001)
Aug 02 01:44:16 zfsnvme-target kernel: ACPI: FACS 0x000000007FFDF000 000040
Aug 02 01:44:16 zfsnvme-target kernel: ACPI: APIC 0x000000007FFE5897 000080 (v03 BOCHS  BXPC     00000001 BXPC 00000001)
Aug 02 01:44:16 zfsnvme-target kernel: ACPI: SSDT 0x000000007FFE5917 0000CA (v01 BOCHS  VMGENID  00000001 BXPC 00000001)
Aug 02 01:44:16 zfsnvme-target kernel: ACPI: MCFG 0x000000007FFE59E1 00003C (v01 BOCHS  BXPC     00000001 BXPC 00000001)
Aug 02 01:44:16 zfsnvme-target kernel: ACPI: WAET 0x000000007FFE5A1D 000028 (v01 BOCHS  BXPC     00000001 BXPC 00000001)
Aug 02 01:44:16 zfsnvme-target kernel: ACPI: Reserving FACP table memory at [mem 0x7ffe57a3-0x7ffe5896]
Aug 02 01:44:16 zfsnvme-target kernel: ACPI: Reserving DSDT table memory at [mem 0x7ffdf040-0x7ffe57a2]
Aug 02 01:44:16 zfsnvme-target kernel: ACPI: Reserving FACS table memory at [mem 0x7ffdf000-0x7ffdf03f]
Aug 02 01:44:16 zfsnvme-target kernel: ACPI: Reserving APIC table memory at [mem 0x7ffe5897-0x7ffe5916]
Aug 02 01:44:16 zfsnvme-target kernel: ACPI: Reserving SSDT table memory at [mem 0x7ffe5917-0x7ffe59e0]
Aug 02 01:44:16 zfsnvme-target kernel: ACPI: Reserving MCFG table memory at [mem 0x7ffe59e1-0x7ffe5a1c]
Aug 02 01:44:16 zfsnvme-target kernel: ACPI: Reserving WAET table memory at [mem 0x7ffe5a1d-0x7ffe5a44]
Aug 02 01:44:16 zfsnvme-target kernel: No NUMA configuration found
Aug 02 01:44:16 zfsnvme-target kernel: Faking a node at [mem 0x0000000000000000-0x000000007ffd2fff]
Aug 02 01:44:16 zfsnvme-target kernel: NODE_DATA(0) allocated [mem 0x7ffa8000-0x7ffd2fff]
Aug 02 01:44:16 zfsnvme-target kernel: Zone ranges:
Aug 02 01:44:16 zfsnvme-target kernel:   DMA      [mem 0x0000000000001000-0x0000000000ffffff]
Aug 02 01:44:16 zfsnvme-target kernel:   DMA32    [mem 0x0000000001000000-0x000000007ffd2fff]
Aug 02 01:44:16 zfsnvme-target kernel:   Normal   empty
Aug 02 01:44:16 zfsnvme-target kernel:   Device   empty
Aug 02 01:44:16 zfsnvme-target kernel: Movable zone start for each node
Aug 02 01:44:16 zfsnvme-target kernel: Early memory node ranges
Aug 02 01:44:16 zfsnvme-target kernel:   node   0: [mem 0x0000000000001000-0x000000000009efff]
Aug 02 01:44:16 zfsnvme-target kernel:   node   0: [mem 0x0000000000100000-0x000000007ffd2fff]
Aug 02 01:44:16 zfsnvme-target kernel: Initmem setup node 0 [mem 0x0000000000001000-0x000000007ffd2fff]
Aug 02 01:44:16 zfsnvme-target kernel: On node 0, zone DMA: 1 pages in unavailable ranges
Aug 02 01:44:16 zfsnvme-target kernel: On node 0, zone DMA: 97 pages in unavailable ranges
Aug 02 01:44:16 zfsnvme-target kernel: On node 0, zone DMA32: 45 pages in unavailable ranges
Aug 02 01:44:16 zfsnvme-target kernel: ACPI: PM-Timer IO Port: 0x608
Aug 02 01:44:16 zfsnvme-target kernel: ACPI: LAPIC_NMI (acpi_id[0xff] dfl dfl lint[0x1])
Aug 02 01:44:16 zfsnvme-target kernel: IOAPIC[0]: apic_id 0, version 17, address 0xfec00000, GSI 0-23
Aug 02 01:44:16 zfsnvme-target kernel: ACPI: INT_SRC_OVR (bus 0 bus_irq 0 global_irq 2 dfl dfl)
Aug 02 01:44:16 zfsnvme-target kernel: ACPI: INT_SRC_OVR (bus 0 bus_irq 5 global_irq 5 high level)
Aug 02 01:44:16 zfsnvme-target kernel: ACPI: INT_SRC_OVR (bus 0 bus_irq 9 global_irq 9 high level)
Aug 02 01:44:16 zfsnvme-target kernel: ACPI: INT_SRC_OVR (bus 0 bus_irq 10 global_irq 10 high level)
Aug 02 01:44:16 zfsnvme-target kernel: ACPI: INT_SRC_OVR (bus 0 bus_irq 11 global_irq 11 high level)
Aug 02 01:44:16 zfsnvme-target kernel: ACPI: Using ACPI (MADT) for SMP configuration information
Aug 02 01:44:16 zfsnvme-target kernel: TSC deadline timer available
Aug 02 01:44:16 zfsnvme-target kernel: smpboot: Allowing 2 CPUs, 0 hotplug CPUs
Aug 02 01:44:16 zfsnvme-target kernel: kvm-guest: APIC: eoi() replaced with kvm_guest_apic_eoi_write()
Aug 02 01:44:16 zfsnvme-target kernel: kvm-guest: KVM setup pv remote TLB flush
Aug 02 01:44:16 zfsnvme-target kernel: kvm-guest: setup PV sched yield
Aug 02 01:44:16 zfsnvme-target kernel: PM: hibernation: Registered nosave memory: [mem 0x00000000-0x00000fff]
Aug 02 01:44:16 zfsnvme-target kernel: PM: hibernation: Registered nosave memory: [mem 0x0009f000-0x000fffff]
Aug 02 01:44:16 zfsnvme-target kernel: [mem 0xc0000000-0xfed1bfff] available for PCI devices
Aug 02 01:44:16 zfsnvme-target kernel: Booting paravirtualized kernel on KVM
Aug 02 01:44:16 zfsnvme-target kernel: clocksource: refined-jiffies: mask: 0xffffffff max_cycles: 0xffffffff, max_idle_ns: 1910969940391419 ns
Aug 02 01:44:16 zfsnvme-target kernel: setup_percpu: NR_CPUS:8192 nr_cpumask_bits:2 nr_cpu_ids:2 nr_node_ids:1
Aug 02 01:44:16 zfsnvme-target kernel: percpu: Embedded 86 pages/cpu s229376 r8192 d114688 u1048576
Aug 02 01:44:16 zfsnvme-target kernel: pcpu-alloc: s229376 r8192 d114688 u1048576 alloc=1*2097152
Aug 02 01:44:16 zfsnvme-target kernel: pcpu-alloc: [0] 0 1 
Aug 02 01:44:16 zfsnvme-target kernel: kvm-guest: PV spinlocks enabled
Aug 02 01:44:16 zfsnvme-target kernel: PV qspinlock hash table entries: 256 (order: 0, 4096 bytes, linear)
Aug 02 01:44:16 zfsnvme-target kernel: Kernel command line: BOOT_IMAGE=/boot/vmlinuz-6.8.0-136-generic root=UUID=daf1189b-6b22-4ac2-8d16-ed2889e17297 ro console=tty1 console=ttyS0
Aug 02 01:44:16 zfsnvme-target kernel: random: crng init done
Aug 02 01:44:16 zfsnvme-target kernel: Dentry cache hash table entries: 262144 (order: 9, 2097152 bytes, linear)
Aug 02 01:44:16 zfsnvme-target kernel: Inode-cache hash table entries: 131072 (order: 8, 1048576 bytes, linear)
Aug 02 01:44:16 zfsnvme-target kernel: Fallback order for Node 0: 0 
Aug 02 01:44:16 zfsnvme-target kernel: Built 1 zonelists, mobility grouping on.  Total pages: 515795
Aug 02 01:44:16 zfsnvme-target kernel: Policy zone: DMA32
Aug 02 01:44:16 zfsnvme-target kernel: mem auto-init: stack:all(zero), heap alloc:on, heap free:off
Aug 02 01:44:16 zfsnvme-target kernel: Memory: 1930840K/2096580K available (22528K kernel code, 4441K rwdata, 14428K rodata, 4932K init, 4776K bss, 165480K reserved, 0K cma-reserved)
Aug 02 01:44:16 zfsnvme-target kernel: SLUB: HWalign=64, Order=0-3, MinObjects=0, CPUs=2, Nodes=1
Aug 02 01:44:16 zfsnvme-target kernel: ftrace: allocating 58332 entries in 228 pages
Aug 02 01:44:16 zfsnvme-target kernel: ftrace: allocated 228 pages with 4 groups
Aug 02 01:44:16 zfsnvme-target kernel: Dynamic Preempt: voluntary
Aug 02 01:44:16 zfsnvme-target kernel: rcu: Preemptible hierarchical RCU implementation.
Aug 02 01:44:16 zfsnvme-target kernel: rcu:         RCU restricting CPUs from NR_CPUS=8192 to nr_cpu_ids=2.
Aug 02 01:44:16 zfsnvme-target kernel:         Trampoline variant of Tasks RCU enabled.
Aug 02 01:44:16 zfsnvme-target kernel:         Rude variant of Tasks RCU enabled.
Aug 02 01:44:16 zfsnvme-target kernel:         Tracing variant of Tasks RCU enabled.
Aug 02 01:44:16 zfsnvme-target kernel: rcu: RCU calculated value of scheduler-enlistment delay is 100 jiffies.
Aug 02 01:44:16 zfsnvme-target kernel: rcu: Adjusting geometry for rcu_fanout_leaf=16, nr_cpu_ids=2
Aug 02 01:44:16 zfsnvme-target kernel: RCU Tasks: Setting shift to 1 and lim to 1 rcu_task_cb_adjust=1 rcu_task_cpu_ids=2.
Aug 02 01:44:16 zfsnvme-target kernel: RCU Tasks Rude: Setting shift to 1 and lim to 1 rcu_task_cb_adjust=1 rcu_task_cpu_ids=2.
Aug 02 01:44:16 zfsnvme-target kernel: RCU Tasks Trace: Setting shift to 1 and lim to 1 rcu_task_cb_adjust=1 rcu_task_cpu_ids=2.
Aug 02 01:44:16 zfsnvme-target kernel: NR_IRQS: 524544, nr_irqs: 440, preallocated irqs: 16
Aug 02 01:44:16 zfsnvme-target kernel: rcu: srcu_init: Setting srcu_struct sizes based on contention.
Aug 02 01:44:16 zfsnvme-target kernel: Console: colour VGA+ 80x25
Aug 02 01:44:16 zfsnvme-target kernel: printk: legacy console [tty1] enabled
Aug 02 01:44:16 zfsnvme-target kernel: printk: legacy console [ttyS0] enabled
Aug 02 01:44:16 zfsnvme-target kernel: ACPI: Core revision 20230628
Aug 02 01:44:16 zfsnvme-target kernel: APIC: Switch to symmetric I/O mode setup
Aug 02 01:44:16 zfsnvme-target kernel: x2apic enabled
Aug 02 01:44:16 zfsnvme-target kernel: APIC: Switched APIC routing to: physical x2apic
Aug 02 01:44:16 zfsnvme-target kernel: kvm-guest: APIC: send_IPI_mask() replaced with kvm_send_ipi_mask()
Aug 02 01:44:16 zfsnvme-target kernel: kvm-guest: APIC: send_IPI_mask_allbutself() replaced with kvm_send_ipi_mask_allbutself()
Aug 02 01:44:16 zfsnvme-target kernel: kvm-guest: setup PV IPIs
Aug 02 01:44:16 zfsnvme-target kernel: tsc: Marking TSC unstable due to TSCs unsynchronized
Aug 02 01:44:16 zfsnvme-target kernel: Calibrating delay loop (skipped) preset value.. 7386.12 BogoMIPS (lpj=3693060)
Aug 02 01:44:16 zfsnvme-target kernel: x86/cpu: User Mode Instruction Prevention (UMIP) activated
Aug 02 01:44:16 zfsnvme-target kernel: Last level iTLB entries: 4KB 512, 2MB 255, 4MB 127
Aug 02 01:44:16 zfsnvme-target kernel: Last level dTLB entries: 4KB 512, 2MB 255, 4MB 127, 1GB 0
Aug 02 01:44:16 zfsnvme-target kernel: Spectre V1 : Mitigation: usercopy/swapgs barriers and __user pointer sanitization
Aug 02 01:44:16 zfsnvme-target kernel: Spectre V2 : Mitigation: Retpolines
Aug 02 01:44:16 zfsnvme-target kernel: Spectre V2 : Spectre v2 / SpectreRSB: Filling RSB on context switch and VMEXIT
Aug 02 01:44:16 zfsnvme-target kernel: Spectre V2 : Enabling Restricted Speculation for firmware calls
Aug 02 01:44:16 zfsnvme-target kernel: Spectre V2 : mitigation: Enabling conditional Indirect Branch Prediction Barrier
Aug 02 01:44:16 zfsnvme-target kernel: Speculative Store Bypass: Mitigation: Speculative Store Bypass disabled via prctl
Aug 02 01:44:16 zfsnvme-target kernel: active return thunk: srso_alias_return_thunk
Aug 02 01:44:16 zfsnvme-target kernel: Speculative Return Stack Overflow: Mitigation: Safe RET
Aug 02 01:44:16 zfsnvme-target kernel: Transient Scheduler Attacks: Forcing mitigation on in a VM
Aug 02 01:44:16 zfsnvme-target kernel: Transient Scheduler Attacks: Vulnerable: Clear CPU buffers attempted, no microcode
Aug 02 01:44:16 zfsnvme-target kernel: x86/fpu: Supporting XSAVE feature 0x001: 'x87 floating point registers'
Aug 02 01:44:16 zfsnvme-target kernel: x86/fpu: Supporting XSAVE feature 0x002: 'SSE registers'
Aug 02 01:44:16 zfsnvme-target kernel: x86/fpu: Supporting XSAVE feature 0x004: 'AVX registers'
Aug 02 01:44:16 zfsnvme-target kernel: x86/fpu: Supporting XSAVE feature 0x200: 'Protection Keys User registers'
Aug 02 01:44:16 zfsnvme-target kernel: x86/fpu: xstate_offset[2]:  576, xstate_sizes[2]:  256
Aug 02 01:44:16 zfsnvme-target kernel: x86/fpu: xstate_offset[9]:  832, xstate_sizes[9]:    8
Aug 02 01:44:16 zfsnvme-target kernel: x86/fpu: Enabled xstate features 0x207, context size is 840 bytes, using 'compacted' format.
Aug 02 01:44:16 zfsnvme-target kernel: Freeing SMP alternatives memory: 48K
Aug 02 01:44:16 zfsnvme-target kernel: pid_max: default: 32768 minimum: 301
Aug 02 01:44:16 zfsnvme-target kernel: LSM: initializing lsm=lockdown,capability,landlock,yama,apparmor,integrity
Aug 02 01:44:16 zfsnvme-target kernel: landlock: Up and running.
Aug 02 01:44:16 zfsnvme-target kernel: Yama: becoming mindful.
Aug 02 01:44:16 zfsnvme-target kernel: AppArmor: AppArmor initialized
Aug 02 01:44:16 zfsnvme-target kernel: Mount-cache hash table entries: 4096 (order: 3, 32768 bytes, linear)
Aug 02 01:44:16 zfsnvme-target kernel: Mountpoint-cache hash table entries: 4096 (order: 3, 32768 bytes, linear)
Aug 02 01:44:16 zfsnvme-target kernel: smpboot: CPU0: AMD Ryzen 9 5900X 12-Core Processor (family: 0x19, model: 0x21, stepping: 0x2)
Aug 02 01:44:16 zfsnvme-target kernel: Performance Events: Fam17h+ core perfctr, AMD PMU driver.
Aug 02 01:44:16 zfsnvme-target kernel: ... version:                0
Aug 02 01:44:16 zfsnvme-target kernel: ... bit width:              48
Aug 02 01:44:16 zfsnvme-target kernel: ... generic registers:      6
Aug 02 01:44:16 zfsnvme-target kernel: ... value mask:             0000ffffffffffff
Aug 02 01:44:16 zfsnvme-target kernel: ... max period:             00007fffffffffff
Aug 02 01:44:16 zfsnvme-target kernel: ... fixed-purpose events:   0
Aug 02 01:44:16 zfsnvme-target kernel: ... event mask:             000000000000003f
Aug 02 01:44:16 zfsnvme-target kernel: signal: max sigframe size: 3376
Aug 02 01:44:16 zfsnvme-target kernel: rcu: Hierarchical SRCU implementation.
Aug 02 01:44:16 zfsnvme-target kernel: rcu:         Max phase no-delay instances is 400.
Aug 02 01:44:16 zfsnvme-target kernel: smp: Bringing up secondary CPUs ...
Aug 02 01:44:16 zfsnvme-target kernel: smpboot: x86: Booting SMP configuration:
Aug 02 01:44:16 zfsnvme-target kernel: .... node  #0, CPUs:      #1
Aug 02 01:44:16 zfsnvme-target kernel: smp: Brought up 1 node, 2 CPUs
Aug 02 01:44:16 zfsnvme-target kernel: smpboot: Max logical packages: 1
Aug 02 01:44:16 zfsnvme-target kernel: smpboot: Total of 2 processors activated (14772.24 BogoMIPS)
Aug 02 01:44:16 zfsnvme-target kernel: devtmpfs: initialized
Aug 02 01:44:16 zfsnvme-target kernel: x86/mm: Memory block size: 128MB
Aug 02 01:44:16 zfsnvme-target kernel: clocksource: jiffies: mask: 0xffffffff max_cycles: 0xffffffff, max_idle_ns: 1911260446275000 ns
Aug 02 01:44:16 zfsnvme-target kernel: futex hash table entries: 512 (order: 3, 32768 bytes, linear)
Aug 02 01:44:16 zfsnvme-target kernel: pinctrl core: initialized pinctrl subsystem
Aug 02 01:44:16 zfsnvme-target kernel: PM: RTC time: 01:44:12, date: 2026-08-02
Aug 02 01:44:16 zfsnvme-target kernel: NET: Registered PF_NETLINK/PF_ROUTE protocol family
Aug 02 01:44:16 zfsnvme-target kernel: DMA: preallocated 256 KiB GFP_KERNEL pool for atomic allocations
Aug 02 01:44:16 zfsnvme-target kernel: DMA: preallocated 256 KiB GFP_KERNEL|GFP_DMA pool for atomic allocations
Aug 02 01:44:16 zfsnvme-target kernel: DMA: preallocated 256 KiB GFP_KERNEL|GFP_DMA32 pool for atomic allocations
Aug 02 01:44:16 zfsnvme-target kernel: audit: initializing netlink subsys (disabled)
Aug 02 01:44:16 zfsnvme-target kernel: audit: type=2000 audit(1785635052.987:1): state=initialized audit_enabled=0 res=1
Aug 02 01:44:16 zfsnvme-target kernel: thermal_sys: Registered thermal governor 'fair_share'
Aug 02 01:44:16 zfsnvme-target kernel: thermal_sys: Registered thermal governor 'bang_bang'
Aug 02 01:44:16 zfsnvme-target kernel: thermal_sys: Registered thermal governor 'step_wise'
Aug 02 01:44:16 zfsnvme-target kernel: thermal_sys: Registered thermal governor 'user_space'
Aug 02 01:44:16 zfsnvme-target kernel: thermal_sys: Registered thermal governor 'power_allocator'
Aug 02 01:44:16 zfsnvme-target kernel: cpuidle: using governor ladder
Aug 02 01:44:16 zfsnvme-target kernel: cpuidle: using governor menu
Aug 02 01:44:16 zfsnvme-target kernel: acpiphp: ACPI Hot Plug PCI Controller Driver version: 0.5
Aug 02 01:44:16 zfsnvme-target kernel: PCI: ECAM [mem 0xb0000000-0xbfffffff] (base 0xb0000000) for domain 0000 [bus 00-ff]
Aug 02 01:44:16 zfsnvme-target kernel: PCI: ECAM [mem 0xb0000000-0xbfffffff] reserved as E820 entry
Aug 02 01:44:16 zfsnvme-target kernel: PCI: Using configuration type 1 for base access
Aug 02 01:44:16 zfsnvme-target kernel: kprobes: kprobe jump-optimization is enabled. All kprobes are optimized if possible.
Aug 02 01:44:16 zfsnvme-target kernel: HugeTLB: registered 1.00 GiB page size, pre-allocated 0 pages
Aug 02 01:44:16 zfsnvme-target kernel: HugeTLB: 16380 KiB vmemmap can be freed for a 1.00 GiB page
Aug 02 01:44:16 zfsnvme-target kernel: HugeTLB: registered 2.00 MiB page size, pre-allocated 0 pages
Aug 02 01:44:16 zfsnvme-target kernel: HugeTLB: 28 KiB vmemmap can be freed for a 2.00 MiB page
Aug 02 01:44:16 zfsnvme-target kernel: ACPI: Added _OSI(Module Device)
Aug 02 01:44:16 zfsnvme-target kernel: ACPI: Added _OSI(Processor Device)
Aug 02 01:44:16 zfsnvme-target kernel: ACPI: Added _OSI(Processor Aggregator Device)
Aug 02 01:44:16 zfsnvme-target kernel: ACPI: 2 ACPI AML tables successfully acquired and loaded
Aug 02 01:44:16 zfsnvme-target kernel: ACPI: _OSC evaluation for CPUs failed, trying _PDC
Aug 02 01:44:16 zfsnvme-target kernel: ACPI: Interpreter enabled
Aug 02 01:44:16 zfsnvme-target kernel: ACPI: PM: (supports S0 S5)
Aug 02 01:44:16 zfsnvme-target kernel: ACPI: Using IOAPIC for interrupt routing
Aug 02 01:44:16 zfsnvme-target kernel: PCI: Using host bridge windows from ACPI; if necessary, use "pci=nocrs" and report a bug
Aug 02 01:44:17 zfsnvme-target kernel: PCI: Using E820 reservations for host bridge windows
Aug 02 01:44:17 zfsnvme-target kernel: ACPI: Enabled 3 GPEs in block 00 to 3F
Aug 02 01:44:17 zfsnvme-target kernel: ACPI: PCI Root Bridge [PCI0] (domain 0000 [bus 00-ff])
Aug 02 01:44:17 zfsnvme-target kernel: acpi PNP0A08:00: _OSC: OS supports [ExtendedConfig ASPM ClockPM Segments MSI EDR HPX-Type3]
Aug 02 01:44:17 zfsnvme-target kernel: acpi PNP0A08:00: _OSC: platform does not support [PCIeHotplug LTR DPC]
Aug 02 01:44:17 zfsnvme-target kernel: acpi PNP0A08:00: _OSC: OS now controls [SHPCHotplug PME AER PCIeCapability]
Aug 02 01:44:17 zfsnvme-target kernel: PCI host bridge to bus 0000:00
Aug 02 01:44:17 zfsnvme-target kernel: pci_bus 0000:00: root bus resource [io  0x0000-0x0cf7 window]
Aug 02 01:44:17 zfsnvme-target kernel: pci_bus 0000:00: root bus resource [io  0x0d00-0xffff window]
Aug 02 01:44:17 zfsnvme-target kernel: pci_bus 0000:00: root bus resource [mem 0x000a0000-0x000bffff window]
Aug 02 01:44:17 zfsnvme-target kernel: pci_bus 0000:00: root bus resource [mem 0x80000000-0xafffffff window]
Aug 02 01:44:17 zfsnvme-target kernel: pci_bus 0000:00: root bus resource [mem 0xc0000000-0xfebfffff window]
Aug 02 01:44:17 zfsnvme-target kernel: pci_bus 0000:00: root bus resource [mem 0x100000000-0x8ffffffff window]
Aug 02 01:44:17 zfsnvme-target kernel: pci_bus 0000:00: root bus resource [bus 00-ff]
Aug 02 01:44:17 zfsnvme-target kernel: pci 0000:00:00.0: [8086:29c0] type 00 class 0x060000 conventional PCI endpoint
Aug 02 01:44:17 zfsnvme-target kernel: pci 0000:00:01.0: [1234:1111] type 00 class 0x030000 conventional PCI endpoint
Aug 02 01:44:17 zfsnvme-target kernel: pci 0000:00:01.0: BAR 0 [mem 0xfb000000-0xfbffffff pref]
Aug 02 01:44:17 zfsnvme-target kernel: pci 0000:00:01.0: BAR 2 [mem 0xfea14000-0xfea14fff]
Aug 02 01:44:17 zfsnvme-target kernel: pci 0000:00:01.0: ROM [mem 0xfea00000-0xfea0ffff pref]
Aug 02 01:44:17 zfsnvme-target kernel: pci 0000:00:01.0: Video device with shadowed ROM at [mem 0x000c0000-0x000dffff]
Aug 02 01:44:17 zfsnvme-target kernel: pci 0000:00:1a.0: [8086:2937] type 00 class 0x0c0300 conventional PCI endpoint
Aug 02 01:44:17 zfsnvme-target kernel: pci 0000:00:1a.0: BAR 4 [io  0x5040-0x505f]
Aug 02 01:44:17 zfsnvme-target kernel: pci 0000:00:1a.1: [8086:2938] type 00 class 0x0c0300 conventional PCI endpoint
Aug 02 01:44:17 zfsnvme-target kernel: pci 0000:00:1a.1: BAR 4 [io  0x5060-0x507f]
Aug 02 01:44:17 zfsnvme-target kernel: pci 0000:00:1a.2: [8086:2939] type 00 class 0x0c0300 conventional PCI endpoint
Aug 02 01:44:17 zfsnvme-target kernel: pci 0000:00:1a.2: BAR 4 [io  0x5080-0x509f]
Aug 02 01:44:17 zfsnvme-target kernel: pci 0000:00:1a.7: [8086:293c] type 00 class 0x0c0320 conventional PCI endpoint
Aug 02 01:44:17 zfsnvme-target kernel: pci 0000:00:1a.7: BAR 0 [mem 0xfea15000-0xfea15fff]
Aug 02 01:44:17 zfsnvme-target kernel: pci 0000:00:1b.0: [8086:293e] type 00 class 0x040300 conventional PCI endpoint
Aug 02 01:44:17 zfsnvme-target kernel: pci 0000:00:1b.0: BAR 0 [mem 0xfea10000-0xfea13fff]
Aug 02 01:44:17 zfsnvme-target kernel: pci 0000:00:1c.0: [1b36:000c] type 01 class 0x060400 PCIe Root Port
Aug 02 01:44:17 zfsnvme-target kernel: pci 0000:00:1c.0: BAR 0 [mem 0xfea16000-0xfea16fff]
Aug 02 01:44:17 zfsnvme-target kernel: pci 0000:00:1c.0: PCI bridge to [bus 01]
Aug 02 01:44:17 zfsnvme-target kernel: pci 0000:00:1c.0:   bridge window [mem 0xfe800000-0xfe9fffff]
Aug 02 01:44:17 zfsnvme-target kernel: pci 0000:00:1c.0:   bridge window [mem 0xfce00000-0xfcffffff 64bit pref]
Aug 02 01:44:17 zfsnvme-target kernel: pci 0000:00:1c.0: enabling Extended Tags
Aug 02 01:44:17 zfsnvme-target kernel: pci 0000:00:1c.1: [1b36:000c] type 01 class 0x060400 PCIe Root Port
Aug 02 01:44:17 zfsnvme-target kernel: pci 0000:00:1c.1: BAR 0 [mem 0xfea17000-0xfea17fff]
Aug 02 01:44:17 zfsnvme-target kernel: pci 0000:00:1c.1: PCI bridge to [bus 02]
Aug 02 01:44:17 zfsnvme-target kernel: pci 0000:00:1c.1:   bridge window [mem 0xfe600000-0xfe7fffff]
Aug 02 01:44:17 zfsnvme-target kernel: pci 0000:00:1c.1:   bridge window [mem 0xfcc00000-0xfcdfffff 64bit pref]
Aug 02 01:44:17 zfsnvme-target kernel: pci 0000:00:1c.1: enabling Extended Tags
Aug 02 01:44:17 zfsnvme-target kernel: pci 0000:00:1c.2: [1b36:000c] type 01 class 0x060400 PCIe Root Port
Aug 02 01:44:17 zfsnvme-target kernel: pci 0000:00:1c.2: BAR 0 [mem 0xfea18000-0xfea18fff]
Aug 02 01:44:17 zfsnvme-target kernel: pci 0000:00:1c.2: PCI bridge to [bus 03]
Aug 02 01:44:17 zfsnvme-target kernel: pci 0000:00:1c.2:   bridge window [mem 0xfe400000-0xfe5fffff]
Aug 02 01:44:17 zfsnvme-target kernel: pci 0000:00:1c.2:   bridge window [mem 0xfca00000-0xfcbfffff 64bit pref]
Aug 02 01:44:17 zfsnvme-target kernel: pci 0000:00:1c.2: enabling Extended Tags
Aug 02 01:44:17 zfsnvme-target kernel: pci 0000:00:1c.3: [1b36:000c] type 01 class 0x060400 PCIe Root Port
Aug 02 01:44:17 zfsnvme-target kernel: pci 0000:00:1c.3: BAR 0 [mem 0xfea19000-0xfea19fff]
Aug 02 01:44:17 zfsnvme-target kernel: pci 0000:00:1c.3: PCI bridge to [bus 04]
Aug 02 01:44:17 zfsnvme-target kernel: pci 0000:00:1c.3:   bridge window [mem 0xfe200000-0xfe3fffff]
Aug 02 01:44:17 zfsnvme-target kernel: pci 0000:00:1c.3:   bridge window [mem 0xfc800000-0xfc9fffff 64bit pref]
Aug 02 01:44:17 zfsnvme-target kernel: pci 0000:00:1c.3: enabling Extended Tags
Aug 02 01:44:17 zfsnvme-target kernel: pci 0000:00:1d.0: [8086:2934] type 00 class 0x0c0300 conventional PCI endpoint
Aug 02 01:44:17 zfsnvme-target kernel: pci 0000:00:1d.0: BAR 4 [io  0x50a0-0x50bf]
Aug 02 01:44:17 zfsnvme-target kernel: pci 0000:00:1d.1: [8086:2935] type 00 class 0x0c0300 conventional PCI endpoint
Aug 02 01:44:17 zfsnvme-target kernel: pci 0000:00:1d.1: BAR 4 [io  0x50c0-0x50df]
Aug 02 01:44:17 zfsnvme-target kernel: pci 0000:00:1d.2: [8086:2936] type 00 class 0x0c0300 conventional PCI endpoint
Aug 02 01:44:17 zfsnvme-target kernel: pci 0000:00:1d.2: BAR 4 [io  0x50e0-0x50ff]
Aug 02 01:44:17 zfsnvme-target kernel: pci 0000:00:1d.7: [8086:293a] type 00 class 0x0c0320 conventional PCI endpoint
Aug 02 01:44:17 zfsnvme-target kernel: pci 0000:00:1d.7: BAR 0 [mem 0xfea1a000-0xfea1afff]
Aug 02 01:44:17 zfsnvme-target kernel: pci 0000:00:1e.0: [8086:244e] type 01 class 0x060401 conventional PCI bridge
Aug 02 01:44:17 zfsnvme-target kernel: pci 0000:00:1e.0: PCI bridge to [bus 05-09] (subtractive decode)
Aug 02 01:44:17 zfsnvme-target kernel: pci 0000:00:1e.0:   bridge window [io  0x1000-0x4fff]
Aug 02 01:44:17 zfsnvme-target kernel: pci 0000:00:1e.0:   bridge window [mem 0xfd800000-0xfe1fffff]
Aug 02 01:44:17 zfsnvme-target kernel: pci 0000:00:1e.0:   bridge window [mem 0xfc000000-0xfc7fffff 64bit pref]
Aug 02 01:44:17 zfsnvme-target kernel: pci 0000:00:1f.0: [8086:2918] type 00 class 0x060100 conventional PCI endpoint
Aug 02 01:44:17 zfsnvme-target kernel: pci 0000:00:1f.0: quirk: [io  0x0600-0x067f] claimed by ICH6 ACPI/GPIO/TCO
Aug 02 01:44:17 zfsnvme-target kernel: pci 0000:00:1f.2: [8086:2922] type 00 class 0x010601 conventional PCI endpoint
Aug 02 01:44:17 zfsnvme-target kernel: pci 0000:00:1f.2: BAR 4 [io  0x5100-0x511f]
Aug 02 01:44:17 zfsnvme-target kernel: pci 0000:00:1f.2: BAR 5 [mem 0xfea1b000-0xfea1bfff]
Aug 02 01:44:17 zfsnvme-target kernel: pci 0000:00:1f.3: [8086:2930] type 00 class 0x0c0500 conventional PCI endpoint
Aug 02 01:44:17 zfsnvme-target kernel: pci 0000:00:1f.3: BAR 4 [io  0x0700-0x073f]
Aug 02 01:44:17 zfsnvme-target kernel: acpiphp: Slot [0] registered
Aug 02 01:44:17 zfsnvme-target kernel: pci 0000:00:1c.0: PCI bridge to [bus 01]
Aug 02 01:44:17 zfsnvme-target kernel: acpiphp: Slot [0-2] registered
Aug 02 01:44:17 zfsnvme-target kernel: pci 0000:00:1c.1: PCI bridge to [bus 02]
Aug 02 01:44:17 zfsnvme-target kernel: acpiphp: Slot [0-3] registered
Aug 02 01:44:17 zfsnvme-target kernel: pci 0000:00:1c.2: PCI bridge to [bus 03]
Aug 02 01:44:17 zfsnvme-target kernel: acpiphp: Slot [0-4] registered
Aug 02 01:44:17 zfsnvme-target kernel: pci 0000:00:1c.3: PCI bridge to [bus 04]
Aug 02 01:44:17 zfsnvme-target kernel: pci_bus 0000:05: extended config space not accessible
Aug 02 01:44:17 zfsnvme-target kernel: acpiphp: Slot [0-5] registered
Aug 02 01:44:17 zfsnvme-target kernel: acpiphp: Slot [5] registered
Aug 02 01:44:17 zfsnvme-target kernel: acpiphp: Slot [6] registered
Aug 02 01:44:17 zfsnvme-target kernel: acpiphp: Slot [7] registered
Aug 02 01:44:17 zfsnvme-target kernel: acpiphp: Slot [8] registered
Aug 02 01:44:17 zfsnvme-target kernel: acpiphp: Slot [9] registered
Aug 02 01:44:17 zfsnvme-target kernel: acpiphp: Slot [10] registered
Aug 02 01:44:17 zfsnvme-target kernel: acpiphp: Slot [11] registered
Aug 02 01:44:17 zfsnvme-target kernel: acpiphp: Slot [12] registered
Aug 02 01:44:17 zfsnvme-target kernel: acpiphp: Slot [13] registered
Aug 02 01:44:17 zfsnvme-target kernel: acpiphp: Slot [14] registered
Aug 02 01:44:17 zfsnvme-target kernel: acpiphp: Slot [15] registered
Aug 02 01:44:17 zfsnvme-target kernel: acpiphp: Slot [16] registered
Aug 02 01:44:17 zfsnvme-target kernel: acpiphp: Slot [17] registered
Aug 02 01:44:17 zfsnvme-target kernel: acpiphp: Slot [18] registered
Aug 02 01:44:17 zfsnvme-target kernel: acpiphp: Slot [19] registered
Aug 02 01:44:17 zfsnvme-target kernel: acpiphp: Slot [20] registered
Aug 02 01:44:17 zfsnvme-target kernel: acpiphp: Slot [21] registered
Aug 02 01:44:17 zfsnvme-target kernel: acpiphp: Slot [22] registered
Aug 02 01:44:17 zfsnvme-target kernel: acpiphp: Slot [23] registered
Aug 02 01:44:17 zfsnvme-target kernel: acpiphp: Slot [24] registered
Aug 02 01:44:17 zfsnvme-target kernel: acpiphp: Slot [25] registered
Aug 02 01:44:17 zfsnvme-target kernel: acpiphp: Slot [26] registered
Aug 02 01:44:17 zfsnvme-target kernel: acpiphp: Slot [27] registered
Aug 02 01:44:17 zfsnvme-target kernel: acpiphp: Slot [28] registered
Aug 02 01:44:17 zfsnvme-target kernel: acpiphp: Slot [29] registered
Aug 02 01:44:17 zfsnvme-target kernel: acpiphp: Slot [30] registered
Aug 02 01:44:17 zfsnvme-target kernel: acpiphp: Slot [31] registered
Aug 02 01:44:17 zfsnvme-target kernel: pci 0000:05:01.0: [1b36:0001] type 01 class 0x060400 conventional PCI bridge
Aug 02 01:44:17 zfsnvme-target kernel: pci 0000:05:01.0: BAR 0 [mem 0xfe000000-0xfe0000ff 64bit]
Aug 02 01:44:17 zfsnvme-target kernel: pci 0000:05:01.0: PCI bridge to [bus 06]
Aug 02 01:44:17 zfsnvme-target kernel: pci 0000:05:01.0:   bridge window [io  0x4000-0x4fff]
Aug 02 01:44:17 zfsnvme-target kernel: pci 0000:05:01.0:   bridge window [mem 0xfde00000-0xfdffffff]
Aug 02 01:44:17 zfsnvme-target kernel: pci 0000:05:01.0:   bridge window [mem 0xfc600000-0xfc7fffff 64bit pref]
Aug 02 01:44:17 zfsnvme-target kernel: pci 0000:05:02.0: [1b36:0001] type 01 class 0x060400 conventional PCI bridge
Aug 02 01:44:17 zfsnvme-target kernel: pci 0000:05:02.0: BAR 0 [mem 0xfe001000-0xfe0010ff 64bit]
Aug 02 01:44:17 zfsnvme-target kernel: pci 0000:05:02.0: PCI bridge to [bus 07]
Aug 02 01:44:17 zfsnvme-target kernel: pci 0000:05:02.0:   bridge window [io  0x3000-0x3fff]
Aug 02 01:44:17 zfsnvme-target kernel: pci 0000:05:02.0:   bridge window [mem 0xfdc00000-0xfddfffff]
Aug 02 01:44:17 zfsnvme-target kernel: pci 0000:05:02.0:   bridge window [mem 0xfc400000-0xfc5fffff 64bit pref]
Aug 02 01:44:17 zfsnvme-target kernel: pci 0000:05:03.0: [1b36:0001] type 01 class 0x060400 conventional PCI bridge
Aug 02 01:44:17 zfsnvme-target kernel: pci 0000:05:03.0: BAR 0 [mem 0xfe002000-0xfe0020ff 64bit]
Aug 02 01:44:17 zfsnvme-target kernel: pci 0000:05:03.0: PCI bridge to [bus 08]
Aug 02 01:44:17 zfsnvme-target kernel: pci 0000:05:03.0:   bridge window [io  0x2000-0x2fff]
Aug 02 01:44:17 zfsnvme-target kernel: pci 0000:05:03.0:   bridge window [mem 0xfda00000-0xfdbfffff]
Aug 02 01:44:17 zfsnvme-target kernel: pci 0000:05:03.0:   bridge window [mem 0xfc200000-0xfc3fffff 64bit pref]
Aug 02 01:44:17 zfsnvme-target kernel: pci 0000:05:04.0: [1b36:0001] type 01 class 0x060400 conventional PCI bridge
Aug 02 01:44:17 zfsnvme-target kernel: pci 0000:05:04.0: BAR 0 [mem 0xfe003000-0xfe0030ff 64bit]
Aug 02 01:44:17 zfsnvme-target kernel: pci 0000:05:04.0: PCI bridge to [bus 09]
Aug 02 01:44:17 zfsnvme-target kernel: pci 0000:05:04.0:   bridge window [io  0x1000-0x1fff]
Aug 02 01:44:17 zfsnvme-target kernel: pci 0000:05:04.0:   bridge window [mem 0xfd800000-0xfd9fffff]
Aug 02 01:44:17 zfsnvme-target kernel: pci 0000:05:04.0:   bridge window [mem 0xfc000000-0xfc1fffff 64bit pref]
Aug 02 01:44:17 zfsnvme-target kernel: pci 0000:00:1e.0: PCI bridge to [bus 05-09] (subtractive decode)
Aug 02 01:44:17 zfsnvme-target kernel: pci 0000:00:1e.0:   bridge window [io  0x0000-0x0cf7 window] (subtractive decode)
Aug 02 01:44:17 zfsnvme-target kernel: pci 0000:00:1e.0:   bridge window [io  0x0d00-0xffff window] (subtractive decode)
Aug 02 01:44:17 zfsnvme-target kernel: pci 0000:00:1e.0:   bridge window [mem 0x000a0000-0x000bffff window] (subtractive decode)
Aug 02 01:44:17 zfsnvme-target kernel: pci 0000:00:1e.0:   bridge window [mem 0x80000000-0xafffffff window] (subtractive decode)
Aug 02 01:44:17 zfsnvme-target kernel: pci 0000:00:1e.0:   bridge window [mem 0xc0000000-0xfebfffff window] (subtractive decode)
Aug 02 01:44:17 zfsnvme-target kernel: pci 0000:00:1e.0:   bridge window [mem 0x100000000-0x8ffffffff window] (subtractive decode)
Aug 02 01:44:17 zfsnvme-target kernel: pci_bus 0000:06: extended config space not accessible
Aug 02 01:44:17 zfsnvme-target kernel: acpiphp: Slot [5-2] registered
Aug 02 01:44:17 zfsnvme-target kernel: acpiphp: Slot [8-2] registered
Aug 02 01:44:17 zfsnvme-target kernel: acpiphp: Slot [18-2] registered
Aug 02 01:44:17 zfsnvme-target kernel: acpiphp: Slot [19-2] registered
Aug 02 01:44:17 zfsnvme-target kernel: acpiphp: Slot [20-2] registered
Aug 02 01:44:17 zfsnvme-target kernel: acpiphp: Slot [21-2] registered
Aug 02 01:44:17 zfsnvme-target kernel: acpiphp: Slot [0-6] registered
Aug 02 01:44:17 zfsnvme-target kernel: acpiphp: Slot [1] registered
Aug 02 01:44:17 zfsnvme-target kernel: acpiphp: Slot [2] registered
Aug 02 01:44:17 zfsnvme-target kernel: acpiphp: Slot [3] registered
Aug 02 01:44:17 zfsnvme-target kernel: acpiphp: Slot [4] registered
Aug 02 01:44:17 zfsnvme-target kernel: acpiphp: Slot [6-2] registered
Aug 02 01:44:17 zfsnvme-target kernel: acpiphp: Slot [7-2] registered
Aug 02 01:44:17 zfsnvme-target kernel: acpiphp: Slot [9-2] registered
Aug 02 01:44:17 zfsnvme-target kernel: acpiphp: Slot [10-2] registered
Aug 02 01:44:17 zfsnvme-target kernel: acpiphp: Slot [11-2] registered
Aug 02 01:44:17 zfsnvme-target kernel: acpiphp: Slot [12-2] registered
Aug 02 01:44:17 zfsnvme-target kernel: acpiphp: Slot [13-2] registered
Aug 02 01:44:17 zfsnvme-target kernel: acpiphp: Slot [14-2] registered
Aug 02 01:44:17 zfsnvme-target kernel: acpiphp: Slot [15-2] registered
Aug 02 01:44:17 zfsnvme-target kernel: acpiphp: Slot [16-2] registered
Aug 02 01:44:17 zfsnvme-target kernel: acpiphp: Slot [17-2] registered
Aug 02 01:44:17 zfsnvme-target kernel: acpiphp: Slot [22-2] registered
Aug 02 01:44:17 zfsnvme-target kernel: acpiphp: Slot [23-2] registered
Aug 02 01:44:17 zfsnvme-target kernel: acpiphp: Slot [24-2] registered
Aug 02 01:44:17 zfsnvme-target kernel: acpiphp: Slot [25-2] registered
Aug 02 01:44:17 zfsnvme-target kernel: acpiphp: Slot [26-2] registered
Aug 02 01:44:17 zfsnvme-target kernel: acpiphp: Slot [27-2] registered
Aug 02 01:44:17 zfsnvme-target kernel: acpiphp: Slot [28-2] registered
Aug 02 01:44:17 zfsnvme-target kernel: acpiphp: Slot [29-2] registered
Aug 02 01:44:17 zfsnvme-target kernel: acpiphp: Slot [30-2] registered
Aug 02 01:44:17 zfsnvme-target kernel: acpiphp: Slot [31-2] registered
Aug 02 01:44:17 zfsnvme-target kernel: pci 0000:06:05.0: [1af4:1004] type 00 class 0x010000 conventional PCI endpoint
Aug 02 01:44:17 zfsnvme-target kernel: pci 0000:06:05.0: BAR 0 [io  0x4000-0x403f]
Aug 02 01:44:17 zfsnvme-target kernel: pci 0000:06:05.0: BAR 1 [mem 0xfdf00000-0xfdf00fff]
Aug 02 01:44:17 zfsnvme-target kernel: pci 0000:06:05.0: BAR 4 [mem 0xfc600000-0xfc603fff 64bit pref]
Aug 02 01:44:17 zfsnvme-target kernel: pci 0000:06:08.0: [1af4:1003] type 00 class 0x078000 conventional PCI endpoint
Aug 02 01:44:17 zfsnvme-target kernel: pci 0000:06:08.0: BAR 0 [io  0x4040-0x407f]
Aug 02 01:44:17 zfsnvme-target kernel: pci 0000:06:08.0: BAR 1 [mem 0xfdf01000-0xfdf01fff]
Aug 02 01:44:17 zfsnvme-target kernel: pci 0000:06:08.0: BAR 4 [mem 0xfc604000-0xfc607fff 64bit pref]
Aug 02 01:44:17 zfsnvme-target kernel: pci 0000:06:12.0: [1af4:1000] type 00 class 0x020000 conventional PCI endpoint
Aug 02 01:44:17 zfsnvme-target kernel: pci 0000:06:12.0: BAR 0 [io  0x4080-0x40bf]
Aug 02 01:44:17 zfsnvme-target kernel: pci 0000:06:12.0: BAR 1 [mem 0xfdf02000-0xfdf02fff]
Aug 02 01:44:17 zfsnvme-target kernel: pci 0000:06:12.0: BAR 4 [mem 0xfc608000-0xfc60bfff 64bit pref]
Aug 02 01:44:17 zfsnvme-target kernel: pci 0000:06:12.0: ROM [mem 0xfde00000-0xfde3ffff pref]
Aug 02 01:44:17 zfsnvme-target kernel: pci 0000:06:13.0: [1af4:1000] type 00 class 0x020000 conventional PCI endpoint
Aug 02 01:44:17 zfsnvme-target kernel: pci 0000:06:13.0: BAR 0 [io  0x40c0-0x40ff]
Aug 02 01:44:17 zfsnvme-target kernel: pci 0000:06:13.0: BAR 1 [mem 0xfdf03000-0xfdf03fff]
Aug 02 01:44:17 zfsnvme-target kernel: pci 0000:06:13.0: BAR 4 [mem 0xfc60c000-0xfc60ffff 64bit pref]
Aug 02 01:44:17 zfsnvme-target kernel: pci 0000:06:13.0: ROM [mem 0xfde40000-0xfde7ffff pref]
Aug 02 01:44:17 zfsnvme-target kernel: pci 0000:06:14.0: [1af4:1000] type 00 class 0x020000 conventional PCI endpoint
Aug 02 01:44:17 zfsnvme-target kernel: pci 0000:06:14.0: BAR 0 [io  0x4100-0x413f]
Aug 02 01:44:17 zfsnvme-target kernel: pci 0000:06:14.0: BAR 1 [mem 0xfdf04000-0xfdf04fff]
Aug 02 01:44:17 zfsnvme-target kernel: pci 0000:06:14.0: BAR 4 [mem 0xfc610000-0xfc613fff 64bit pref]
Aug 02 01:44:17 zfsnvme-target kernel: pci 0000:06:14.0: ROM [mem 0xfde80000-0xfdebffff pref]
Aug 02 01:44:17 zfsnvme-target kernel: pci 0000:06:15.0: [1af4:1000] type 00 class 0x020000 conventional PCI endpoint
Aug 02 01:44:17 zfsnvme-target kernel: pci 0000:06:15.0: BAR 0 [io  0x4140-0x417f]
Aug 02 01:44:17 zfsnvme-target kernel: pci 0000:06:15.0: BAR 1 [mem 0xfdf05000-0xfdf05fff]
Aug 02 01:44:17 zfsnvme-target kernel: pci 0000:06:15.0: BAR 4 [mem 0xfc614000-0xfc617fff 64bit pref]
Aug 02 01:44:17 zfsnvme-target kernel: pci 0000:06:15.0: ROM [mem 0xfdec0000-0xfdefffff pref]
Aug 02 01:44:17 zfsnvme-target kernel: pci 0000:05:01.0: PCI bridge to [bus 06]
Aug 02 01:44:17 zfsnvme-target kernel: pci_bus 0000:07: extended config space not accessible
Aug 02 01:44:17 zfsnvme-target kernel: acpiphp: Slot [0-7] registered
Aug 02 01:44:17 zfsnvme-target kernel: acpiphp: Slot [1-2] registered
Aug 02 01:44:17 zfsnvme-target kernel: acpiphp: Slot [2-2] registered
Aug 02 01:44:17 zfsnvme-target kernel: acpiphp: Slot [3-2] registered
Aug 02 01:44:17 zfsnvme-target kernel: acpiphp: Slot [4-2] registered
Aug 02 01:44:17 zfsnvme-target kernel: acpiphp: Slot [5-3] registered
Aug 02 01:44:17 zfsnvme-target kernel: acpiphp: Slot [6-3] registered
Aug 02 01:44:17 zfsnvme-target kernel: acpiphp: Slot [7-3] registered
Aug 02 01:44:17 zfsnvme-target kernel: acpiphp: Slot [8-3] registered
Aug 02 01:44:17 zfsnvme-target kernel: acpiphp: Slot [9-3] registered
Aug 02 01:44:17 zfsnvme-target kernel: acpiphp: Slot [10-3] registered
Aug 02 01:44:17 zfsnvme-target kernel: acpiphp: Slot [11-3] registered
Aug 02 01:44:17 zfsnvme-target kernel: acpiphp: Slot [12-3] registered
Aug 02 01:44:17 zfsnvme-target kernel: acpiphp: Slot [13-3] registered
Aug 02 01:44:17 zfsnvme-target kernel: acpiphp: Slot [14-3] registered
Aug 02 01:44:17 zfsnvme-target kernel: acpiphp: Slot [15-3] registered
Aug 02 01:44:17 zfsnvme-target kernel: acpiphp: Slot [16-3] registered
Aug 02 01:44:17 zfsnvme-target kernel: acpiphp: Slot [17-3] registered
Aug 02 01:44:17 zfsnvme-target kernel: acpiphp: Slot [18-3] registered
Aug 02 01:44:17 zfsnvme-target kernel: acpiphp: Slot [19-3] registered
Aug 02 01:44:17 zfsnvme-target kernel: acpiphp: Slot [20-3] registered
Aug 02 01:44:17 zfsnvme-target kernel: acpiphp: Slot [21-3] registered
Aug 02 01:44:17 zfsnvme-target kernel: acpiphp: Slot [22-3] registered
Aug 02 01:44:17 zfsnvme-target kernel: acpiphp: Slot [23-3] registered
Aug 02 01:44:17 zfsnvme-target kernel: acpiphp: Slot [24-3] registered
Aug 02 01:44:17 zfsnvme-target kernel: acpiphp: Slot [25-3] registered
Aug 02 01:44:17 zfsnvme-target kernel: acpiphp: Slot [26-3] registered
Aug 02 01:44:17 zfsnvme-target kernel: acpiphp: Slot [27-3] registered
Aug 02 01:44:17 zfsnvme-target kernel: acpiphp: Slot [28-3] registered
Aug 02 01:44:17 zfsnvme-target kernel: acpiphp: Slot [29-3] registered
Aug 02 01:44:17 zfsnvme-target kernel: acpiphp: Slot [30-3] registered
Aug 02 01:44:17 zfsnvme-target kernel: acpiphp: Slot [31-3] registered
Aug 02 01:44:17 zfsnvme-target kernel: pci 0000:05:02.0: PCI bridge to [bus 07]
Aug 02 01:44:17 zfsnvme-target kernel: pci_bus 0000:08: extended config space not accessible
Aug 02 01:44:17 zfsnvme-target kernel: acpiphp: Slot [0-8] registered
Aug 02 01:44:17 zfsnvme-target kernel: acpiphp: Slot [1-3] registered
Aug 02 01:44:17 zfsnvme-target kernel: acpiphp: Slot [2-3] registered
Aug 02 01:44:17 zfsnvme-target kernel: acpiphp: Slot [3-3] registered
Aug 02 01:44:17 zfsnvme-target kernel: acpiphp: Slot [4-3] registered
Aug 02 01:44:17 zfsnvme-target kernel: acpiphp: Slot [5-4] registered
Aug 02 01:44:17 zfsnvme-target kernel: acpiphp: Slot [6-4] registered
Aug 02 01:44:17 zfsnvme-target kernel: acpiphp: Slot [7-4] registered
Aug 02 01:44:17 zfsnvme-target kernel: acpiphp: Slot [8-4] registered
Aug 02 01:44:17 zfsnvme-target kernel: acpiphp: Slot [9-4] registered
Aug 02 01:44:17 zfsnvme-target kernel: acpiphp: Slot [10-4] registered
Aug 02 01:44:17 zfsnvme-target kernel: acpiphp: Slot [11-4] registered
Aug 02 01:44:17 zfsnvme-target kernel: acpiphp: Slot [12-4] registered
Aug 02 01:44:17 zfsnvme-target kernel: acpiphp: Slot [13-4] registered
Aug 02 01:44:17 zfsnvme-target kernel: acpiphp: Slot [14-4] registered
Aug 02 01:44:17 zfsnvme-target kernel: acpiphp: Slot [15-4] registered
Aug 02 01:44:17 zfsnvme-target kernel: acpiphp: Slot [16-4] registered
Aug 02 01:44:17 zfsnvme-target kernel: acpiphp: Slot [17-4] registered
Aug 02 01:44:17 zfsnvme-target kernel: acpiphp: Slot [18-4] registered
Aug 02 01:44:17 zfsnvme-target kernel: acpiphp: Slot [19-4] registered
Aug 02 01:44:17 zfsnvme-target kernel: acpiphp: Slot [20-4] registered
Aug 02 01:44:17 zfsnvme-target kernel: acpiphp: Slot [21-4] registered
Aug 02 01:44:17 zfsnvme-target kernel: acpiphp: Slot [22-4] registered
Aug 02 01:44:17 zfsnvme-target kernel: acpiphp: Slot [23-4] registered
Aug 02 01:44:17 zfsnvme-target kernel: acpiphp: Slot [24-4] registered
Aug 02 01:44:17 zfsnvme-target kernel: acpiphp: Slot [25-4] registered
Aug 02 01:44:17 zfsnvme-target kernel: acpiphp: Slot [26-4] registered
Aug 02 01:44:17 zfsnvme-target kernel: acpiphp: Slot [27-4] registered
Aug 02 01:44:17 zfsnvme-target kernel: acpiphp: Slot [28-4] registered
Aug 02 01:44:17 zfsnvme-target kernel: acpiphp: Slot [29-4] registered
Aug 02 01:44:17 zfsnvme-target kernel: acpiphp: Slot [30-4] registered
Aug 02 01:44:17 zfsnvme-target kernel: acpiphp: Slot [31-4] registered
Aug 02 01:44:17 zfsnvme-target kernel: pci 0000:05:03.0: PCI bridge to [bus 08]
Aug 02 01:44:17 zfsnvme-target kernel: pci_bus 0000:09: extended config space not accessible
Aug 02 01:44:17 zfsnvme-target kernel: acpiphp: Slot [0-9] registered
Aug 02 01:44:17 zfsnvme-target kernel: acpiphp: Slot [1-4] registered
Aug 02 01:44:17 zfsnvme-target kernel: acpiphp: Slot [2-4] registered
Aug 02 01:44:17 zfsnvme-target kernel: acpiphp: Slot [3-4] registered
Aug 02 01:44:17 zfsnvme-target kernel: acpiphp: Slot [4-4] registered
Aug 02 01:44:17 zfsnvme-target kernel: acpiphp: Slot [5-5] registered
Aug 02 01:44:17 zfsnvme-target kernel: acpiphp: Slot [6-5] registered
Aug 02 01:44:17 zfsnvme-target kernel: acpiphp: Slot [7-5] registered
Aug 02 01:44:17 zfsnvme-target kernel: acpiphp: Slot [8-5] registered
Aug 02 01:44:17 zfsnvme-target kernel: acpiphp: Slot [9-5] registered
Aug 02 01:44:17 zfsnvme-target kernel: acpiphp: Slot [10-5] registered
Aug 02 01:44:17 zfsnvme-target kernel: acpiphp: Slot [11-5] registered
Aug 02 01:44:17 zfsnvme-target kernel: acpiphp: Slot [12-5] registered
Aug 02 01:44:17 zfsnvme-target kernel: acpiphp: Slot [13-5] registered
Aug 02 01:44:17 zfsnvme-target kernel: acpiphp: Slot [14-5] registered
Aug 02 01:44:17 zfsnvme-target kernel: acpiphp: Slot [15-5] registered
Aug 02 01:44:17 zfsnvme-target kernel: acpiphp: Slot [16-5] registered
Aug 02 01:44:17 zfsnvme-target kernel: acpiphp: Slot [17-5] registered
Aug 02 01:44:17 zfsnvme-target kernel: acpiphp: Slot [18-5] registered
Aug 02 01:44:17 zfsnvme-target kernel: acpiphp: Slot [19-5] registered
Aug 02 01:44:17 zfsnvme-target kernel: acpiphp: Slot [20-5] registered
Aug 02 01:44:17 zfsnvme-target kernel: acpiphp: Slot [21-5] registered
Aug 02 01:44:17 zfsnvme-target kernel: acpiphp: Slot [22-5] registered
Aug 02 01:44:17 zfsnvme-target kernel: acpiphp: Slot [23-5] registered
Aug 02 01:44:17 zfsnvme-target kernel: acpiphp: Slot [24-5] registered
Aug 02 01:44:17 zfsnvme-target kernel: acpiphp: Slot [25-5] registered
Aug 02 01:44:17 zfsnvme-target kernel: acpiphp: Slot [26-5] registered
Aug 02 01:44:17 zfsnvme-target kernel: acpiphp: Slot [27-5] registered
Aug 02 01:44:17 zfsnvme-target kernel: acpiphp: Slot [28-5] registered
Aug 02 01:44:17 zfsnvme-target kernel: acpiphp: Slot [29-5] registered
Aug 02 01:44:17 zfsnvme-target kernel: acpiphp: Slot [30-5] registered
Aug 02 01:44:17 zfsnvme-target kernel: acpiphp: Slot [31-5] registered
Aug 02 01:44:17 zfsnvme-target kernel: pci 0000:05:04.0: PCI bridge to [bus 09]
Aug 02 01:44:17 zfsnvme-target kernel: ACPI: PCI: Interrupt link LNKA configured for IRQ 10
Aug 02 01:44:17 zfsnvme-target kernel: ACPI: PCI: Interrupt link LNKB configured for IRQ 10
Aug 02 01:44:17 zfsnvme-target kernel: ACPI: PCI: Interrupt link LNKC configured for IRQ 11
Aug 02 01:44:17 zfsnvme-target kernel: ACPI: PCI: Interrupt link LNKD configured for IRQ 11
Aug 02 01:44:17 zfsnvme-target kernel: ACPI: PCI: Interrupt link LNKE configured for IRQ 10
Aug 02 01:44:17 zfsnvme-target kernel: ACPI: PCI: Interrupt link LNKF configured for IRQ 10
Aug 02 01:44:17 zfsnvme-target kernel: ACPI: PCI: Interrupt link LNKG configured for IRQ 11
Aug 02 01:44:17 zfsnvme-target kernel: ACPI: PCI: Interrupt link LNKH configured for IRQ 11
Aug 02 01:44:17 zfsnvme-target kernel: ACPI: PCI: Interrupt link GSIA configured for IRQ 16
Aug 02 01:44:17 zfsnvme-target kernel: ACPI: PCI: Interrupt link GSIB configured for IRQ 17
Aug 02 01:44:17 zfsnvme-target kernel: ACPI: PCI: Interrupt link GSIC configured for IRQ 18
Aug 02 01:44:17 zfsnvme-target kernel: ACPI: PCI: Interrupt link GSID configured for IRQ 19
Aug 02 01:44:17 zfsnvme-target kernel: ACPI: PCI: Interrupt link GSIE configured for IRQ 20
Aug 02 01:44:17 zfsnvme-target kernel: ACPI: PCI: Interrupt link GSIF configured for IRQ 21
Aug 02 01:44:17 zfsnvme-target kernel: ACPI: PCI: Interrupt link GSIG configured for IRQ 22
Aug 02 01:44:17 zfsnvme-target kernel: ACPI: PCI: Interrupt link GSIH configured for IRQ 23
Aug 02 01:44:17 zfsnvme-target kernel: iommu: Default domain type: Translated
Aug 02 01:44:17 zfsnvme-target kernel: iommu: DMA domain TLB invalidation policy: lazy mode
Aug 02 01:44:17 zfsnvme-target kernel: SCSI subsystem initialized
Aug 02 01:44:17 zfsnvme-target kernel: libata version 3.00 loaded.
Aug 02 01:44:17 zfsnvme-target kernel: ACPI: bus type USB registered
Aug 02 01:44:17 zfsnvme-target kernel: usbcore: registered new interface driver usbfs
Aug 02 01:44:17 zfsnvme-target kernel: usbcore: registered new interface driver hub
Aug 02 01:44:17 zfsnvme-target kernel: usbcore: registered new device driver usb
Aug 02 01:44:17 zfsnvme-target kernel: pps_core: LinuxPPS API ver. 1 registered
Aug 02 01:44:17 zfsnvme-target kernel: pps_core: Software ver. 5.3.6 - Copyright 2005-2007 Rodolfo Giometti <giometti@linux.it>
Aug 02 01:44:17 zfsnvme-target kernel: PTP clock support registered
Aug 02 01:44:17 zfsnvme-target kernel: EDAC MC: Ver: 3.0.0
Aug 02 01:44:17 zfsnvme-target kernel: NetLabel: Initializing
Aug 02 01:44:17 zfsnvme-target kernel: NetLabel:  domain hash size = 128
Aug 02 01:44:17 zfsnvme-target kernel: NetLabel:  protocols = UNLABELED CIPSOv4 CALIPSO
Aug 02 01:44:17 zfsnvme-target kernel: NetLabel:  unlabeled traffic allowed by default
Aug 02 01:44:17 zfsnvme-target kernel: mctp: management component transport protocol core
Aug 02 01:44:17 zfsnvme-target kernel: NET: Registered PF_MCTP protocol family
Aug 02 01:44:17 zfsnvme-target kernel: PCI: Using ACPI for IRQ routing
Aug 02 01:44:17 zfsnvme-target kernel: PCI: pci_cache_line_size set to 64 bytes
Aug 02 01:44:17 zfsnvme-target kernel: e820: reserve RAM buffer [mem 0x0009fc00-0x0009ffff]
Aug 02 01:44:17 zfsnvme-target kernel: e820: reserve RAM buffer [mem 0x7ffd3000-0x7fffffff]
Aug 02 01:44:17 zfsnvme-target kernel: pci 0000:00:01.0: vgaarb: setting as boot VGA device
Aug 02 01:44:17 zfsnvme-target kernel: pci 0000:00:01.0: vgaarb: bridge control possible
Aug 02 01:44:17 zfsnvme-target kernel: pci 0000:00:01.0: vgaarb: VGA device added: decodes=io+mem,owns=io+mem,locks=none
Aug 02 01:44:17 zfsnvme-target kernel: vgaarb: loaded
Aug 02 01:44:17 zfsnvme-target kernel: clocksource: Switched to clocksource kvm-clock
Aug 02 01:44:17 zfsnvme-target kernel: VFS: Disk quotas dquot_6.6.0
Aug 02 01:44:17 zfsnvme-target kernel: VFS: Dquot-cache hash table entries: 512 (order 0, 4096 bytes)
Aug 02 01:44:17 zfsnvme-target kernel: AppArmor: AppArmor Filesystem Enabled
Aug 02 01:44:17 zfsnvme-target kernel: pnp: PnP ACPI init
Aug 02 01:44:17 zfsnvme-target kernel: system 00:04: [mem 0xb0000000-0xbfffffff window] has been reserved
Aug 02 01:44:17 zfsnvme-target kernel: pnp: PnP ACPI: found 5 devices
Aug 02 01:44:17 zfsnvme-target kernel: clocksource: acpi_pm: mask: 0xffffff max_cycles: 0xffffff, max_idle_ns: 2085701024 ns
Aug 02 01:44:17 zfsnvme-target kernel: NET: Registered PF_INET protocol family
Aug 02 01:44:17 zfsnvme-target kernel: IP idents hash table entries: 32768 (order: 6, 262144 bytes, linear)
Aug 02 01:44:17 zfsnvme-target kernel: tcp_listen_portaddr_hash hash table entries: 1024 (order: 2, 16384 bytes, linear)
Aug 02 01:44:17 zfsnvme-target kernel: Table-perturb hash table entries: 65536 (order: 6, 262144 bytes, linear)
Aug 02 01:44:17 zfsnvme-target kernel: TCP established hash table entries: 16384 (order: 5, 131072 bytes, linear)
Aug 02 01:44:17 zfsnvme-target kernel: TCP bind hash table entries: 16384 (order: 7, 524288 bytes, linear)
Aug 02 01:44:17 zfsnvme-target kernel: TCP: Hash tables configured (established 16384 bind 16384)
Aug 02 01:44:17 zfsnvme-target kernel: MPTCP token hash table entries: 2048 (order: 4, 49152 bytes, linear)
Aug 02 01:44:17 zfsnvme-target kernel: UDP hash table entries: 1024 (order: 3, 32768 bytes, linear)
Aug 02 01:44:17 zfsnvme-target kernel: UDP-Lite hash table entries: 1024 (order: 3, 32768 bytes, linear)
Aug 02 01:44:17 zfsnvme-target kernel: NET: Registered PF_UNIX/PF_LOCAL protocol family
Aug 02 01:44:17 zfsnvme-target kernel: NET: Registered PF_XDP protocol family
Aug 02 01:44:17 zfsnvme-target kernel: pci 0000:00:1c.0: bridge window [io  0x1000-0x0fff] to [bus 01] add_size 1000
Aug 02 01:44:17 zfsnvme-target kernel: pci 0000:00:1c.1: bridge window [io  0x1000-0x0fff] to [bus 02] add_size 1000
Aug 02 01:44:17 zfsnvme-target kernel: pci 0000:00:1c.2: bridge window [io  0x1000-0x0fff] to [bus 03] add_size 1000
Aug 02 01:44:17 zfsnvme-target kernel: pci 0000:00:1c.3: bridge window [io  0x1000-0x0fff] to [bus 04] add_size 1000
Aug 02 01:44:17 zfsnvme-target kernel: pci 0000:00:1c.0: bridge window [io  0x6000-0x6fff]: assigned
Aug 02 01:44:17 zfsnvme-target kernel: pci 0000:00:1c.1: bridge window [io  0x7000-0x7fff]: assigned
Aug 02 01:44:17 zfsnvme-target kernel: pci 0000:00:1c.2: bridge window [io  0x8000-0x8fff]: assigned
Aug 02 01:44:17 zfsnvme-target kernel: pci 0000:00:1c.3: bridge window [io  0x9000-0x9fff]: assigned
Aug 02 01:44:17 zfsnvme-target kernel: pci 0000:00:1c.0: PCI bridge to [bus 01]
Aug 02 01:44:17 zfsnvme-target kernel: pci 0000:00:1c.0:   bridge window [io  0x6000-0x6fff]
Aug 02 01:44:17 zfsnvme-target kernel: pci 0000:00:1c.0:   bridge window [mem 0xfe800000-0xfe9fffff]
Aug 02 01:44:17 zfsnvme-target kernel: pci 0000:00:1c.0:   bridge window [mem 0xfce00000-0xfcffffff 64bit pref]
Aug 02 01:44:17 zfsnvme-target kernel: pci 0000:00:1c.1: PCI bridge to [bus 02]
Aug 02 01:44:17 zfsnvme-target kernel: pci 0000:00:1c.1:   bridge window [io  0x7000-0x7fff]
Aug 02 01:44:17 zfsnvme-target kernel: pci 0000:00:1c.1:   bridge window [mem 0xfe600000-0xfe7fffff]
Aug 02 01:44:17 zfsnvme-target kernel: pci 0000:00:1c.1:   bridge window [mem 0xfcc00000-0xfcdfffff 64bit pref]
Aug 02 01:44:17 zfsnvme-target kernel: pci 0000:00:1c.2: PCI bridge to [bus 03]
Aug 02 01:44:17 zfsnvme-target kernel: pci 0000:00:1c.2:   bridge window [io  0x8000-0x8fff]
Aug 02 01:44:17 zfsnvme-target kernel: pci 0000:00:1c.2:   bridge window [mem 0xfe400000-0xfe5fffff]
Aug 02 01:44:17 zfsnvme-target kernel: pci 0000:00:1c.2:   bridge window [mem 0xfca00000-0xfcbfffff 64bit pref]
Aug 02 01:44:17 zfsnvme-target kernel: pci 0000:00:1c.3: PCI bridge to [bus 04]
Aug 02 01:44:17 zfsnvme-target kernel: pci 0000:00:1c.3:   bridge window [io  0x9000-0x9fff]
Aug 02 01:44:17 zfsnvme-target kernel: pci 0000:00:1c.3:   bridge window [mem 0xfe200000-0xfe3fffff]
Aug 02 01:44:17 zfsnvme-target kernel: pci 0000:00:1c.3:   bridge window [mem 0xfc800000-0xfc9fffff 64bit pref]
Aug 02 01:44:17 zfsnvme-target kernel: pci 0000:05:01.0: PCI bridge to [bus 06]
Aug 02 01:44:17 zfsnvme-target kernel: pci 0000:05:01.0:   bridge window [io  0x4000-0x4fff]
Aug 02 01:44:17 zfsnvme-target kernel: pci 0000:05:01.0:   bridge window [mem 0xfde00000-0xfdffffff]
Aug 02 01:44:17 zfsnvme-target kernel: pci 0000:05:01.0:   bridge window [mem 0xfc600000-0xfc7fffff 64bit pref]
Aug 02 01:44:17 zfsnvme-target kernel: pci 0000:05:02.0: PCI bridge to [bus 07]
Aug 02 01:44:17 zfsnvme-target kernel: pci 0000:05:02.0:   bridge window [io  0x3000-0x3fff]
Aug 02 01:44:17 zfsnvme-target kernel: pci 0000:05:02.0:   bridge window [mem 0xfdc00000-0xfddfffff]
Aug 02 01:44:17 zfsnvme-target kernel: pci 0000:05:02.0:   bridge window [mem 0xfc400000-0xfc5fffff 64bit pref]
Aug 02 01:44:17 zfsnvme-target kernel: pci 0000:05:03.0: PCI bridge to [bus 08]
Aug 02 01:44:17 zfsnvme-target kernel: pci 0000:05:03.0:   bridge window [io  0x2000-0x2fff]
Aug 02 01:44:17 zfsnvme-target kernel: pci 0000:05:03.0:   bridge window [mem 0xfda00000-0xfdbfffff]
Aug 02 01:44:17 zfsnvme-target kernel: pci 0000:05:03.0:   bridge window [mem 0xfc200000-0xfc3fffff 64bit pref]
Aug 02 01:44:17 zfsnvme-target kernel: pci 0000:05:04.0: PCI bridge to [bus 09]
Aug 02 01:44:17 zfsnvme-target kernel: pci 0000:05:04.0:   bridge window [io  0x1000-0x1fff]
Aug 02 01:44:17 zfsnvme-target kernel: pci 0000:05:04.0:   bridge window [mem 0xfd800000-0xfd9fffff]
Aug 02 01:44:17 zfsnvme-target kernel: pci 0000:05:04.0:   bridge window [mem 0xfc000000-0xfc1fffff 64bit pref]
Aug 02 01:44:17 zfsnvme-target kernel: pci 0000:00:1e.0: PCI bridge to [bus 05-09]
Aug 02 01:44:17 zfsnvme-target kernel: pci 0000:00:1e.0:   bridge window [io  0x1000-0x4fff]
Aug 02 01:44:17 zfsnvme-target kernel: pci 0000:00:1e.0:   bridge window [mem 0xfd800000-0xfe1fffff]
Aug 02 01:44:17 zfsnvme-target kernel: pci 0000:00:1e.0:   bridge window [mem 0xfc000000-0xfc7fffff 64bit pref]
Aug 02 01:44:17 zfsnvme-target kernel: pci_bus 0000:00: resource 4 [io  0x0000-0x0cf7 window]
Aug 02 01:44:17 zfsnvme-target kernel: pci_bus 0000:00: resource 5 [io  0x0d00-0xffff window]
Aug 02 01:44:17 zfsnvme-target kernel: pci_bus 0000:00: resource 6 [mem 0x000a0000-0x000bffff window]
Aug 02 01:44:17 zfsnvme-target kernel: pci_bus 0000:00: resource 7 [mem 0x80000000-0xafffffff window]
Aug 02 01:44:17 zfsnvme-target kernel: pci_bus 0000:00: resource 8 [mem 0xc0000000-0xfebfffff window]
Aug 02 01:44:17 zfsnvme-target kernel: pci_bus 0000:00: resource 9 [mem 0x100000000-0x8ffffffff window]
Aug 02 01:44:17 zfsnvme-target kernel: pci_bus 0000:01: resource 0 [io  0x6000-0x6fff]
Aug 02 01:44:17 zfsnvme-target kernel: pci_bus 0000:01: resource 1 [mem 0xfe800000-0xfe9fffff]
Aug 02 01:44:17 zfsnvme-target kernel: pci_bus 0000:01: resource 2 [mem 0xfce00000-0xfcffffff 64bit pref]
Aug 02 01:44:17 zfsnvme-target kernel: pci_bus 0000:02: resource 0 [io  0x7000-0x7fff]
Aug 02 01:44:17 zfsnvme-target kernel: pci_bus 0000:02: resource 1 [mem 0xfe600000-0xfe7fffff]
Aug 02 01:44:17 zfsnvme-target kernel: pci_bus 0000:02: resource 2 [mem 0xfcc00000-0xfcdfffff 64bit pref]
Aug 02 01:44:17 zfsnvme-target kernel: pci_bus 0000:03: resource 0 [io  0x8000-0x8fff]
Aug 02 01:44:17 zfsnvme-target kernel: pci_bus 0000:03: resource 1 [mem 0xfe400000-0xfe5fffff]
Aug 02 01:44:17 zfsnvme-target kernel: pci_bus 0000:03: resource 2 [mem 0xfca00000-0xfcbfffff 64bit pref]
Aug 02 01:44:17 zfsnvme-target kernel: pci_bus 0000:04: resource 0 [io  0x9000-0x9fff]
Aug 02 01:44:17 zfsnvme-target kernel: pci_bus 0000:04: resource 1 [mem 0xfe200000-0xfe3fffff]
Aug 02 01:44:17 zfsnvme-target kernel: pci_bus 0000:04: resource 2 [mem 0xfc800000-0xfc9fffff 64bit pref]
Aug 02 01:44:17 zfsnvme-target kernel: pci_bus 0000:05: resource 0 [io  0x1000-0x4fff]
Aug 02 01:44:17 zfsnvme-target kernel: pci_bus 0000:05: resource 1 [mem 0xfd800000-0xfe1fffff]
Aug 02 01:44:17 zfsnvme-target kernel: pci_bus 0000:05: resource 2 [mem 0xfc000000-0xfc7fffff 64bit pref]
Aug 02 01:44:17 zfsnvme-target kernel: pci_bus 0000:05: resource 4 [io  0x0000-0x0cf7 window]
Aug 02 01:44:17 zfsnvme-target kernel: pci_bus 0000:05: resource 5 [io  0x0d00-0xffff window]
Aug 02 01:44:17 zfsnvme-target kernel: pci_bus 0000:05: resource 6 [mem 0x000a0000-0x000bffff window]
Aug 02 01:44:17 zfsnvme-target kernel: pci_bus 0000:05: resource 7 [mem 0x80000000-0xafffffff window]
Aug 02 01:44:17 zfsnvme-target kernel: pci_bus 0000:05: resource 8 [mem 0xc0000000-0xfebfffff window]
Aug 02 01:44:17 zfsnvme-target kernel: pci_bus 0000:05: resource 9 [mem 0x100000000-0x8ffffffff window]
Aug 02 01:44:17 zfsnvme-target kernel: pci_bus 0000:06: resource 0 [io  0x4000-0x4fff]
Aug 02 01:44:17 zfsnvme-target kernel: pci_bus 0000:06: resource 1 [mem 0xfde00000-0xfdffffff]
Aug 02 01:44:17 zfsnvme-target kernel: pci_bus 0000:06: resource 2 [mem 0xfc600000-0xfc7fffff 64bit pref]
Aug 02 01:44:17 zfsnvme-target kernel: pci_bus 0000:07: resource 0 [io  0x3000-0x3fff]
Aug 02 01:44:17 zfsnvme-target kernel: pci_bus 0000:07: resource 1 [mem 0xfdc00000-0xfddfffff]
Aug 02 01:44:17 zfsnvme-target kernel: pci_bus 0000:07: resource 2 [mem 0xfc400000-0xfc5fffff 64bit pref]
Aug 02 01:44:17 zfsnvme-target kernel: pci_bus 0000:08: resource 0 [io  0x2000-0x2fff]
Aug 02 01:44:17 zfsnvme-target kernel: pci_bus 0000:08: resource 1 [mem 0xfda00000-0xfdbfffff]
Aug 02 01:44:17 zfsnvme-target kernel: pci_bus 0000:08: resource 2 [mem 0xfc200000-0xfc3fffff 64bit pref]
Aug 02 01:44:17 zfsnvme-target kernel: pci_bus 0000:09: resource 0 [io  0x1000-0x1fff]
Aug 02 01:44:17 zfsnvme-target kernel: pci_bus 0000:09: resource 1 [mem 0xfd800000-0xfd9fffff]
Aug 02 01:44:17 zfsnvme-target kernel: pci_bus 0000:09: resource 2 [mem 0xfc000000-0xfc1fffff 64bit pref]
Aug 02 01:44:17 zfsnvme-target kernel: ACPI: \_SB_.GSIA: Enabled at IRQ 16
Aug 02 01:44:17 zfsnvme-target kernel: ACPI: \_SB_.GSIB: Enabled at IRQ 17
Aug 02 01:44:17 zfsnvme-target kernel: ACPI: \_SB_.GSIC: Enabled at IRQ 18
Aug 02 01:44:17 zfsnvme-target kernel: ACPI: \_SB_.GSID: Enabled at IRQ 19
Aug 02 01:44:17 zfsnvme-target kernel: PCI: CLS 0 bytes, default 64
Aug 02 01:44:17 zfsnvme-target kernel: Trying to unpack rootfs image as initramfs...
Aug 02 01:44:17 zfsnvme-target kernel: Initialise system trusted keyrings
Aug 02 01:44:17 zfsnvme-target kernel: Key type blacklist registered
Aug 02 01:44:17 zfsnvme-target kernel: workingset: timestamp_bits=36 max_order=19 bucket_order=0
Aug 02 01:44:17 zfsnvme-target kernel: zbud: loaded
Aug 02 01:44:17 zfsnvme-target kernel: squashfs: version 4.0 (2009/01/31) Phillip Lougher
Aug 02 01:44:17 zfsnvme-target kernel: fuse: init (API version 7.39)
Aug 02 01:44:17 zfsnvme-target kernel: integrity: Platform Keyring initialized
Aug 02 01:44:17 zfsnvme-target kernel: integrity: Machine keyring initialized
Aug 02 01:44:17 zfsnvme-target kernel: Key type asymmetric registered
Aug 02 01:44:17 zfsnvme-target kernel: Asymmetric key parser 'x509' registered
Aug 02 01:44:17 zfsnvme-target kernel: Block layer SCSI generic (bsg) driver version 0.4 loaded (major 243)
Aug 02 01:44:17 zfsnvme-target kernel: io scheduler mq-deadline registered
Aug 02 01:44:17 zfsnvme-target kernel: pcieport 0000:00:1c.0: PME: Signaling with IRQ 24
Aug 02 01:44:17 zfsnvme-target kernel: pcieport 0000:00:1c.0: AER: enabled with IRQ 24
Aug 02 01:44:17 zfsnvme-target kernel: pcieport 0000:00:1c.1: PME: Signaling with IRQ 25
Aug 02 01:44:17 zfsnvme-target kernel: pcieport 0000:00:1c.1: AER: enabled with IRQ 25
Aug 02 01:44:17 zfsnvme-target kernel: pcieport 0000:00:1c.2: PME: Signaling with IRQ 26
Aug 02 01:44:17 zfsnvme-target kernel: pcieport 0000:00:1c.2: AER: enabled with IRQ 26
Aug 02 01:44:17 zfsnvme-target kernel: pcieport 0000:00:1c.3: PME: Signaling with IRQ 27
Aug 02 01:44:17 zfsnvme-target kernel: pcieport 0000:00:1c.3: AER: enabled with IRQ 27
Aug 02 01:44:17 zfsnvme-target kernel: shpchp 0000:05:01.0: HPC vendor_id 1b36 device_id 1 ss_vid 0 ss_did 0
Aug 02 01:44:17 zfsnvme-target kernel: ACPI: \_SB_.GSIF: Enabled at IRQ 21
Aug 02 01:44:17 zfsnvme-target kernel: shpchp 0000:05:01.0: pci_hp_register failed with error -16
Aug 02 01:44:17 zfsnvme-target kernel: shpchp 0000:05:01.0: Slot initialization failed
Aug 02 01:44:17 zfsnvme-target kernel: shpchp 0000:05:02.0: HPC vendor_id 1b36 device_id 1 ss_vid 0 ss_did 0
Aug 02 01:44:17 zfsnvme-target kernel: ACPI: \_SB_.GSIG: Enabled at IRQ 22
Aug 02 01:44:17 zfsnvme-target kernel: shpchp 0000:05:02.0: pci_hp_register failed with error -16
Aug 02 01:44:17 zfsnvme-target kernel: shpchp 0000:05:02.0: Slot initialization failed
Aug 02 01:44:17 zfsnvme-target kernel: shpchp 0000:05:03.0: HPC vendor_id 1b36 device_id 1 ss_vid 0 ss_did 0
Aug 02 01:44:17 zfsnvme-target kernel: ACPI: \_SB_.GSIH: Enabled at IRQ 23
Aug 02 01:44:17 zfsnvme-target kernel: shpchp 0000:05:03.0: pci_hp_register failed with error -16
Aug 02 01:44:17 zfsnvme-target kernel: shpchp 0000:05:03.0: Slot initialization failed
Aug 02 01:44:17 zfsnvme-target kernel: shpchp 0000:05:04.0: HPC vendor_id 1b36 device_id 1 ss_vid 0 ss_did 0
Aug 02 01:44:17 zfsnvme-target kernel: ACPI: \_SB_.GSIE: Enabled at IRQ 20
Aug 02 01:44:17 zfsnvme-target kernel: shpchp 0000:05:04.0: pci_hp_register failed with error -16
Aug 02 01:44:17 zfsnvme-target kernel: shpchp 0000:05:04.0: Slot initialization failed
Aug 02 01:44:17 zfsnvme-target kernel: shpchp: Standard Hot Plug PCI Controller Driver version: 0.4
Aug 02 01:44:17 zfsnvme-target kernel: input: Power Button as /devices/LNXSYSTM:00/LNXPWRBN:00/input/input0
Aug 02 01:44:17 zfsnvme-target kernel: ACPI: button: Power Button [PWRF]
Aug 02 01:44:17 zfsnvme-target kernel: Freeing initrd memory: 74760K
Aug 02 01:44:17 zfsnvme-target kernel: Serial: 8250/16550 driver, 32 ports, IRQ sharing enabled
Aug 02 01:44:17 zfsnvme-target kernel: 00:00: ttyS0 at I/O 0x3f8 (irq = 4, base_baud = 115200) is a 16550A
Aug 02 01:44:17 zfsnvme-target kernel: Linux agpgart interface v0.103
Aug 02 01:44:17 zfsnvme-target kernel: loop: module loaded
Aug 02 01:44:17 zfsnvme-target kernel: virtio_scsi virtio0: 2/0/0 default/read/poll queues
Aug 02 01:44:17 zfsnvme-target kernel: scsi host0: Virtio SCSI HBA
Aug 02 01:44:17 zfsnvme-target kernel: ACPI: bus type drm_connector registered
Aug 02 01:44:17 zfsnvme-target kernel: scsi 0:0:0:0: Direct-Access     QEMU     QEMU HARDDISK    2.5+ PQ: 0 ANSI: 5
Aug 02 01:44:17 zfsnvme-target kernel: tun: Universal TUN/TAP device driver, 1.6
Aug 02 01:44:17 zfsnvme-target kernel: scsi 0:0:0:1: Direct-Access     QEMU     QEMU HARDDISK    2.5+ PQ: 0 ANSI: 5
Aug 02 01:44:17 zfsnvme-target kernel: PPP generic driver version 2.4.2
Aug 02 01:44:17 zfsnvme-target kernel: uhci_hcd 0000:00:1a.0: UHCI Host Controller
Aug 02 01:44:17 zfsnvme-target kernel: uhci_hcd 0000:00:1a.0: new USB bus registered, assigned bus number 1
Aug 02 01:44:17 zfsnvme-target kernel: uhci_hcd 0000:00:1a.0: detected 2 ports
Aug 02 01:44:17 zfsnvme-target kernel: uhci_hcd 0000:00:1a.0: irq 16, io port 0x00005040
Aug 02 01:44:17 zfsnvme-target kernel: usb usb1: New USB device found, idVendor=1d6b, idProduct=0001, bcdDevice= 6.08
Aug 02 01:44:17 zfsnvme-target kernel: scsi 0:0:0:0: Attached scsi generic sg0 type 0
Aug 02 01:44:17 zfsnvme-target kernel: usb usb1: New USB device strings: Mfr=3, Product=2, SerialNumber=1
Aug 02 01:44:17 zfsnvme-target kernel: scsi 0:0:0:1: Attached scsi generic sg1 type 0
Aug 02 01:44:17 zfsnvme-target kernel: usb usb1: Product: UHCI Host Controller
Aug 02 01:44:17 zfsnvme-target kernel: sd 0:0:0:0: Power-on or device reset occurred
Aug 02 01:44:17 zfsnvme-target kernel: usb usb1: Manufacturer: Linux 6.8.0-136-generic uhci_hcd
Aug 02 01:44:17 zfsnvme-target kernel: sd 0:0:0:1: Power-on or device reset occurred
Aug 02 01:44:17 zfsnvme-target kernel: usb usb1: SerialNumber: 0000:00:1a.0
Aug 02 01:44:17 zfsnvme-target kernel: sd 0:0:0:0: [sda] 41943040 512-byte logical blocks: (21.5 GB/20.0 GiB)
Aug 02 01:44:17 zfsnvme-target kernel: sd 0:0:0:1: [sdb] 67108864 512-byte logical blocks: (34.4 GB/32.0 GiB)
Aug 02 01:44:17 zfsnvme-target kernel: sd 0:0:0:0: [sda] Write Protect is off
Aug 02 01:44:17 zfsnvme-target kernel: sd 0:0:0:1: [sdb] Write Protect is off
Aug 02 01:44:17 zfsnvme-target kernel: sd 0:0:0:0: [sda] Mode Sense: 63 00 10 08
Aug 02 01:44:17 zfsnvme-target kernel: sd 0:0:0:1: [sdb] Mode Sense: 63 00 10 08
Aug 02 01:44:17 zfsnvme-target kernel: sd 0:0:0:0: [sda] Write cache: enabled, read cache: enabled, supports DPO and FUA
Aug 02 01:44:17 zfsnvme-target kernel: hub 1-0:1.0: USB hub found
Aug 02 01:44:17 zfsnvme-target kernel:  sda: sda1 sda14 sda15
Aug 02 01:44:17 zfsnvme-target kernel: hub 1-0:1.0: 2 ports detected
Aug 02 01:44:17 zfsnvme-target kernel: sd 0:0:0:0: [sda] Attached SCSI disk
Aug 02 01:44:17 zfsnvme-target kernel: uhci_hcd 0000:00:1a.1: UHCI Host Controller
Aug 02 01:44:17 zfsnvme-target kernel: sd 0:0:0:1: [sdb] Write cache: enabled, read cache: enabled, supports DPO and FUA
Aug 02 01:44:17 zfsnvme-target kernel: uhci_hcd 0000:00:1a.1: new USB bus registered, assigned bus number 2
Aug 02 01:44:17 zfsnvme-target kernel:  sdb: sdb1 sdb9
Aug 02 01:44:17 zfsnvme-target kernel: uhci_hcd 0000:00:1a.1: detected 2 ports
Aug 02 01:44:17 zfsnvme-target kernel: sd 0:0:0:1: [sdb] Attached SCSI disk
Aug 02 01:44:17 zfsnvme-target kernel: uhci_hcd 0000:00:1a.1: irq 17, io port 0x00005060
Aug 02 01:44:17 zfsnvme-target kernel: usb usb2: New USB device found, idVendor=1d6b, idProduct=0001, bcdDevice= 6.08
Aug 02 01:44:17 zfsnvme-target kernel: usb usb2: New USB device strings: Mfr=3, Product=2, SerialNumber=1
Aug 02 01:44:17 zfsnvme-target kernel: usb usb2: Product: UHCI Host Controller
Aug 02 01:44:17 zfsnvme-target kernel: usb usb2: Manufacturer: Linux 6.8.0-136-generic uhci_hcd
Aug 02 01:44:17 zfsnvme-target kernel: usb usb2: SerialNumber: 0000:00:1a.1
Aug 02 01:44:17 zfsnvme-target kernel: hub 2-0:1.0: USB hub found
Aug 02 01:44:17 zfsnvme-target kernel: hub 2-0:1.0: 2 ports detected
Aug 02 01:44:17 zfsnvme-target kernel: ehci-pci 0000:00:1a.7: EHCI Host Controller
Aug 02 01:44:17 zfsnvme-target kernel: ehci-pci 0000:00:1a.7: new USB bus registered, assigned bus number 3
Aug 02 01:44:17 zfsnvme-target kernel: ehci-pci 0000:00:1a.7: irq 19, io mem 0xfea15000
Aug 02 01:44:17 zfsnvme-target kernel: ehci-pci 0000:00:1a.7: USB 2.0 started, EHCI 1.00
Aug 02 01:44:17 zfsnvme-target kernel: usb usb3: New USB device found, idVendor=1d6b, idProduct=0002, bcdDevice= 6.08
Aug 02 01:44:17 zfsnvme-target kernel: usb usb3: New USB device strings: Mfr=3, Product=2, SerialNumber=1
Aug 02 01:44:17 zfsnvme-target kernel: usb usb3: Product: EHCI Host Controller
Aug 02 01:44:17 zfsnvme-target kernel: usb usb3: Manufacturer: Linux 6.8.0-136-generic ehci_hcd
Aug 02 01:44:17 zfsnvme-target kernel: usb usb3: SerialNumber: 0000:00:1a.7
Aug 02 01:44:17 zfsnvme-target kernel: hub 3-0:1.0: USB hub found
Aug 02 01:44:17 zfsnvme-target kernel: hub 3-0:1.0: 6 ports detected
Aug 02 01:44:17 zfsnvme-target kernel: hub 1-0:1.0: USB hub found
Aug 02 01:44:17 zfsnvme-target kernel: hub 1-0:1.0: 2 ports detected
Aug 02 01:44:17 zfsnvme-target kernel: hub 2-0:1.0: USB hub found
Aug 02 01:44:17 zfsnvme-target kernel: hub 2-0:1.0: 2 ports detected
Aug 02 01:44:17 zfsnvme-target kernel: ehci-pci 0000:00:1d.7: EHCI Host Controller
Aug 02 01:44:17 zfsnvme-target kernel: ehci-pci 0000:00:1d.7: new USB bus registered, assigned bus number 4
Aug 02 01:44:17 zfsnvme-target kernel: ehci-pci 0000:00:1d.7: irq 19, io mem 0xfea1a000
Aug 02 01:44:17 zfsnvme-target kernel: ehci-pci 0000:00:1d.7: USB 2.0 started, EHCI 1.00
Aug 02 01:44:17 zfsnvme-target kernel: usb usb4: New USB device found, idVendor=1d6b, idProduct=0002, bcdDevice= 6.08
Aug 02 01:44:17 zfsnvme-target kernel: usb usb4: New USB device strings: Mfr=3, Product=2, SerialNumber=1
Aug 02 01:44:17 zfsnvme-target kernel: usb usb4: Product: EHCI Host Controller
Aug 02 01:44:17 zfsnvme-target kernel: usb usb4: Manufacturer: Linux 6.8.0-136-generic ehci_hcd
Aug 02 01:44:17 zfsnvme-target kernel: usb usb4: SerialNumber: 0000:00:1d.7
Aug 02 01:44:17 zfsnvme-target kernel: hub 4-0:1.0: USB hub found
Aug 02 01:44:17 zfsnvme-target kernel: hub 4-0:1.0: 6 ports detected
Aug 02 01:44:17 zfsnvme-target kernel: uhci_hcd 0000:00:1a.2: UHCI Host Controller
Aug 02 01:44:17 zfsnvme-target kernel: uhci_hcd 0000:00:1a.2: new USB bus registered, assigned bus number 5
Aug 02 01:44:17 zfsnvme-target kernel: uhci_hcd 0000:00:1a.2: detected 2 ports
Aug 02 01:44:17 zfsnvme-target kernel: uhci_hcd 0000:00:1a.2: irq 18, io port 0x00005080
Aug 02 01:44:17 zfsnvme-target kernel: usb usb5: New USB device found, idVendor=1d6b, idProduct=0001, bcdDevice= 6.08
Aug 02 01:44:17 zfsnvme-target kernel: usb usb5: New USB device strings: Mfr=3, Product=2, SerialNumber=1
Aug 02 01:44:17 zfsnvme-target kernel: usb usb5: Product: UHCI Host Controller
Aug 02 01:44:17 zfsnvme-target kernel: usb usb5: Manufacturer: Linux 6.8.0-136-generic uhci_hcd
Aug 02 01:44:17 zfsnvme-target kernel: usb usb5: SerialNumber: 0000:00:1a.2
Aug 02 01:44:17 zfsnvme-target kernel: hub 5-0:1.0: USB hub found
Aug 02 01:44:17 zfsnvme-target kernel: hub 5-0:1.0: 2 ports detected
Aug 02 01:44:17 zfsnvme-target kernel: uhci_hcd 0000:00:1d.0: UHCI Host Controller
Aug 02 01:44:17 zfsnvme-target kernel: uhci_hcd 0000:00:1d.0: new USB bus registered, assigned bus number 6
Aug 02 01:44:17 zfsnvme-target kernel: uhci_hcd 0000:00:1d.0: detected 2 ports
Aug 02 01:44:17 zfsnvme-target kernel: uhci_hcd 0000:00:1d.0: irq 16, io port 0x000050a0
Aug 02 01:44:17 zfsnvme-target kernel: usb usb6: New USB device found, idVendor=1d6b, idProduct=0001, bcdDevice= 6.08
Aug 02 01:44:17 zfsnvme-target kernel: usb usb6: New USB device strings: Mfr=3, Product=2, SerialNumber=1
Aug 02 01:44:17 zfsnvme-target kernel: usb usb6: Product: UHCI Host Controller
Aug 02 01:44:17 zfsnvme-target kernel: usb usb6: Manufacturer: Linux 6.8.0-136-generic uhci_hcd
Aug 02 01:44:17 zfsnvme-target kernel: usb usb6: SerialNumber: 0000:00:1d.0
Aug 02 01:44:17 zfsnvme-target kernel: hub 6-0:1.0: USB hub found
Aug 02 01:44:17 zfsnvme-target kernel: hub 6-0:1.0: 2 ports detected
Aug 02 01:44:17 zfsnvme-target kernel: uhci_hcd 0000:00:1d.1: UHCI Host Controller
Aug 02 01:44:17 zfsnvme-target kernel: uhci_hcd 0000:00:1d.1: new USB bus registered, assigned bus number 7
Aug 02 01:44:17 zfsnvme-target kernel: uhci_hcd 0000:00:1d.1: detected 2 ports
Aug 02 01:44:17 zfsnvme-target kernel: uhci_hcd 0000:00:1d.1: irq 17, io port 0x000050c0
Aug 02 01:44:17 zfsnvme-target kernel: usb usb7: New USB device found, idVendor=1d6b, idProduct=0001, bcdDevice= 6.08
Aug 02 01:44:17 zfsnvme-target kernel: usb usb7: New USB device strings: Mfr=3, Product=2, SerialNumber=1
Aug 02 01:44:17 zfsnvme-target kernel: usb usb7: Product: UHCI Host Controller
Aug 02 01:44:17 zfsnvme-target kernel: usb usb7: Manufacturer: Linux 6.8.0-136-generic uhci_hcd
Aug 02 01:44:17 zfsnvme-target kernel: usb usb7: SerialNumber: 0000:00:1d.1
Aug 02 01:44:17 zfsnvme-target kernel: hub 7-0:1.0: USB hub found
Aug 02 01:44:17 zfsnvme-target kernel: hub 7-0:1.0: 2 ports detected
Aug 02 01:44:17 zfsnvme-target kernel: uhci_hcd 0000:00:1d.2: UHCI Host Controller
Aug 02 01:44:17 zfsnvme-target kernel: uhci_hcd 0000:00:1d.2: new USB bus registered, assigned bus number 8
Aug 02 01:44:17 zfsnvme-target kernel: uhci_hcd 0000:00:1d.2: detected 2 ports
Aug 02 01:44:17 zfsnvme-target kernel: uhci_hcd 0000:00:1d.2: irq 18, io port 0x000050e0
Aug 02 01:44:17 zfsnvme-target kernel: usb usb8: New USB device found, idVendor=1d6b, idProduct=0001, bcdDevice= 6.08
Aug 02 01:44:17 zfsnvme-target kernel: usb usb8: New USB device strings: Mfr=3, Product=2, SerialNumber=1
Aug 02 01:44:17 zfsnvme-target kernel: usb usb8: Product: UHCI Host Controller
Aug 02 01:44:17 zfsnvme-target kernel: usb usb8: Manufacturer: Linux 6.8.0-136-generic uhci_hcd
Aug 02 01:44:17 zfsnvme-target kernel: usb usb8: SerialNumber: 0000:00:1d.2
Aug 02 01:44:17 zfsnvme-target kernel: hub 8-0:1.0: USB hub found
Aug 02 01:44:17 zfsnvme-target kernel: hub 8-0:1.0: 2 ports detected
Aug 02 01:44:17 zfsnvme-target kernel: i8042: PNP: PS/2 Controller [PNP0303:KBD,PNP0f13:MOU] at 0x60,0x64 irq 1,12
Aug 02 01:44:17 zfsnvme-target kernel: serio: i8042 KBD port at 0x60,0x64 irq 1
Aug 02 01:44:17 zfsnvme-target kernel: serio: i8042 AUX port at 0x60,0x64 irq 12
Aug 02 01:44:17 zfsnvme-target kernel: mousedev: PS/2 mouse device common for all mice
Aug 02 01:44:17 zfsnvme-target kernel: input: AT Translated Set 2 keyboard as /devices/platform/i8042/serio0/input/input1
Aug 02 01:44:17 zfsnvme-target kernel: rtc_cmos 00:03: RTC can wake from S4
Aug 02 01:44:17 zfsnvme-target kernel: rtc_cmos 00:03: registered as rtc0
Aug 02 01:44:17 zfsnvme-target kernel: rtc_cmos 00:03: setting system clock to 2026-08-02T01:44:14 UTC (1785635054)
Aug 02 01:44:17 zfsnvme-target kernel: rtc_cmos 00:03: alarms up to one day, y3k, 242 bytes nvram
Aug 02 01:44:17 zfsnvme-target kernel: i2c_dev: i2c /dev entries driver
Aug 02 01:44:17 zfsnvme-target kernel: device-mapper: core: CONFIG_IMA_DISABLE_HTABLE is disabled. Duplicate IMA measurements will not be recorded in the IMA log.
Aug 02 01:44:17 zfsnvme-target kernel: device-mapper: uevent: version 1.0.3
Aug 02 01:44:17 zfsnvme-target kernel: device-mapper: ioctl: 4.48.0-ioctl (2023-03-01) initialised: dm-devel@redhat.com
Aug 02 01:44:17 zfsnvme-target kernel: amd_pstate: the _CPC object is not present in SBIOS or ACPI disabled
Aug 02 01:44:17 zfsnvme-target kernel: ledtrig-cpu: registered to indicate activity on CPUs
Aug 02 01:44:17 zfsnvme-target kernel: drop_monitor: Initializing network drop monitor service
Aug 02 01:44:17 zfsnvme-target kernel: NET: Registered PF_INET6 protocol family
Aug 02 01:44:17 zfsnvme-target kernel: Segment Routing with IPv6
Aug 02 01:44:17 zfsnvme-target kernel: In-situ OAM (IOAM) with IPv6
Aug 02 01:44:17 zfsnvme-target kernel: NET: Registered PF_PACKET protocol family
Aug 02 01:44:17 zfsnvme-target kernel: Key type dns_resolver registered
Aug 02 01:44:17 zfsnvme-target kernel: IPI shorthand broadcast: enabled
Aug 02 01:44:17 zfsnvme-target kernel: sched_clock: Marking stable (1570003734, 183523952)->(1850724198, -97196512)
Aug 02 01:44:17 zfsnvme-target kernel: registered taskstats version 1
Aug 02 01:44:17 zfsnvme-target kernel: Loading compiled-in X.509 certificates
Aug 02 01:44:17 zfsnvme-target kernel: Loaded X.509 cert 'Build time autogenerated kernel key: eea4a9707394bf26b4f59ee0ef16383ba94b4361'
Aug 02 01:44:17 zfsnvme-target kernel: Loaded X.509 cert 'Canonical Ltd. Live Patch Signing 2025 Kmod: d541cef61dc7e793b7eb7e899970a2eef0b5dc8c'
Aug 02 01:44:17 zfsnvme-target kernel: Loaded X.509 cert 'Canonical Ltd. Live Patch Signing: 14df34d1a87cf37625abec039ef2bf521249b969'
Aug 02 01:44:17 zfsnvme-target kernel: Loaded X.509 cert 'Canonical Ltd. Kernel Module Signing 2025 Kmod: 4627603d2357a2a3f81006370894c221175893e9'
Aug 02 01:44:17 zfsnvme-target kernel: Loaded X.509 cert 'Canonical Ltd. Kernel Module Signing: 88f752e560a1e0737e31163a466ad7b70a850c19'
Aug 02 01:44:17 zfsnvme-target kernel: blacklist: Loading compiled-in revocation X.509 certificates
Aug 02 01:44:17 zfsnvme-target kernel: Loaded X.509 cert 'Canonical Ltd. Secure Boot Signing: 61482aa2830d0ab2ad5af10b7250da9033ddcef0'
Aug 02 01:44:17 zfsnvme-target kernel: Loaded X.509 cert 'Canonical Ltd. Secure Boot Signing (2017): 242ade75ac4a15e50d50c84b0d45ff3eae707a03'
Aug 02 01:44:17 zfsnvme-target kernel: Loaded X.509 cert 'Canonical Ltd. Secure Boot Signing (ESM 2018): 365188c1d374d6b07c3c8f240f8ef722433d6a8b'
Aug 02 01:44:17 zfsnvme-target kernel: Loaded X.509 cert 'Canonical Ltd. Secure Boot Signing (2019): c0746fd6c5da3ae827864651ad66ae47fe24b3e8'
Aug 02 01:44:17 zfsnvme-target kernel: Loaded X.509 cert 'Canonical Ltd. Secure Boot Signing (2021 v1): a8d54bbb3825cfb94fa13c9f8a594a195c107b8d'
Aug 02 01:44:17 zfsnvme-target kernel: Loaded X.509 cert 'Canonical Ltd. Secure Boot Signing (2021 v2): 4cf046892d6fd3c9a5b03f98d845f90851dc6a8c'
Aug 02 01:44:17 zfsnvme-target kernel: Loaded X.509 cert 'Canonical Ltd. Secure Boot Signing (2021 v3): 100437bb6de6e469b581e61cd66bce3ef4ed53af'
Aug 02 01:44:17 zfsnvme-target kernel: Loaded X.509 cert 'Canonical Ltd. Secure Boot Signing (Ubuntu Core 2019): c1d57b8f6b743f23ee41f4f7ee292f06eecadfb9'
Aug 02 01:44:17 zfsnvme-target kernel: Key type .fscrypt registered
Aug 02 01:44:17 zfsnvme-target kernel: Key type fscrypt-provisioning registered
Aug 02 01:44:17 zfsnvme-target kernel: cryptd: max_cpu_qlen set to 1000
Aug 02 01:44:17 zfsnvme-target kernel: AVX2 version of gcm_enc/dec engaged.
Aug 02 01:44:17 zfsnvme-target kernel: AES CTR mode by8 optimization enabled
Aug 02 01:44:17 zfsnvme-target kernel: Key type encrypted registered
Aug 02 01:44:17 zfsnvme-target kernel: AppArmor: AppArmor sha256 policy hashing enabled
Aug 02 01:44:17 zfsnvme-target kernel: ima: No TPM chip found, activating TPM-bypass!
Aug 02 01:44:17 zfsnvme-target kernel: Loading compiled-in module X.509 certificates
Aug 02 01:44:17 zfsnvme-target kernel: Loaded X.509 cert 'Build time autogenerated kernel key: eea4a9707394bf26b4f59ee0ef16383ba94b4361'
Aug 02 01:44:17 zfsnvme-target kernel: ima: Allocated hash algorithm: sha256
Aug 02 01:44:17 zfsnvme-target kernel: ima: No architecture policies found
Aug 02 01:44:17 zfsnvme-target kernel: evm: Initialising EVM extended attributes:
Aug 02 01:44:17 zfsnvme-target kernel: evm: security.selinux
Aug 02 01:44:17 zfsnvme-target kernel: evm: security.SMACK64
Aug 02 01:44:17 zfsnvme-target kernel: evm: security.SMACK64EXEC
Aug 02 01:44:17 zfsnvme-target kernel: evm: security.SMACK64TRANSMUTE
Aug 02 01:44:17 zfsnvme-target kernel: evm: security.SMACK64MMAP
Aug 02 01:44:17 zfsnvme-target kernel: evm: security.apparmor
Aug 02 01:44:17 zfsnvme-target kernel: evm: security.ima
Aug 02 01:44:17 zfsnvme-target kernel: evm: security.capability
Aug 02 01:44:17 zfsnvme-target kernel: evm: HMAC attrs: 0x1
Aug 02 01:44:17 zfsnvme-target kernel: PM:   Magic number: 6:947:709
Aug 02 01:44:17 zfsnvme-target kernel: RAS: Correctable Errors collector initialized.
Aug 02 01:44:17 zfsnvme-target kernel: clk: Disabling unused clocks
Aug 02 01:44:17 zfsnvme-target kernel: Freeing unused decrypted memory: 2028K
Aug 02 01:44:17 zfsnvme-target kernel: Freeing unused kernel image (initmem) memory: 4932K
Aug 02 01:44:17 zfsnvme-target kernel: Write protecting the kernel read-only data: 38912k
Aug 02 01:44:17 zfsnvme-target kernel: Freeing unused kernel image (rodata/data gap) memory: 1956K
Aug 02 01:44:17 zfsnvme-target kernel: x86/mm: Checked W+X mappings: passed, no W+X pages found.
Aug 02 01:44:17 zfsnvme-target kernel: usb 4-1: new high-speed USB device number 2 using ehci-pci
Aug 02 01:44:17 zfsnvme-target kernel: Run /init as init process
Aug 02 01:44:17 zfsnvme-target kernel:   with arguments:
Aug 02 01:44:17 zfsnvme-target kernel:     /init
Aug 02 01:44:17 zfsnvme-target kernel:   with environment:
Aug 02 01:44:17 zfsnvme-target kernel:     HOME=/
Aug 02 01:44:17 zfsnvme-target kernel:     TERM=linux
Aug 02 01:44:17 zfsnvme-target kernel: usb 4-1: New USB device found, idVendor=0627, idProduct=0001, bcdDevice= 0.00
Aug 02 01:44:17 zfsnvme-target kernel: usb 4-1: New USB device strings: Mfr=1, Product=3, SerialNumber=10
Aug 02 01:44:17 zfsnvme-target kernel: usb 4-1: Product: QEMU USB Tablet
Aug 02 01:44:17 zfsnvme-target kernel: usb 4-1: Manufacturer: QEMU
Aug 02 01:44:17 zfsnvme-target kernel: usb 4-1: SerialNumber: 28754-0000:00:1d.7-1
Aug 02 01:44:17 zfsnvme-target kernel: input: VirtualPS/2 VMware VMMouse as /devices/platform/i8042/serio1/input/input4
Aug 02 01:44:17 zfsnvme-target kernel: input: VirtualPS/2 VMware VMMouse as /devices/platform/i8042/serio1/input/input3
Aug 02 01:44:17 zfsnvme-target kernel: ahci 0000:00:1f.2: version 3.0
Aug 02 01:44:17 zfsnvme-target kernel: ahci 0000:00:1f.2: AHCI 0001.0000 32 slots 6 ports 1.5 Gbps 0x3f impl SATA mode
Aug 02 01:44:17 zfsnvme-target kernel: ahci 0000:00:1f.2: flags: 64bit ncq only 
Aug 02 01:44:17 zfsnvme-target kernel: bochs-drm 0000:00:01.0: vgaarb: deactivate vga console
Aug 02 01:44:17 zfsnvme-target kernel: virtio_net virtio4 enp6s20: renamed from eth2
Aug 02 01:44:17 zfsnvme-target kernel: Console: switching to colour dummy device 80x25
Aug 02 01:44:17 zfsnvme-target kernel: [drm] Found bochs VGA, ID 0xb0c5.
Aug 02 01:44:17 zfsnvme-target kernel: [drm] Framebuffer size 16384 kB @ 0xfb000000, mmio @ 0xfea14000.
Aug 02 01:44:17 zfsnvme-target kernel: [drm] Found EDID data blob.
Aug 02 01:44:17 zfsnvme-target kernel: virtio_net virtio3 enp6s19: renamed from eth1
Aug 02 01:44:17 zfsnvme-target kernel: [drm] Initialized bochs-drm 1.0.0 20130925 for 0000:00:01.0 on minor 0
Aug 02 01:44:17 zfsnvme-target kernel: fbcon: bochs-drmdrmfb (fb0) is primary device
Aug 02 01:44:17 zfsnvme-target kernel: virtio_net virtio2 enp6s18: renamed from eth0
Aug 02 01:44:17 zfsnvme-target kernel: virtio_net virtio5 enp6s21: renamed from eth3
Aug 02 01:44:17 zfsnvme-target kernel: scsi host1: ahci
Aug 02 01:44:17 zfsnvme-target kernel: Console: switching to colour frame buffer device 160x50
Aug 02 01:44:17 zfsnvme-target kernel: hid: raw HID events driver (C) Jiri Kosina
Aug 02 01:44:17 zfsnvme-target kernel: usbcore: registered new interface driver usbhid
Aug 02 01:44:17 zfsnvme-target kernel: usbhid: USB HID core driver
Aug 02 01:44:17 zfsnvme-target kernel: input: QEMU QEMU USB Tablet as /devices/pci0000:00/0000:00:1d.7/usb4/4-1/4-1:1.0/0003:0627:0001.0001/input/input5
Aug 02 01:44:17 zfsnvme-target kernel: scsi host2: ahci
Aug 02 01:44:17 zfsnvme-target kernel: hid-generic 0003:0627:0001.0001: input,hidraw0: USB HID v0.01 Mouse [QEMU QEMU USB Tablet] on usb-0000:00:1d.7-1/input0
Aug 02 01:44:17 zfsnvme-target kernel: scsi host3: ahci
Aug 02 01:44:17 zfsnvme-target kernel: scsi host4: ahci
Aug 02 01:44:17 zfsnvme-target kernel: scsi host5: ahci
Aug 02 01:44:17 zfsnvme-target kernel: scsi host6: ahci
Aug 02 01:44:17 zfsnvme-target kernel: ata1: SATA max UDMA/133 abar m4096@0xfea1b000 port 0xfea1b100 irq 47 lpm-pol 0
Aug 02 01:44:17 zfsnvme-target kernel: ata2: SATA max UDMA/133 abar m4096@0xfea1b000 port 0xfea1b180 irq 47 lpm-pol 0
Aug 02 01:44:17 zfsnvme-target kernel: ata3: SATA max UDMA/133 abar m4096@0xfea1b000 port 0xfea1b200 irq 47 lpm-pol 0
Aug 02 01:44:17 zfsnvme-target kernel: ata4: SATA max UDMA/133 abar m4096@0xfea1b000 port 0xfea1b280 irq 47 lpm-pol 0
Aug 02 01:44:17 zfsnvme-target kernel: ata5: SATA max UDMA/133 abar m4096@0xfea1b000 port 0xfea1b300 irq 47 lpm-pol 0
Aug 02 01:44:17 zfsnvme-target kernel: ata6: SATA max UDMA/133 abar m4096@0xfea1b000 port 0xfea1b380 irq 47 lpm-pol 0
Aug 02 01:44:17 zfsnvme-target kernel: bochs-drm 0000:00:01.0: [drm] fb0: bochs-drmdrmfb frame buffer device
Aug 02 01:44:17 zfsnvme-target kernel: ata4: SATA link down (SStatus 0 SControl 300)
Aug 02 01:44:17 zfsnvme-target kernel: ata2: SATA link up 1.5 Gbps (SStatus 113 SControl 300)
Aug 02 01:44:17 zfsnvme-target kernel: ata3: SATA link down (SStatus 0 SControl 300)
Aug 02 01:44:17 zfsnvme-target kernel: ata1: SATA link down (SStatus 0 SControl 300)
Aug 02 01:44:17 zfsnvme-target kernel: ata2.00: ATAPI: QEMU DVD-ROM, 2.5+, max UDMA/100
Aug 02 01:44:17 zfsnvme-target kernel: ata2.00: applying bridge limits
Aug 02 01:44:17 zfsnvme-target kernel: ata2.00: configured for UDMA/100
Aug 02 01:44:17 zfsnvme-target kernel: ata6: SATA link down (SStatus 0 SControl 300)
Aug 02 01:44:17 zfsnvme-target kernel: ata5: SATA link down (SStatus 0 SControl 300)
Aug 02 01:44:17 zfsnvme-target kernel: scsi 2:0:0:0: CD-ROM            QEMU     QEMU DVD-ROM     2.5+ PQ: 0 ANSI: 5
Aug 02 01:44:17 zfsnvme-target kernel: workqueue: drm_fb_helper_damage_work hogged CPU for >10000us 4 times, consider switching to WQ_UNBOUND
Aug 02 01:44:17 zfsnvme-target kernel: sr 2:0:0:0: [sr0] scsi3-mmc drive: 4x/4x cd/rw xa/form2 tray
Aug 02 01:44:17 zfsnvme-target kernel: cdrom: Uniform CD-ROM driver Revision: 3.20
Aug 02 01:44:17 zfsnvme-target kernel: sr 2:0:0:0: Attached scsi CD-ROM sr0
Aug 02 01:44:17 zfsnvme-target kernel: sr 2:0:0:0: Attached scsi generic sg2 type 5
Aug 02 01:44:17 zfsnvme-target kernel: raid6: avx2x4   gen() 30509 MB/s
Aug 02 01:44:17 zfsnvme-target kernel: raid6: avx2x2   gen() 26318 MB/s
Aug 02 01:44:17 zfsnvme-target kernel: raid6: avx2x1   gen() 21259 MB/s
Aug 02 01:44:17 zfsnvme-target kernel: raid6: using algorithm avx2x4 gen() 30509 MB/s
Aug 02 01:44:17 zfsnvme-target kernel: raid6: .... xor() 5690 MB/s, rmw enabled
Aug 02 01:44:17 zfsnvme-target kernel: raid6: using avx2x2 recovery algorithm
Aug 02 01:44:17 zfsnvme-target kernel: xor: automatically using best checksumming function   avx       
Aug 02 01:44:17 zfsnvme-target kernel: async_tx: api initialized (async)
Aug 02 01:44:17 zfsnvme-target kernel: Btrfs loaded, zoned=yes, fsverity=yes
Aug 02 01:44:17 zfsnvme-target kernel: workqueue: drm_fb_helper_damage_work hogged CPU for >10000us 8 times, consider switching to WQ_UNBOUND
Aug 02 01:44:17 zfsnvme-target kernel: EXT4-fs (sda1): mounted filesystem daf1189b-6b22-4ac2-8d16-ed2889e17297 ro with ordered data mode. Quota mode: none.
Aug 02 01:44:17 zfsnvme-target systemd[1]: Inserted module 'autofs4'
Aug 02 01:44:17 zfsnvme-target systemd[1]: systemd 255.4-1ubuntu8.16 running in system mode (+PAM +AUDIT +SELINUX +APPARMOR +IMA +SMACK +SECCOMP +GCRYPT -GNUTLS +OPENSSL +ACL +BLKID +CURL +ELFUTILS +FIDO2 +IDN2 -IDN +IPTC +KMOD +LIBCRYPTSETUP +LIBFDISK +PCRE2 -PWQUALITY +P11KIT +QRENCODE +TPM2 +BZIP2 +LZ4 +XZ +ZLIB +ZSTD -BPF_FRAMEWORK -XKBCOMMON +UTMP +SYSVINIT default-hierarchy=unified)
Aug 02 01:44:17 zfsnvme-target systemd[1]: Detected virtualization kvm.
Aug 02 01:44:17 zfsnvme-target systemd[1]: Detected architecture x86-64.
Aug 02 01:44:17 zfsnvme-target systemd[1]: Hostname set to <zfsnvme-target>.
Aug 02 01:44:17 zfsnvme-target systemd[1]: Queued start job for default target graphical.target.
Aug 02 01:44:17 zfsnvme-target systemd[1]: Created slice system-modprobe.slice - Slice /system/modprobe.
Aug 02 01:44:17 zfsnvme-target systemd[1]: Created slice system-serial\x2dgetty.slice - Slice /system/serial-getty.
Aug 02 01:44:17 zfsnvme-target systemd[1]: Created slice system-systemd\x2dfsck.slice - Slice /system/systemd-fsck.
Aug 02 01:44:17 zfsnvme-target systemd[1]: Created slice user.slice - User and Session Slice.
Aug 02 01:44:17 zfsnvme-target systemd[1]: Started systemd-ask-password-wall.path - Forward Password Requests to Wall Directory Watch.
Aug 02 01:44:17 zfsnvme-target systemd[1]: Set up automount proc-sys-fs-binfmt_misc.automount - Arbitrary Executable File Formats File System Automount Point.
Aug 02 01:44:17 zfsnvme-target systemd[1]: Expecting device dev-disk-by\x2dlabel-UEFI.device - /dev/disk/by-label/UEFI...
Aug 02 01:44:17 zfsnvme-target systemd[1]: Expecting device dev-ttyS0.device - /dev/ttyS0...
Aug 02 01:44:17 zfsnvme-target systemd[1]: Reached target integritysetup.target - Local Integrity Protected Volumes.
Aug 02 01:44:17 zfsnvme-target systemd[1]: Reached target slices.target - Slice Units.
Aug 02 01:44:17 zfsnvme-target systemd[1]: Reached target swap.target - Swaps.
Aug 02 01:44:17 zfsnvme-target systemd[1]: Reached target veritysetup.target - Local Verity Protected Volumes.
Aug 02 01:44:17 zfsnvme-target systemd[1]: Listening on dm-event.socket - Device-mapper event daemon FIFOs.
Aug 02 01:44:17 zfsnvme-target systemd[1]: Listening on lvm2-lvmpolld.socket - LVM2 poll daemon socket.
Aug 02 01:44:17 zfsnvme-target systemd[1]: Listening on multipathd.socket - multipathd control socket.
Aug 02 01:44:17 zfsnvme-target systemd[1]: Listening on syslog.socket - Syslog Socket.
Aug 02 01:44:17 zfsnvme-target systemd[1]: Listening on systemd-fsckd.socket - fsck to fsckd communication Socket.
Aug 02 01:44:17 zfsnvme-target systemd[1]: Listening on systemd-initctl.socket - initctl Compatibility Named Pipe.
Aug 02 01:44:17 zfsnvme-target systemd[1]: Listening on systemd-journald-dev-log.socket - Journal Socket (/dev/log).
Aug 02 01:44:17 zfsnvme-target systemd[1]: Listening on systemd-journald.socket - Journal Socket.
Aug 02 01:44:17 zfsnvme-target systemd[1]: Listening on systemd-networkd.socket - Network Service Netlink Socket.
Aug 02 01:44:17 zfsnvme-target systemd[1]: systemd-pcrextend.socket - TPM2 PCR Extension (Varlink) was skipped because of an unmet condition check (ConditionSecurity=measured-uki).
Aug 02 01:44:17 zfsnvme-target systemd[1]: Listening on systemd-udevd-control.socket - udev Control Socket.
Aug 02 01:44:17 zfsnvme-target systemd[1]: Listening on systemd-udevd-kernel.socket - udev Kernel Socket.
Aug 02 01:44:17 zfsnvme-target systemd[1]: Mounting dev-hugepages.mount - Huge Pages File System...
Aug 02 01:44:17 zfsnvme-target systemd[1]: Mounting dev-mqueue.mount - POSIX Message Queue File System...
Aug 02 01:44:17 zfsnvme-target systemd[1]: Mounting sys-kernel-debug.mount - Kernel Debug File System...
Aug 02 01:44:17 zfsnvme-target systemd[1]: Mounting sys-kernel-tracing.mount - Kernel Trace File System...
Aug 02 01:44:17 zfsnvme-target systemd[1]: Starting systemd-journald.service - Journal Service...
Aug 02 01:44:17 zfsnvme-target systemd[1]: Starting keyboard-setup.service - Set the console keyboard layout...
Aug 02 01:44:17 zfsnvme-target systemd[1]: Starting kmod-static-nodes.service - Create List of Static Device Nodes...
Aug 02 01:44:17 zfsnvme-target systemd[1]: Starting lvm2-monitor.service - Monitoring of LVM2 mirrors, snapshots etc. using dmeventd or progress polling...
Aug 02 01:44:17 zfsnvme-target systemd-journald[322]: Collecting audit messages is disabled.
Aug 02 01:44:17 zfsnvme-target systemd[1]: Starting modprobe@configfs.service - Load Kernel Module configfs...
Aug 02 01:44:17 zfsnvme-target systemd-journald[322]: Journal started
Aug 02 01:44:17 zfsnvme-target systemd-journald[322]: Runtime Journal (/run/log/journal/73420f02c40e4600afae6976cb231406) is 2.4M, max 19.6M, 17.2M free.
Aug 02 01:44:17 zfsnvme-target systemd[1]: Starting modprobe@dm_mod.service - Load Kernel Module dm_mod...
Aug 02 01:44:17 zfsnvme-target systemd[1]: Starting modprobe@drm.service - Load Kernel Module drm...
Aug 02 01:44:17 zfsnvme-target systemd[1]: Starting modprobe@efi_pstore.service - Load Kernel Module efi_pstore...
Aug 02 01:44:17 zfsnvme-target systemd[1]: Starting modprobe@fuse.service - Load Kernel Module fuse...
Aug 02 01:44:17 zfsnvme-target systemd[1]: Starting modprobe@loop.service - Load Kernel Module loop...
Aug 02 01:44:17 zfsnvme-target systemd[1]: Starting modprobe@nvme_fabrics.service - Load Kernel Module nvme_fabrics...
Aug 02 01:44:17 zfsnvme-target systemd[1]: netplan-ovs-cleanup.service - OpenVSwitch configuration for cleanup was skipped because of an unmet condition check (ConditionFileIsExecutable=/usr/bin/ovs-vsctl).
Aug 02 01:44:17 zfsnvme-target systemd[1]: systemd-fsck-root.service - File System Check on Root Device was skipped because of an unmet condition check (ConditionPathExists=!/run/initramfs/fsck-root).
Aug 02 01:44:17 zfsnvme-target systemd[1]: Starting systemd-modules-load.service - Load Kernel Modules...
Aug 02 01:44:17 zfsnvme-target systemd[1]: systemd-pcrmachine.service - TPM2 PCR Machine ID Measurement was skipped because of an unmet condition check (ConditionSecurity=measured-uki).
Aug 02 01:44:17 zfsnvme-target systemd[1]: Starting systemd-remount-fs.service - Remount Root and Kernel File Systems...
Aug 02 01:44:17 zfsnvme-target systemd[1]: systemd-tpm2-setup-early.service - TPM2 SRK Setup (Early) was skipped because of an unmet condition check (ConditionSecurity=measured-uki).
Aug 02 01:44:17 zfsnvme-target systemd[1]: Starting systemd-udev-trigger.service - Coldplug All udev Devices...
Aug 02 01:44:17 zfsnvme-target systemd[1]: Started systemd-journald.service - Journal Service.
Aug 02 01:44:17 zfsnvme-target systemd[1]: Mounted dev-hugepages.mount - Huge Pages File System.
Aug 02 01:44:17 zfsnvme-target systemd[1]: Mounted dev-mqueue.mount - POSIX Message Queue File System.
Aug 02 01:44:17 zfsnvme-target systemd[1]: Mounted sys-kernel-debug.mount - Kernel Debug File System.
Aug 02 01:44:17 zfsnvme-target systemd[1]: Mounted sys-kernel-tracing.mount - Kernel Trace File System.
Aug 02 01:44:17 zfsnvme-target systemd[1]: Finished kmod-static-nodes.service - Create List of Static Device Nodes.
Aug 02 01:44:17 zfsnvme-target systemd[1]: Finished lvm2-monitor.service - Monitoring of LVM2 mirrors, snapshots etc. using dmeventd or progress polling.
Aug 02 01:44:17 zfsnvme-target systemd[1]: modprobe@configfs.service: Deactivated successfully.
Aug 02 01:44:17 zfsnvme-target systemd[1]: Finished modprobe@configfs.service - Load Kernel Module configfs.
Aug 02 01:44:17 zfsnvme-target systemd[1]: modprobe@dm_mod.service: Deactivated successfully.
Aug 02 01:44:17 zfsnvme-target systemd[1]: Finished modprobe@dm_mod.service - Load Kernel Module dm_mod.
Aug 02 01:44:17 zfsnvme-target systemd[1]: modprobe@drm.service: Deactivated successfully.
Aug 02 01:44:17 zfsnvme-target systemd[1]: Finished modprobe@drm.service - Load Kernel Module drm.
Aug 02 01:44:17 zfsnvme-target systemd[1]: modprobe@efi_pstore.service: Deactivated successfully.
Aug 02 01:44:17 zfsnvme-target systemd[1]: Finished modprobe@efi_pstore.service - Load Kernel Module efi_pstore.
Aug 02 01:44:17 zfsnvme-target systemd[1]: modprobe@fuse.service: Deactivated successfully.
Aug 02 01:44:17 zfsnvme-target systemd[1]: Finished modprobe@fuse.service - Load Kernel Module fuse.
Aug 02 01:44:17 zfsnvme-target systemd[1]: modprobe@loop.service: Deactivated successfully.
Aug 02 01:44:17 zfsnvme-target systemd[1]: Finished modprobe@loop.service - Load Kernel Module loop.
Aug 02 01:44:17 zfsnvme-target systemd-modules-load[342]: Inserted module 'dm_multipath'
Aug 02 01:44:17 zfsnvme-target kernel: EXT4-fs (sda1): re-mounted daf1189b-6b22-4ac2-8d16-ed2889e17297 r/w.
Aug 02 01:44:17 zfsnvme-target systemd[1]: Mounting sys-fs-fuse-connections.mount - FUSE Control File System...
Aug 02 01:44:17 zfsnvme-target kernel: Key type psk registered
Aug 02 01:44:17 zfsnvme-target kernel: workqueue: drm_fb_helper_damage_work hogged CPU for >10000us 16 times, consider switching to WQ_UNBOUND
Aug 02 01:44:17 zfsnvme-target systemd[1]: Mounting sys-kernel-config.mount - Kernel Configuration File System...
Aug 02 01:44:17 zfsnvme-target systemd[1]: systemd-repart.service - Repartition Root Disk was skipped because no trigger condition checks were met.
Aug 02 01:44:17 zfsnvme-target systemd[1]: Starting systemd-tmpfiles-setup-dev-early.service - Create Static Device Nodes in /dev gracefully...
Aug 02 01:44:17 zfsnvme-target systemd[1]: Finished systemd-remount-fs.service - Remount Root and Kernel File Systems.
Aug 02 01:44:17 zfsnvme-target systemd[1]: Mounted sys-fs-fuse-connections.mount - FUSE Control File System.
Aug 02 01:44:17 zfsnvme-target systemd[1]: Mounted sys-kernel-config.mount - Kernel Configuration File System.
Aug 02 01:44:17 zfsnvme-target systemd[1]: Starting multipathd.service - Device-Mapper Multipath Device Controller...
Aug 02 01:44:17 zfsnvme-target systemd[1]: systemd-hwdb-update.service - Rebuild Hardware Database was skipped because of an unmet condition check (ConditionNeedsUpdate=/etc).
Aug 02 01:44:17 zfsnvme-target systemd[1]: Starting systemd-journal-flush.service - Flush Journal to Persistent Storage...
Aug 02 01:44:17 zfsnvme-target systemd[1]: systemd-pstore.service - Platform Persistent Storage Archival was skipped because of an unmet condition check (ConditionDirectoryNotEmpty=/sys/fs/pstore).
Aug 02 01:44:17 zfsnvme-target systemd[1]: Starting systemd-random-seed.service - Load/Save OS Random Seed...
Aug 02 01:44:17 zfsnvme-target systemd[1]: systemd-tpm2-setup.service - TPM2 SRK Setup was skipped because of an unmet condition check (ConditionSecurity=measured-uki).
Aug 02 01:44:17 zfsnvme-target systemd[1]: Finished keyboard-setup.service - Set the console keyboard layout.
Aug 02 01:44:17 zfsnvme-target systemd[1]: modprobe@nvme_fabrics.service: Deactivated successfully.
Aug 02 01:44:17 zfsnvme-target systemd[1]: Finished modprobe@nvme_fabrics.service - Load Kernel Module nvme_fabrics.
Aug 02 01:44:17 zfsnvme-target systemd-journald[322]: Time spent on flushing to /var/log/journal/73420f02c40e4600afae6976cb231406 is 61.235ms for 1066 entries.
Aug 02 01:44:17 zfsnvme-target systemd-journald[322]: System Journal (/var/log/journal/73420f02c40e4600afae6976cb231406) is 57.3M, max 1.9G, 1.8G free.
Aug 02 01:44:17 zfsnvme-target systemd-journald[322]: Received client request to flush runtime journal.
Aug 02 01:44:17 zfsnvme-target systemd-journald[322]: /var/log/journal/73420f02c40e4600afae6976cb231406/system.journal: Journal file uses a different sequence number ID, rotating.
Aug 02 01:44:17 zfsnvme-target systemd-journald[322]: Rotating system journal.
Aug 02 01:44:17 zfsnvme-target systemd[1]: Finished systemd-udev-trigger.service - Coldplug All udev Devices.
Aug 02 01:44:17 zfsnvme-target systemd-modules-load[342]: Inserted module 'nvmet_tcp'
Aug 02 01:44:17 zfsnvme-target multipathd[382]: multipathd v0.9.4: start up
Aug 02 01:44:17 zfsnvme-target multipathd[382]: reconfigure: setting up paths and maps
Aug 02 01:44:17 zfsnvme-target systemd[1]: Finished systemd-modules-load.service - Load Kernel Modules.
Aug 02 01:44:17 zfsnvme-target systemd[1]: Finished systemd-tmpfiles-setup-dev-early.service - Create Static Device Nodes in /dev gracefully.
Aug 02 01:44:17 zfsnvme-target systemd[1]: Finished systemd-random-seed.service - Load/Save OS Random Seed.
Aug 02 01:44:17 zfsnvme-target systemd[1]: Starting systemd-sysctl.service - Apply Kernel Variables...
Aug 02 01:44:17 zfsnvme-target systemd[1]: systemd-sysusers.service - Create System Users was skipped because no trigger condition checks were met.
Aug 02 01:44:17 zfsnvme-target systemd[1]: Starting systemd-tmpfiles-setup-dev.service - Create Static Device Nodes in /dev...
Aug 02 01:44:17 zfsnvme-target systemd[1]: Starting systemd-udev-settle.service - Wait for udev To Complete Device Initialization...
Aug 02 01:44:17 zfsnvme-target systemd[1]: Finished systemd-sysctl.service - Apply Kernel Variables.
Aug 02 01:44:17 zfsnvme-target udevadm[399]: systemd-udev-settle.service is deprecated. Please fix zfs-import-cache.service, zfs-load-module.service not to pull it in.
Aug 02 01:44:17 zfsnvme-target systemd[1]: Finished systemd-tmpfiles-setup-dev.service - Create Static Device Nodes in /dev.
Aug 02 01:44:17 zfsnvme-target systemd[1]: Starting systemd-udevd.service - Rule-based Manager for Device Events and Files...
Aug 02 01:44:17 zfsnvme-target systemd-udevd[401]: Using default interface naming scheme 'v255'.
Aug 02 01:44:17 zfsnvme-target systemd[1]: Started multipathd.service - Device-Mapper Multipath Device Controller.
Aug 02 01:44:17 zfsnvme-target systemd[1]: Started systemd-udevd.service - Rule-based Manager for Device Events and Files.
Aug 02 01:44:17 zfsnvme-target systemd[1]: nvmefc-boot-connections.service - Auto-connect to subsystems on FC-NVME devices found during boot was skipped because of an unmet condition check (ConditionPathExists=/sys/class/fc/fc_udev_device/nvme_discovery).
Aug 02 01:44:17 zfsnvme-target systemd[1]: Reached target local-fs-pre.target - Preparation for Local File Systems.
Aug 02 01:44:17 zfsnvme-target systemd[1]: plymouth-start.service - Show Plymouth Boot Screen was skipped because of an unmet condition check (ConditionKernelCommandLine=splash).
Aug 02 01:44:17 zfsnvme-target systemd[1]: Started systemd-ask-password-console.path - Dispatch Password Requests to Console Directory Watch.
Aug 02 01:44:17 zfsnvme-target systemd[1]: systemd-ask-password-plymouth.path - Forward Password Requests to Plymouth Directory Watch was skipped because of an unmet condition check (ConditionPathExists=/run/plymouth/pid).
Aug 02 01:44:17 zfsnvme-target systemd[1]: Reached target cryptsetup.target - Local Encrypted Volumes.
Aug 02 01:44:17 zfsnvme-target systemd[1]: Finished systemd-journal-flush.service - Flush Journal to Persistent Storage.
Aug 02 01:44:17 zfsnvme-target (udev-worker)[414]: enp6s18: Could not set WakeOnLan to off, ignoring: Operation not supported
Aug 02 01:44:17 zfsnvme-target kernel: virtio_net virtio2 eth0: renamed from enp6s18
Aug 02 01:44:17 zfsnvme-target systemd[1]: Found device dev-ttyS0.device - /dev/ttyS0.
Aug 02 01:44:17 zfsnvme-target systemd[1]: Found device dev-disk-by\x2dlabel-UEFI.device - QEMU_HARDDISK UEFI.
Aug 02 01:44:17 zfsnvme-target kernel: spl: loading out-of-tree module taints kernel.
Aug 02 01:44:17 zfsnvme-target systemd[1]: Starting systemd-fsck@dev-disk-by\x2dlabel-UEFI.service - File System Check on /dev/disk/by-label/UEFI...
Aug 02 01:44:17 zfsnvme-target systemd[1]: Started systemd-fsckd.service - File System Check Daemon to report status.
Aug 02 01:44:17 zfsnvme-target systemd-fsck[517]: fsck.fat 4.2 (2021-01-31)
Aug 02 01:44:17 zfsnvme-target systemd-fsck[517]: /dev/sda15: 12 files, 12499/213663 clusters
Aug 02 01:44:17 zfsnvme-target systemd[1]: Finished systemd-fsck@dev-disk-by\x2dlabel-UEFI.service - File System Check on /dev/disk/by-label/UEFI.
Aug 02 01:44:17 zfsnvme-target systemd[1]: Mounting boot-efi.mount - /boot/efi...
Aug 02 01:44:17 zfsnvme-target systemd[1]: Mounted boot-efi.mount - /boot/efi.
Aug 02 01:44:17 zfsnvme-target kernel: zfs: module license 'CDDL' taints kernel.
Aug 02 01:44:17 zfsnvme-target kernel: Disabling lock debugging due to kernel taint
Aug 02 01:44:17 zfsnvme-target kernel: zfs: module license taints kernel.
Aug 02 01:44:18 zfsnvme-target systemd[1]: Starting modprobe@dm_mod.service - Load Kernel Module dm_mod...
Aug 02 01:44:18 zfsnvme-target systemd[1]: Starting modprobe@efi_pstore.service - Load Kernel Module efi_pstore...
Aug 02 01:44:18 zfsnvme-target systemd[1]: Starting modprobe@loop.service - Load Kernel Module loop...
Aug 02 01:44:18 zfsnvme-target systemd[1]: netplan-ovs-cleanup.service - OpenVSwitch configuration for cleanup was skipped because of an unmet condition check (ConditionFileIsExecutable=/usr/bin/ovs-vsctl).
Aug 02 01:44:18 zfsnvme-target systemd[1]: plymouth-start.service - Show Plymouth Boot Screen was skipped because of an unmet condition check (ConditionKernelCommandLine=splash).
Aug 02 01:44:18 zfsnvme-target systemd[1]: systemd-ask-password-plymouth.path - Forward Password Requests to Plymouth Directory Watch was skipped because of an unmet condition check (ConditionPathExists=/run/plymouth/pid).
Aug 02 01:44:18 zfsnvme-target systemd[1]: systemd-fsck-root.service - File System Check on Root Device was skipped because of an unmet condition check (ConditionPathExists=!/run/initramfs/fsck-root).
Aug 02 01:44:18 zfsnvme-target systemd[1]: systemd-hwdb-update.service - Rebuild Hardware Database was skipped because of an unmet condition check (ConditionNeedsUpdate=/etc).
Aug 02 01:44:18 zfsnvme-target systemd[1]: systemd-pcrmachine.service - TPM2 PCR Machine ID Measurement was skipped because of an unmet condition check (ConditionSecurity=measured-uki).
Aug 02 01:44:18 zfsnvme-target systemd[1]: systemd-sysusers.service - Create System Users was skipped because no trigger condition checks were met.
Aug 02 01:44:18 zfsnvme-target systemd[1]: systemd-tpm2-setup-early.service - TPM2 SRK Setup (Early) was skipped because of an unmet condition check (ConditionSecurity=measured-uki).
Aug 02 01:44:18 zfsnvme-target systemd[1]: systemd-tpm2-setup.service - TPM2 SRK Setup was skipped because of an unmet condition check (ConditionSecurity=measured-uki).
Aug 02 01:44:18 zfsnvme-target systemd[1]: modprobe@dm_mod.service: Deactivated successfully.
Aug 02 01:44:18 zfsnvme-target systemd[1]: Finished modprobe@dm_mod.service - Load Kernel Module dm_mod.
Aug 02 01:44:18 zfsnvme-target systemd[1]: modprobe@efi_pstore.service: Deactivated successfully.
Aug 02 01:44:18 zfsnvme-target systemd[1]: Finished modprobe@efi_pstore.service - Load Kernel Module efi_pstore.
Aug 02 01:44:18 zfsnvme-target systemd[1]: systemd-pstore.service - Platform Persistent Storage Archival was skipped because of an unmet condition check (ConditionDirectoryNotEmpty=/sys/fs/pstore).
Aug 02 01:44:18 zfsnvme-target systemd[1]: modprobe@loop.service: Deactivated successfully.
Aug 02 01:44:18 zfsnvme-target systemd[1]: Finished modprobe@loop.service - Load Kernel Module loop.
Aug 02 01:44:18 zfsnvme-target systemd[1]: systemd-repart.service - Repartition Root Disk was skipped because no trigger condition checks were met.
Aug 02 01:44:18 zfsnvme-target systemd[1]: Listening on systemd-rfkill.socket - Load/Save RF Kill Switch Status /dev/rfkill Watch.
Aug 02 01:44:18 zfsnvme-target (udev-worker)[410]: eth0: Could not set WakeOnLan to off, ignoring: Operation not supported
Aug 02 01:44:18 zfsnvme-target kernel: lpc_ich 0000:00:1f.0: I/O space for GPIO uninitialized
Aug 02 01:44:18 zfsnvme-target kernel: i801_smbus 0000:00:1f.3: SMBus using PCI interrupt
Aug 02 01:44:18 zfsnvme-target kernel: i2c i2c-0: 1/1 memory slots populated (from DMI)
Aug 02 01:44:18 zfsnvme-target kernel: i2c i2c-0: Memory type 0x07 not supported yet, not instantiating SPD
Aug 02 01:44:18 zfsnvme-target kernel: snd_hda_intel 0000:00:1b.0: no codecs found!
Aug 02 01:44:18 zfsnvme-target kernel: kvm_amd: TSC scaling supported
Aug 02 01:44:18 zfsnvme-target kernel: kvm_amd: Nested Virtualization enabled
Aug 02 01:44:18 zfsnvme-target kernel: kvm_amd: Nested Paging enabled
Aug 02 01:44:18 zfsnvme-target kernel: kvm_amd: LBR virtualization supported
Aug 02 01:44:18 zfsnvme-target kernel: kvm_amd: Virtual VMLOAD VMSAVE supported
Aug 02 01:44:18 zfsnvme-target kernel: kvm_amd: Virtual GIF supported
Aug 02 01:44:18 zfsnvme-target systemd[1]: Reached target sound.target - Sound Card.
Aug 02 01:44:19 zfsnvme-target kernel: ZFS: Loaded module v2.2.2-0ubuntu9.4, ZFS pool version 5000, ZFS filesystem version 5
Aug 02 01:44:19 zfsnvme-target systemd[1]: Finished systemd-udev-settle.service - Wait for udev To Complete Device Initialization.
Aug 02 01:44:19 zfsnvme-target systemd[1]: Starting zfs-load-module.service - Install ZFS kernel module...
Aug 02 01:44:19 zfsnvme-target systemd[1]: Finished zfs-load-module.service - Install ZFS kernel module.
Aug 02 01:44:19 zfsnvme-target systemd[1]: Starting zfs-import-cache.service - Import ZFS pools by cache file...
Aug 02 01:44:20 zfsnvme-target kernel:  zd80: p1 p14 p15
Aug 02 01:44:20 zfsnvme-target systemd[1]: Finished zfs-import-cache.service - Import ZFS pools by cache file.
Aug 02 01:44:20 zfsnvme-target systemd[1]: Reached target zfs-import.target - ZFS pool import target.
Aug 02 01:44:20 zfsnvme-target systemd[1]: Starting zfs-mount.service - Mount ZFS filesystems...
Aug 02 01:44:20 zfsnvme-target systemd[1]: Starting zfs-volume-wait.service - Wait for ZFS Volume (zvol) links in /dev...
Aug 02 01:44:20 zfsnvme-target zfs[716]: failed to lock /etc/exports.d/zfs.exports.lock: No such file or directory
Aug 02 01:44:20 zfsnvme-target systemd[1]: Finished zfs-mount.service - Mount ZFS filesystems.
Aug 02 01:44:20 zfsnvme-target systemd[1]: Reached target snapd.mounts-pre.target - Mounting snaps.
Aug 02 01:44:20 zfsnvme-target zvol_wait[720]: Testing 6 zvol links
Aug 02 01:44:20 zfsnvme-target zvol_wait[720]: All zvol links are now present.
Aug 02 01:44:20 zfsnvme-target systemd[1]: Mounting snap-core20-2669.mount - Mount unit for core20, revision 2669...
Aug 02 01:44:20 zfsnvme-target kernel: loop0: detected capacity change from 0 to 130608
Aug 02 01:44:20 zfsnvme-target systemd[1]: Mounting snap-core20-2866.mount - Mount unit for core20, revision 2866...
Aug 02 01:44:20 zfsnvme-target systemd[1]: Mounting snap-core22-2411.mount - Mount unit for core22, revision 2411...
Aug 02 01:44:20 zfsnvme-target kernel: loop1: detected capacity change from 0 to 130624
Aug 02 01:44:20 zfsnvme-target systemd[1]: Mounting snap-lxd-40115.mount - Mount unit for lxd, revision 40115...
Aug 02 01:44:20 zfsnvme-target kernel: loop2: detected capacity change from 0 to 151512
Aug 02 01:44:20 zfsnvme-target kernel: loop3: detected capacity change from 0 to 235776
Aug 02 01:44:20 zfsnvme-target systemd[1]: Mounting snap-lxd-40338.mount - Mount unit for lxd, revision 40338...
Aug 02 01:44:20 zfsnvme-target kernel: loop4: detected capacity change from 0 to 236048
Aug 02 01:44:20 zfsnvme-target systemd[1]: Mounting snap-snapd-25577.mount - Mount unit for snapd, revision 25577...
Aug 02 01:44:20 zfsnvme-target kernel: loop5: detected capacity change from 0 to 104296
Aug 02 01:44:20 zfsnvme-target systemd[1]: Mounting snap-snapd-27591.mount - Mount unit for snapd, revision 27591...
Aug 02 01:44:20 zfsnvme-target kernel: loop6: detected capacity change from 0 to 102608
Aug 02 01:44:20 zfsnvme-target systemd[1]: Finished zfs-volume-wait.service - Wait for ZFS Volume (zvol) links in /dev.
Aug 02 01:44:20 zfsnvme-target systemd[1]: Mounted snap-core20-2669.mount - Mount unit for core20, revision 2669.
Aug 02 01:44:20 zfsnvme-target systemd[1]: Mounted snap-core20-2866.mount - Mount unit for core20, revision 2866.
Aug 02 01:44:20 zfsnvme-target systemd[1]: Mounted snap-core22-2411.mount - Mount unit for core22, revision 2411.
Aug 02 01:44:20 zfsnvme-target systemd[1]: Mounted snap-lxd-40115.mount - Mount unit for lxd, revision 40115.
Aug 02 01:44:20 zfsnvme-target systemd[1]: Mounted snap-lxd-40338.mount - Mount unit for lxd, revision 40338.
Aug 02 01:44:20 zfsnvme-target systemd[1]: Mounted snap-snapd-25577.mount - Mount unit for snapd, revision 25577.
Aug 02 01:44:20 zfsnvme-target systemd[1]: Mounted snap-snapd-27591.mount - Mount unit for snapd, revision 27591.
Aug 02 01:44:20 zfsnvme-target systemd[1]: Reached target snapd.mounts.target - Mounted snaps.
Aug 02 01:44:20 zfsnvme-target systemd[1]: Reached target local-fs.target - Local File Systems.
Aug 02 01:44:20 zfsnvme-target systemd[1]: Reached target zfs-volumes.target - ZFS volumes are ready.
Aug 02 01:44:20 zfsnvme-target systemd[1]: Listening on systemd-sysext.socket - System Extension Image Management (Varlink).
Aug 02 01:44:20 zfsnvme-target systemd[1]: Starting apparmor.service - Load AppArmor profiles...
Aug 02 01:44:20 zfsnvme-target systemd[1]: Starting console-setup.service - Set console font and keymap...
Aug 02 01:44:20 zfsnvme-target systemd[1]: Starting finalrd.service - Create final runtime dir for shutdown pivot root...
Aug 02 01:44:20 zfsnvme-target systemd[1]: ldconfig.service - Rebuild Dynamic Linker Cache was skipped because no trigger condition checks were met.
Aug 02 01:44:20 zfsnvme-target systemd[1]: Starting plymouth-read-write.service - Tell Plymouth To Write Out Runtime Data...
Aug 02 01:44:20 zfsnvme-target systemd[1]: Starting systemd-binfmt.service - Set Up Additional Binary Formats...
Aug 02 01:44:20 zfsnvme-target apparmor.systemd[779]: Restarting AppArmor
Aug 02 01:44:20 zfsnvme-target systemd[1]: Starting systemd-tmpfiles-setup.service - Create Volatile Files and Directories...
Aug 02 01:44:20 zfsnvme-target apparmor.systemd[779]: /lib/apparmor/apparmor.systemd: 148: [: Illegal number: yes
Aug 02 01:44:20 zfsnvme-target apparmor.systemd[779]: Reloading AppArmor profiles
Aug 02 01:44:20 zfsnvme-target systemd[1]: Starting ufw.service - Uncomplicated firewall...
Aug 02 01:44:20 zfsnvme-target systemd[1]: Finished console-setup.service - Set console font and keymap.
Aug 02 01:44:20 zfsnvme-target systemd[1]: Finished finalrd.service - Create final runtime dir for shutdown pivot root.
Aug 02 01:44:20 zfsnvme-target systemd[1]: Finished plymouth-read-write.service - Tell Plymouth To Write Out Runtime Data.
Aug 02 01:44:20 zfsnvme-target systemd[1]: Finished ufw.service - Uncomplicated firewall.
Aug 02 01:44:20 zfsnvme-target systemd[1]: proc-sys-fs-binfmt_misc.automount: Got automount request for /proc/sys/fs/binfmt_misc, triggered by 788 (systemd-binfmt)
Aug 02 01:44:20 zfsnvme-target systemd[1]: Reached target network-pre.target - Preparation for Network.
Aug 02 01:44:20 zfsnvme-target systemd[1]: Mounting proc-sys-fs-binfmt_misc.mount - Arbitrary Executable File Formats File System...
Aug 02 01:44:20 zfsnvme-target systemd[1]: Starting systemd-networkd.service - Network Configuration...
Aug 02 01:44:20 zfsnvme-target kernel: audit: type=1400 audit(1785635060.463:2): apparmor="STATUS" operation="profile_load" profile="unconfined" name="Discord" pid=803 comm="apparmor_parser"
Aug 02 01:44:20 zfsnvme-target kernel: audit: type=1400 audit(1785635060.465:3): apparmor="STATUS" operation="profile_load" profile="unconfined" name="1password" pid=802 comm="apparmor_parser"
Aug 02 01:44:20 zfsnvme-target systemd[1]: Mounted proc-sys-fs-binfmt_misc.mount - Arbitrary Executable File Formats File System.
Aug 02 01:44:20 zfsnvme-target kernel: audit: type=1400 audit(1785635060.467:4): apparmor="STATUS" operation="profile_load" profile="unconfined" name=4D6F6E676F444220436F6D70617373 pid=806 comm="apparmor_parser"
Aug 02 01:44:20 zfsnvme-target kernel: audit: type=1400 audit(1785635060.470:5): apparmor="STATUS" operation="profile_load" profile="unconfined" name="QtWebEngineProcess" pid=807 comm="apparmor_parser"
Aug 02 01:44:20 zfsnvme-target kernel: audit: type=1400 audit(1785635060.472:6): apparmor="STATUS" operation="profile_load" profile="unconfined" name="balena-etcher" pid=808 comm="apparmor_parser"
Aug 02 01:44:20 zfsnvme-target kernel: audit: type=1400 audit(1785635060.474:7): apparmor="STATUS" operation="profile_load" profile="unconfined" name="brave" pid=810 comm="apparmor_parser"
Aug 02 01:44:20 zfsnvme-target kernel: audit: type=1400 audit(1785635060.475:8): apparmor="STATUS" operation="profile_load" profile="unconfined" name="buildah" pid=811 comm="apparmor_parser"
Aug 02 01:44:20 zfsnvme-target kernel: audit: type=1400 audit(1785635060.476:9): apparmor="STATUS" operation="profile_load" profile="unconfined" name="cam" pid=812 comm="apparmor_parser"
Aug 02 01:44:20 zfsnvme-target kernel: audit: type=1400 audit(1785635060.477:10): apparmor="STATUS" operation="profile_load" profile="unconfined" name="ch-checkns" pid=813 comm="apparmor_parser"
Aug 02 01:44:20 zfsnvme-target systemd[1]: Finished systemd-binfmt.service - Set Up Additional Binary Formats.
Aug 02 01:44:20 zfsnvme-target systemd[1]: Finished systemd-tmpfiles-setup.service - Create Volatile Files and Directories.
Aug 02 01:44:20 zfsnvme-target kernel: audit: type=1400 audit(1785635060.481:11): apparmor="STATUS" operation="profile_load" profile="unconfined" name="ch-run" pid=814 comm="apparmor_parser"
Aug 02 01:44:20 zfsnvme-target systemd[1]: systemd-firstboot.service - First Boot Wizard was skipped because of an unmet condition check (ConditionFirstBoot=yes).
Aug 02 01:44:20 zfsnvme-target systemd[1]: first-boot-complete.target - First Boot Complete was skipped because of an unmet condition check (ConditionFirstBoot=yes).
Aug 02 01:44:20 zfsnvme-target systemd[1]: systemd-journal-catalog-update.service - Rebuild Journal Catalog was skipped because of an unmet condition check (ConditionNeedsUpdate=/var).
Aug 02 01:44:20 zfsnvme-target systemd[1]: systemd-machine-id-commit.service - Commit a transient machine-id on disk was skipped because of an unmet condition check (ConditionPathIsMountPoint=/etc/machine-id).
Aug 02 01:44:20 zfsnvme-target systemd[1]: Starting systemd-resolved.service - Network Name Resolution...
Aug 02 01:44:20 zfsnvme-target systemd[1]: Starting systemd-timesyncd.service - Network Time Synchronization...
Aug 02 01:44:20 zfsnvme-target systemd[1]: systemd-update-done.service - Update is Completed was skipped because no trigger condition checks were met.
Aug 02 01:44:20 zfsnvme-target systemd[1]: Starting systemd-update-utmp.service - Record System Boot/Shutdown in UTMP...
Aug 02 01:44:20 zfsnvme-target systemd[1]: Finished systemd-update-utmp.service - Record System Boot/Shutdown in UTMP.
Aug 02 01:44:20 zfsnvme-target kernel: cfg80211: Loading compiled-in X.509 certificates for regulatory database
Aug 02 01:44:20 zfsnvme-target kernel: Loaded X.509 cert 'sforshee: 00b28ddf47aef9cea7'
Aug 02 01:44:20 zfsnvme-target kernel: Loaded X.509 cert 'wens: 61c038651aabdcf94bd0ac7ff06c7248db18c600'
Aug 02 01:44:20 zfsnvme-target systemd-networkd[805]: lo: Link UP
Aug 02 01:44:20 zfsnvme-target systemd-networkd[805]: lo: Gained carrier
Aug 02 01:44:20 zfsnvme-target systemd-networkd[805]: Enumeration completed
Aug 02 01:44:20 zfsnvme-target systemd[1]: Started systemd-networkd.service - Network Configuration.
Aug 02 01:44:20 zfsnvme-target systemd-networkd[805]: eth0: Configuring with /run/systemd/network/10-netplan-eth0.network.
Aug 02 01:44:20 zfsnvme-target systemd-networkd[805]: enp6s19: Configuring with /run/systemd/network/10-netplan-enp6s19.network.
Aug 02 01:44:20 zfsnvme-target systemd-networkd[805]: enp6s20: Configuring with /run/systemd/network/10-netplan-enp6s20.network.
Aug 02 01:44:20 zfsnvme-target systemd-networkd[805]: enp6s21: Configuring with /run/systemd/network/10-netplan-enp6s21.network.
Aug 02 01:44:20 zfsnvme-target systemd[1]: Starting systemd-networkd-wait-online.service - Wait for Network to be Configured...
Aug 02 01:44:20 zfsnvme-target systemd-networkd[805]: eth0: Link UP
Aug 02 01:44:20 zfsnvme-target systemd-networkd[805]: eth0: Gained carrier
Aug 02 01:44:20 zfsnvme-target systemd-networkd[805]: enp6s19: Link UP
Aug 02 01:44:20 zfsnvme-target systemd-networkd[805]: enp6s20: Link UP
Aug 02 01:44:20 zfsnvme-target systemd-networkd[805]: enp6s21: Link UP
Aug 02 01:44:20 zfsnvme-target systemd-networkd[805]: enp6s19: Gained carrier
Aug 02 01:44:20 zfsnvme-target systemd-networkd[805]: enp6s20: Gained carrier
Aug 02 01:44:20 zfsnvme-target systemd-resolved[820]: Positive Trust Anchors:
Aug 02 01:44:20 zfsnvme-target systemd-resolved[820]: . IN DS 20326 8 2 e06d44b80b8f1d39a95c0b0d7c65d08458e880409bbc683457104237c7f8ec8d
Aug 02 01:44:20 zfsnvme-target systemd-resolved[820]: Negative trust anchors: home.arpa 10.in-addr.arpa 16.172.in-addr.arpa 17.172.in-addr.arpa 18.172.in-addr.arpa 19.172.in-addr.arpa 20.172.in-addr.arpa 21.172.in-addr.arpa 22.172.in-addr.arpa 23.172.in-addr.arpa 24.172.in-addr.arpa 25.172.in-addr.arpa 26.172.in-addr.arpa 27.172.in-addr.arpa 28.172.in-addr.arpa 29.172.in-addr.arpa 30.172.in-addr.arpa 31.172.in-addr.arpa 170.0.0.192.in-addr.arpa 171.0.0.192.in-addr.arpa 168.192.in-addr.arpa d.f.ip6.arpa ipv4only.arpa corp home internal intranet lan local private test
Aug 02 01:44:20 zfsnvme-target systemd-networkd[805]: enp6s21: Gained carrier
Aug 02 01:44:20 zfsnvme-target systemd[1]: Started systemd-timesyncd.service - Network Time Synchronization.
Aug 02 01:44:20 zfsnvme-target systemd-timesyncd[823]: Network configuration changed, trying to establish connection.
Aug 02 01:44:20 zfsnvme-target systemd[1]: Reached target time-set.target - System Time Set.
Aug 02 01:44:20 zfsnvme-target systemd-resolved[820]: Using system hostname 'zfsnvme-target'.
Aug 02 01:44:20 zfsnvme-target systemd[1]: Started systemd-resolved.service - Network Name Resolution.
Aug 02 01:44:20 zfsnvme-target systemd[1]: Reached target network.target - Network.
Aug 02 01:44:20 zfsnvme-target systemd[1]: Reached target nss-lookup.target - Host and Network Name Lookups.
Aug 02 01:44:20 zfsnvme-target systemd[1]: Finished apparmor.service - Load AppArmor profiles.
Aug 02 01:44:20 zfsnvme-target systemd[1]: Starting snapd.apparmor.service - Load AppArmor profiles managed internally by snapd...
Aug 02 01:44:20 zfsnvme-target systemd[1]: vgauth.service - Authentication service for virtual machines hosted on VMware was skipped because of an unmet condition check (ConditionVirtualization=vmware).
Aug 02 01:44:20 zfsnvme-target systemd[1]: open-vm-tools.service - Service for virtual machines hosted on VMware was skipped because of an unmet condition check (ConditionVirtualization=vmware).
Aug 02 01:44:20 zfsnvme-target snapd-apparmor[919]: main.go:146: Loading profiles [/var/lib/snapd/apparmor/profiles/snap-confine.snapd.25577 /var/lib/snapd/apparmor/profiles/snap-confine.snapd.27591 /var/lib/snapd/apparmor/profiles/snap-update-ns.lxd /var/lib/snapd/apparmor/profiles/snap.lxd.activate /var/lib/snapd/apparmor/profiles/snap.lxd.benchmark /var/lib/snapd/apparmor/profiles/snap.lxd.buginfo /var/lib/snapd/apparmor/profiles/snap.lxd.check-kernel /var/lib/snapd/apparmor/profiles/snap.lxd.daemon /var/lib/snapd/apparmor/profiles/snap.lxd.hook.configure /var/lib/snapd/apparmor/profiles/snap.lxd.hook.install /var/lib/snapd/apparmor/profiles/snap.lxd.hook.remove /var/lib/snapd/apparmor/profiles/snap.lxd.lxc /var/lib/snapd/apparmor/profiles/snap.lxd.lxc-to-lxd /var/lib/snapd/apparmor/profiles/snap.lxd.lxd /var/lib/snapd/apparmor/profiles/snap.lxd.migrate /var/lib/snapd/apparmor/profiles/snap.lxd.user-daemon]
Aug 02 01:44:20 zfsnvme-target systemd[1]: Finished snapd.apparmor.service - Load AppArmor profiles managed internally by snapd.
Aug 02 01:44:20 zfsnvme-target systemd[1]: Reached target sysinit.target - System Initialization.
Aug 02 01:44:20 zfsnvme-target systemd[1]: apport-autoreport.path - Process error reports when automatic reporting is enabled (file watch) was skipped because of an unmet condition check (ConditionPathExists=/var/lib/apport/autoreport).
Aug 02 01:44:20 zfsnvme-target systemd[1]: tpm-udev.path - Handle dynamically added tpm devices was skipped because of an unmet condition check (ConditionVirtualization=container).
Aug 02 01:44:20 zfsnvme-target systemd[1]: apport-autoreport.timer - Process error reports when automatic reporting is enabled (timer based) was skipped because of an unmet condition check (ConditionPathExists=/var/lib/apport/autoreport).
Aug 02 01:44:20 zfsnvme-target systemd[1]: Started apt-daily.timer - Daily apt download activities.
Aug 02 01:44:20 zfsnvme-target systemd[1]: Started apt-daily-upgrade.timer - Daily apt upgrade and clean activities.
Aug 02 01:44:20 zfsnvme-target systemd[1]: Started dpkg-db-backup.timer - Daily dpkg database backup timer.
Aug 02 01:44:20 zfsnvme-target systemd[1]: Started e2scrub_all.timer - Periodic ext4 Online Metadata Check for All Filesystems.
Aug 02 01:44:20 zfsnvme-target systemd[1]: Started fstrim.timer - Discard unused filesystem blocks once a week.
Aug 02 01:44:20 zfsnvme-target systemd[1]: Started logrotate.timer - Daily rotation of log files.
Aug 02 01:44:20 zfsnvme-target systemd[1]: Started man-db.timer - Daily man-db regeneration.
Aug 02 01:44:20 zfsnvme-target systemd[1]: Started motd-news.timer - Message of the Day.
Aug 02 01:44:20 zfsnvme-target systemd[1]: snapd.snap-repair.timer - Timer to automatically fetch and run repair assertions was skipped because no trigger condition checks were met.
Aug 02 01:44:20 zfsnvme-target systemd[1]: Started systemd-tmpfiles-clean.timer - Daily Cleanup of Temporary Directories.
Aug 02 01:44:20 zfsnvme-target systemd[1]: ua-timer.timer - Ubuntu Pro Timer for running repeated jobs was skipped because of an unmet condition check (ConditionPathExists=/var/lib/ubuntu-advantage/private/machine-token.json).
Aug 02 01:44:20 zfsnvme-target systemd[1]: Reached target paths.target - Path Units.
Aug 02 01:44:20 zfsnvme-target systemd[1]: apport-forward.socket - Unix socket for apport crash forwarding was skipped because of an unmet condition check (ConditionVirtualization=container).
Aug 02 01:44:20 zfsnvme-target systemd[1]: Listening on dbus.socket - D-Bus System Message Bus Socket.
Aug 02 01:44:20 zfsnvme-target systemd[1]: Listening on iscsid.socket - Open-iSCSI iscsid Socket.
Aug 02 01:44:20 zfsnvme-target systemd[1]: Starting lxd-installer.socket - Helper to install lxd snap on demand...
Aug 02 01:44:20 zfsnvme-target systemd[1]: Listening on snap.lxd.daemon.unix.socket - Socket unix for snap application lxd.daemon.
Aug 02 01:44:20 zfsnvme-target systemd[1]: Listening on snap.lxd.user-daemon.unix.socket - Socket unix for snap application lxd.user-daemon.
Aug 02 01:44:20 zfsnvme-target systemd[1]: Starting snapd.socket - Socket activation for snappy daemon...
Aug 02 01:44:20 zfsnvme-target systemd[1]: Listening on ssh.socket - OpenBSD Secure Shell server socket.
Aug 02 01:44:20 zfsnvme-target systemd[1]: Listening on uuidd.socket - UUID daemon activation socket.
Aug 02 01:44:20 zfsnvme-target systemd[1]: systemd-pcrphase-sysinit.service - TPM2 PCR Barrier (Initialization) was skipped because of an unmet condition check (ConditionSecurity=measured-uki).
Aug 02 01:44:20 zfsnvme-target systemd[1]: Listening on lxd-installer.socket - Helper to install lxd snap on demand.
Aug 02 01:44:20 zfsnvme-target systemd[1]: Listening on snapd.socket - Socket activation for snappy daemon.
Aug 02 01:44:20 zfsnvme-target systemd[1]: Reached target sockets.target - Socket Units.
Aug 02 01:44:20 zfsnvme-target systemd[1]: Reached target basic.target - Basic System.
Aug 02 01:44:20 zfsnvme-target systemd[1]: Starting dbus.service - D-Bus System Message Bus...
Aug 02 01:44:20 zfsnvme-target systemd[1]: Started dmesg.service - Save initial kernel messages after boot.
Aug 02 01:44:20 zfsnvme-target systemd[1]: Starting e2scrub_reap.service - Remove Stale Online ext4 Metadata Check Snapshots...
Aug 02 01:44:20 zfsnvme-target systemd[1]: getty-static.service - getty on tty2-tty6 if dbus and logind are not available was skipped because of an unmet condition check (ConditionPathExists=!/usr/bin/dbus-daemon).
Aug 02 01:44:20 zfsnvme-target systemd[1]: Starting grub-common.service - Record successful boot for GRUB...
Aug 02 01:44:20 zfsnvme-target systemd[1]: networkd-dispatcher.service - Dispatcher daemon for systemd-networkd was skipped because no trigger condition checks were met.
Aug 02 01:44:20 zfsnvme-target dbus-daemon[953]: dbus[953]: Unknown group "power" in message bus configuration file
Aug 02 01:44:20 zfsnvme-target systemd[1]: Started qemu-guest-agent.service - QEMU Guest Agent.
Aug 02 01:44:20 zfsnvme-target systemd[1]: Starting rsyslog.service - System Logging Service...
Aug 02 01:44:20 zfsnvme-target systemd[1]: secureboot-db.service - Secure Boot updates for DB and DBX was skipped because of an unmet condition check (ConditionPathExists=/sys/firmware/efi/efivars/db-d719b2cb-3d3a-4596-a3bc-dad00e67656f).
Aug 02 01:44:20 zfsnvme-target systemd[1]: Starting snap.lxd.activate.service - Service for snap application lxd.activate...
Aug 02 01:44:20 zfsnvme-target systemd[1]: snapd.core-fixup.service - Automatically repair incorrect owner/permissions on core devices was skipped because no trigger condition checks were met.
Aug 02 01:44:20 zfsnvme-target systemd[1]: snapd.recovery-chooser-trigger.service - Wait for the Ubuntu Core chooser trigger was skipped because of an unmet condition check (ConditionKernelCommandLine=snapd_recovery_mode).
Aug 02 01:44:20 zfsnvme-target systemd[1]: Reached target getty-pre.target - Preparation for Logins.
Aug 02 01:44:20 zfsnvme-target dbus-daemon[953]: [system] AppArmor D-Bus mediation is enabled
Aug 02 01:44:20 zfsnvme-target systemd[1]: Starting snapd.seeded.service - Wait until snapd is fully seeded...
Aug 02 01:44:20 zfsnvme-target systemd[1]: Starting snapd.service - Snap Daemon...
Aug 02 01:44:20 zfsnvme-target systemd[1]: Starting systemd-logind.service - User Login Management...
Aug 02 01:44:20 zfsnvme-target systemd[1]: thermald.service - Thermal Daemon Service was skipped because of an unmet condition check (ConditionVirtualization=no).
Aug 02 01:44:20 zfsnvme-target systemd[1]: ua-reboot-cmds.service - Ubuntu Pro reboot cmds was skipped because of an unmet condition check (ConditionPathExists=/var/lib/ubuntu-advantage/private/machine-token.json).
Aug 02 01:44:20 zfsnvme-target systemd[1]: Starting zfs-share.service - ZFS file system shares...
Aug 02 01:44:20 zfsnvme-target systemd[1]: Started zfs-zed.service - ZFS Event Daemon (zed).
Aug 02 01:44:20 zfsnvme-target systemd[1]: Started dbus.service - D-Bus System Message Bus.
Aug 02 01:44:21 zfsnvme-target systemd[1]: e2scrub_reap.service: Deactivated successfully.
Aug 02 01:44:21 zfsnvme-target systemd[1]: Finished e2scrub_reap.service - Remove Stale Online ext4 Metadata Check Snapshots.
Aug 02 01:44:21 zfsnvme-target zed[966]: ZFS Event Daemon 2.2.2-0ubuntu9.4 (PID 966)
Aug 02 01:44:21 zfsnvme-target zed[966]: Processing events since eid=0
Aug 02 01:44:21 zfsnvme-target zed[992]: eid=2 class=config_sync pool='tank'
Aug 02 01:44:21 zfsnvme-target systemd[1]: grub-common.service: Deactivated successfully.
Aug 02 01:44:21 zfsnvme-target systemd[1]: Finished grub-common.service - Record successful boot for GRUB.
Aug 02 01:44:21 zfsnvme-target systemd[1]: Starting grub-initrd-fallback.service - GRUB failed boot detection...
Aug 02 01:44:21 zfsnvme-target zfs[965]: failed to lock /etc/exports.d/zfs.exports.lock: No such file or directory
Aug 02 01:44:21 zfsnvme-target systemd[1]: Finished zfs-share.service - ZFS file system shares.
Aug 02 01:44:21 zfsnvme-target systemd[1]: Reached target zfs.target - ZFS startup target.
Aug 02 01:44:21 zfsnvme-target zed[1012]: eid=5 class=config_sync pool='tank'
Aug 02 01:44:21 zfsnvme-target systemd-logind[964]: New seat seat0.
Aug 02 01:44:21 zfsnvme-target zed[1009]: eid=3 class=pool_import pool='tank'
Aug 02 01:44:21 zfsnvme-target systemd-logind[964]: Watching system buttons on /dev/input/event0 (Power Button)
Aug 02 01:44:21 zfsnvme-target systemd-logind[964]: Watching system buttons on /dev/input/event1 (AT Translated Set 2 keyboard)
Aug 02 01:44:21 zfsnvme-target systemd[1]: Started systemd-logind.service - User Login Management.
Aug 02 01:44:21 zfsnvme-target systemd[1]: Started unattended-upgrades.service - Unattended Upgrades Shutdown.
Aug 02 01:44:21 zfsnvme-target systemd[1]: grub-initrd-fallback.service: Deactivated successfully.
Aug 02 01:44:21 zfsnvme-target systemd[1]: Finished grub-initrd-fallback.service - GRUB failed boot detection.
Aug 02 01:44:21 zfsnvme-target systemd[1]: Started rsyslog.service - System Logging Service.
Aug 02 01:44:21 zfsnvme-target rsyslogd[1028]: imuxsock: Acquired UNIX socket '/run/systemd/journal/syslog' (fd 3) from systemd.  [v8.2312.0]
Aug 02 01:44:21 zfsnvme-target rsyslogd[1028]: rsyslogd's groupid changed to 111
Aug 02 01:44:21 zfsnvme-target rsyslogd[1028]: rsyslogd's userid changed to 104
Aug 02 01:44:21 zfsnvme-target rsyslogd[1028]: [origin software="rsyslogd" swVersion="8.2312.0" x-pid="1028" x-info="https://www.rsyslog.com"] start
Aug 02 01:44:21 zfsnvme-target systemd-networkd[805]: enp6s20: Gained IPv6LL
Aug 02 01:44:21 zfsnvme-target systemd-timesyncd[823]: Network configuration changed, trying to establish connection.
Aug 02 01:44:22 zfsnvme-target systemd[1]: tmp-snap\x2dprivate\x2dtmp-snap.rootfs_XXDEXl.mount: Deactivated successfully.
Aug 02 01:44:22 zfsnvme-target systemd-networkd[805]: enp6s19: Gained IPv6LL
Aug 02 01:44:22 zfsnvme-target systemd-timesyncd[823]: Network configuration changed, trying to establish connection.
Aug 02 01:44:22 zfsnvme-target systemd-networkd[805]: eth0: Gained IPv6LL
Aug 02 01:44:22 zfsnvme-target systemd-networkd[805]: enp6s21: Gained IPv6LL
Aug 02 01:44:22 zfsnvme-target systemd-timesyncd[823]: Network configuration changed, trying to establish connection.
Aug 02 01:44:22 zfsnvme-target snapd[962]: seclog.go:174: security logger enabled
Aug 02 01:44:22 zfsnvme-target systemd[1]: Finished systemd-networkd-wait-online.service - Wait for Network to be Configured.
Aug 02 01:44:22 zfsnvme-target systemd[1]: Reached target network-online.target - Network is Online.
Aug 02 01:44:22 zfsnvme-target systemd[1]: Started update-notifier-download.timer - Download data for packages that failed at package install time.
Aug 02 01:44:22 zfsnvme-target systemd[1]: Started update-notifier-motd.timer - Check to see whether there is a new version of Ubuntu available.
Aug 02 01:44:22 zfsnvme-target systemd[1]: Reached target timers.target - Timer Units.
Aug 02 01:44:22 zfsnvme-target systemd[1]: Starting corosync-qnetd.service - Corosync Qdevice Network daemon...
Aug 02 01:44:22 zfsnvme-target systemd[1]: Starting nvmf-autoconnect.service - Connect NVMe-oF subsystems automatically during boot...
Aug 02 01:44:22 zfsnvme-target systemd[1]: open-iscsi.service - Login to default iSCSI targets was skipped because no trigger condition checks were met.
Aug 02 01:44:22 zfsnvme-target systemd[1]: Finished blk-availability.service - Availability of block devices.
Aug 02 01:44:22 zfsnvme-target systemd[1]: pollinate.service - Pollinate to seed the pseudo random number generator was skipped because of an unmet condition check (ConditionPathExists=!/var/cache/pollinate/seeded).
Aug 02 01:44:22 zfsnvme-target systemd[1]: Starting ssh.service - OpenBSD Secure Shell server...
Aug 02 01:44:22 zfsnvme-target systemd[1]: ubuntu-advantage.service - Ubuntu Pro Background Auto Attach was skipped because no trigger condition checks were met.
Aug 02 01:44:22 zfsnvme-target systemd[1]: nvmf-autoconnect.service: Deactivated successfully.
Aug 02 01:44:22 zfsnvme-target systemd[1]: Finished nvmf-autoconnect.service - Connect NVMe-oF subsystems automatically during boot.
Aug 02 01:44:22 zfsnvme-target systemd[1]: Reached target remote-fs-pre.target - Preparation for Remote File Systems.
Aug 02 01:44:22 zfsnvme-target systemd[1]: Reached target remote-fs.target - Remote File Systems.
Aug 02 01:44:22 zfsnvme-target systemd[1]: Starting apport.service - automatic crash report generation...
Aug 02 01:44:22 zfsnvme-target systemd[1]: Started cron.service - Regular background program processing daemon.
Aug 02 01:44:22 zfsnvme-target (cron)[1171]: cron.service: Referenced but unset environment variable evaluates to an empty string: EXTRA_OPTS
Aug 02 01:44:22 zfsnvme-target systemd[1]: systemd-pcrphase.service - TPM2 PCR Barrier (User) was skipped because of an unmet condition check (ConditionSecurity=measured-uki).
Aug 02 01:44:22 zfsnvme-target systemd[1]: Starting systemd-user-sessions.service - Permit User Sessions...
Aug 02 01:44:22 zfsnvme-target systemd[1]: Started corosync-qnetd.service - Corosync Qdevice Network daemon.
Aug 02 01:44:22 zfsnvme-target cron[1171]: (CRON) INFO (pidfile fd = 3)
Aug 02 01:44:22 zfsnvme-target cron[1171]: (CRON) INFO (Running @reboot jobs)
Aug 02 01:44:22 zfsnvme-target systemd[1]: Finished systemd-user-sessions.service - Permit User Sessions.
Aug 02 01:44:22 zfsnvme-target sshd[1175]: Server listening on 0.0.0.0 port 22.
Aug 02 01:44:22 zfsnvme-target systemd[1]: Starting plymouth-quit-wait.service - Hold until boot process finishes up...
Aug 02 01:44:22 zfsnvme-target sshd[1175]: Server listening on :: port 22.
Aug 02 01:44:22 zfsnvme-target snapd[962]: overlord.go:313: Acquiring state lock file
Aug 02 01:44:22 zfsnvme-target snapd[962]: overlord.go:318: Acquired state lock file
Aug 02 01:44:22 zfsnvme-target systemd[1]: Starting plymouth-quit.service - Terminate Plymouth Boot Screen...
Aug 02 01:44:22 zfsnvme-target systemd[1]: Started ssh.service - OpenBSD Secure Shell server.
Aug 02 01:44:22 zfsnvme-target systemd[1]: Finished plymouth-quit-wait.service - Hold until boot process finishes up.
Aug 02 01:44:22 zfsnvme-target systemd[1]: Started serial-getty@ttyS0.service - Serial Getty on ttyS0.
Aug 02 01:44:22 zfsnvme-target systemd[1]: Starting setvtrgb.service - Set console scheme...
Aug 02 01:44:22 zfsnvme-target systemd[1]: Finished plymouth-quit.service - Terminate Plymouth Boot Screen.
Aug 02 01:44:22 zfsnvme-target snapd[962]: daemon.go:277: started snapd/2.76.1 (series 16; classic) ubuntu/24.04 (amd64) linux/6.8.0-136-generic.
Aug 02 01:44:22 zfsnvme-target systemd[1]: Finished setvtrgb.service - Set console scheme.
Aug 02 01:44:22 zfsnvme-target systemd[1]: Created slice system-getty.slice - Slice /system/getty.
Aug 02 01:44:22 zfsnvme-target systemd[1]: Started getty@tty1.service - Getty on tty1.
Aug 02 01:44:22 zfsnvme-target kernel: loop7: detected capacity change from 0 to 8
Aug 02 01:44:22 zfsnvme-target systemd[1]: Reached target getty.target - Login Prompts.
Aug 02 01:44:22 zfsnvme-target snapd[962]: daemon.go:371: adjusting startup timeout by 50s (pessimistic estimate of 30s plus 5s per snap)
Aug 02 01:44:22 zfsnvme-target snapd[962]: backends.go:70: AppArmor status: apparmor is enabled and all features are available (using snapd provided apparmor_parser)
Aug 02 01:44:22 zfsnvme-target lxd.activate[960]: => Starting LXD activation
Aug 02 01:44:22 zfsnvme-target lxd.activate[960]: ==> Loading snap configuration
Aug 02 01:44:22 zfsnvme-target lxd.activate[960]: ==> Checking for socket activation support
Aug 02 01:44:22 zfsnvme-target snapd[962]: backend.go:141: delegating reload of snap-confine profiles to system snap security profiles setup
Aug 02 01:44:22 zfsnvme-target snapd[962]: standby.go:95: will consider standby after: 5s
Aug 02 01:44:22 zfsnvme-target systemd[1]: Started snapd.service - Snap Daemon.
Aug 02 01:44:22 zfsnvme-target dbus-daemon[953]: [system] Activating via systemd: service name='org.freedesktop.timedate1' unit='dbus-org.freedesktop.timedate1.service' requested by ':1.6' (uid=0 pid=962 comm="/snap/snapd/current/usr/lib/snapd/snapd" label="unconfined")
Aug 02 01:44:22 zfsnvme-target systemd[1]: Starting systemd-timedated.service - Time & Date Service...
Aug 02 01:44:22 zfsnvme-target sshd[1188]: Accepted publickey for root from 192.168.34.243 port 42064 ssh2: ED25519 SHA256:RF36ieZjtMwQOHFoCZCKqX0qzGV25rTZHElR+Xnu3/g
Aug 02 01:44:22 zfsnvme-target sshd[1187]: Accepted publickey for root from 192.168.34.242 port 57018 ssh2: ED25519 SHA256:RF36ieZjtMwQOHFoCZCKqX0qzGV25rTZHElR+Xnu3/g
Aug 02 01:44:22 zfsnvme-target sshd[1188]: pam_unix(sshd:session): session opened for user root(uid=0) by root(uid=0)
Aug 02 01:44:22 zfsnvme-target sshd[1187]: pam_unix(sshd:session): session opened for user root(uid=0) by root(uid=0)
Aug 02 01:44:22 zfsnvme-target systemd[1]: Created slice user-0.slice - User Slice of UID 0.
Aug 02 01:44:22 zfsnvme-target systemd[1]: Starting user-runtime-dir@0.service - User Runtime Directory /run/user/0...
Aug 02 01:44:22 zfsnvme-target systemd-logind[964]: New session 2 of user root.
Aug 02 01:44:22 zfsnvme-target systemd[1]: Finished apport.service - automatic crash report generation.
Aug 02 01:44:22 zfsnvme-target systemd-logind[964]: New session 1 of user root.
Aug 02 01:44:22 zfsnvme-target systemd[1]: Finished user-runtime-dir@0.service - User Runtime Directory /run/user/0.
Aug 02 01:44:22 zfsnvme-target dbus-daemon[953]: [system] Successfully activated service 'org.freedesktop.timedate1'
Aug 02 01:44:22 zfsnvme-target systemd[1]: Starting user@0.service - User Manager for UID 0...
Aug 02 01:44:22 zfsnvme-target systemd[1]: Finished snapd.seeded.service - Wait until snapd is fully seeded.
Aug 02 01:44:22 zfsnvme-target (systemd)[1243]: pam_unix(systemd-user:session): session opened for user root(uid=0) by root(uid=0)
Aug 02 01:44:22 zfsnvme-target systemd[1]: Started systemd-timedated.service - Time & Date Service.
Aug 02 01:44:22 zfsnvme-target systemd[1]: snapd.autoimport.service - Auto import assertions from block devices was skipped because no trigger condition checks were met.
Aug 02 01:44:22 zfsnvme-target snapd[962]: snapmgr.go:1675: performing periodic snap downloads cache cleanup
Aug 02 01:44:22 zfsnvme-target snapd[962]: cache.go:320: removed 0 entries/    0 from downloads cache
Aug 02 01:44:22 zfsnvme-target lxd.activate[960]: ==> Setting LXD socket ownership
Aug 02 01:44:22 zfsnvme-target lxd.activate[960]: ==> Setting LXD user socket ownership
Aug 02 01:44:22 zfsnvme-target lxd.activate[960]: ==> LXD never started on this system, no need to start it now
Aug 02 01:44:22 zfsnvme-target systemd[1]: snap.lxd.activate.service: Deactivated successfully.
Aug 02 01:44:22 zfsnvme-target systemd[1]: Finished snap.lxd.activate.service - Service for snap application lxd.activate.
Aug 02 01:44:22 zfsnvme-target systemd[1]: snap.lxd.activate.service: Consumed 1.086s CPU time.
Aug 02 01:44:23 zfsnvme-target systemd[1]: Reached target multi-user.target - Multi-User System.
Aug 02 01:44:23 zfsnvme-target systemd[1]: Reached target graphical.target - Graphical Interface.
Aug 02 01:44:23 zfsnvme-target systemd[1]: Starting systemd-update-utmp-runlevel.service - Record Runlevel Change in UTMP...
Aug 02 01:44:23 zfsnvme-target systemd[1]: systemd-update-utmp-runlevel.service: Deactivated successfully.
Aug 02 01:44:23 zfsnvme-target systemd[1]: Finished systemd-update-utmp-runlevel.service - Record Runlevel Change in UTMP.
Aug 02 01:44:23 zfsnvme-target systemd[1]: tmp-syscheck\x2dmountpoint\x2d4008641419.mount: Deactivated successfully.
Aug 02 01:44:23 zfsnvme-target systemd[1243]: Queued start job for default target default.target.
Aug 02 01:44:23 zfsnvme-target systemd[1243]: Created slice app.slice - User Application Slice.
Aug 02 01:44:23 zfsnvme-target systemd[1243]: Started launchpadlib-cache-clean.timer - Clean up old files in the Launchpadlib cache.
Aug 02 01:44:23 zfsnvme-target systemd[1243]: Reached target paths.target - Paths.
Aug 02 01:44:23 zfsnvme-target systemd[1243]: Reached target timers.target - Timers.
Aug 02 01:44:23 zfsnvme-target systemd[1243]: Starting dbus.socket - D-Bus User Message Bus Socket...
Aug 02 01:44:23 zfsnvme-target systemd[1243]: Listening on dirmngr.socket - GnuPG network certificate management daemon.
Aug 02 01:44:23 zfsnvme-target systemd[1243]: Listening on gpg-agent-browser.socket - GnuPG cryptographic agent and passphrase cache (access for web browsers).
Aug 02 01:44:23 zfsnvme-target systemd[1243]: Listening on gpg-agent-extra.socket - GnuPG cryptographic agent and passphrase cache (restricted).
Aug 02 01:44:23 zfsnvme-target systemd[1243]: Starting gpg-agent-ssh.socket - GnuPG cryptographic agent (ssh-agent emulation)...
Aug 02 01:44:23 zfsnvme-target systemd[1243]: Listening on gpg-agent.socket - GnuPG cryptographic agent and passphrase cache.
Aug 02 01:44:23 zfsnvme-target systemd[1243]: Listening on keyboxd.socket - GnuPG public key management service.
Aug 02 01:44:23 zfsnvme-target systemd[1243]: Listening on pk-debconf-helper.socket - debconf communication socket.
Aug 02 01:44:23 zfsnvme-target systemd[1243]: Listening on snapd.session-agent.socket - REST API socket for snapd user session agent.
Aug 02 01:44:23 zfsnvme-target systemd[1243]: Listening on dbus.socket - D-Bus User Message Bus Socket.
Aug 02 01:44:23 zfsnvme-target snapd[962]: autorepair.go:177: WARNING: the system booted with an old initrd without unlocked status reporting
Aug 02 01:44:23 zfsnvme-target systemd[1243]: Listening on gpg-agent-ssh.socket - GnuPG cryptographic agent (ssh-agent emulation).
Aug 02 01:44:23 zfsnvme-target systemd[1243]: Reached target sockets.target - Sockets.
Aug 02 01:44:23 zfsnvme-target systemd[1243]: Reached target basic.target - Basic System.
Aug 02 01:44:23 zfsnvme-target systemd[1]: Started user@0.service - User Manager for UID 0.
Aug 02 01:44:23 zfsnvme-target systemd[1243]: Reached target default.target - Main User Target.
Aug 02 01:44:23 zfsnvme-target systemd[1243]: Startup finished in 185ms.
Aug 02 01:44:23 zfsnvme-target systemd[1]: Started session-1.scope - Session 1 of User root.
Aug 02 01:44:23 zfsnvme-target systemd[1]: Started session-2.scope - Session 2 of User root.
Aug 02 01:44:23 zfsnvme-target systemd[1]: Startup finished in 3.448s (kernel) + 6.690s (userspace) = 10.138s.
Aug 02 01:44:23 zfsnvme-target systemd[1]: dmesg.service: Deactivated successfully.
Aug 02 01:44:23 zfsnvme-target sshd[1188]: pam_unix(sshd:session): session closed for user root
Aug 02 01:44:23 zfsnvme-target systemd[1]: session-1.scope: Deactivated successfully.
Aug 02 01:44:23 zfsnvme-target systemd-logind[964]: Session 1 logged out. Waiting for processes to exit.
Aug 02 01:44:23 zfsnvme-target systemd-logind[964]: Removed session 1.
Aug 02 01:44:23 zfsnvme-target sshd[1187]: pam_unix(sshd:session): session closed for user root
Aug 02 01:44:23 zfsnvme-target systemd[1]: session-2.scope: Deactivated successfully.
Aug 02 01:44:23 zfsnvme-target systemd-logind[964]: Session 2 logged out. Waiting for processes to exit.
Aug 02 01:44:23 zfsnvme-target systemd-logind[964]: Removed session 2.
Aug 02 01:44:23 zfsnvme-target sshd[1455]: Accepted publickey for root from 192.168.34.243 port 44476 ssh2: ED25519 SHA256:RF36ieZjtMwQOHFoCZCKqX0qzGV25rTZHElR+Xnu3/g
Aug 02 01:44:23 zfsnvme-target sshd[1455]: pam_unix(sshd:session): session opened for user root(uid=0) by root(uid=0)
Aug 02 01:44:23 zfsnvme-target systemd-logind[964]: New session 4 of user root.
Aug 02 01:44:23 zfsnvme-target systemd[1]: Started session-4.scope - Session 4 of User root.
Aug 02 01:44:23 zfsnvme-target sshd[1457]: Accepted publickey for root from 192.168.34.242 port 36880 ssh2: ED25519 SHA256:RF36ieZjtMwQOHFoCZCKqX0qzGV25rTZHElR+Xnu3/g
Aug 02 01:44:23 zfsnvme-target sshd[1457]: pam_unix(sshd:session): session opened for user root(uid=0) by root(uid=0)
Aug 02 01:44:23 zfsnvme-target systemd-logind[964]: New session 5 of user root.
Aug 02 01:44:23 zfsnvme-target systemd[1]: Started session-5.scope - Session 5 of User root.
Aug 02 01:44:24 zfsnvme-target sshd[1455]: Received disconnect from 192.168.34.243 port 44476:11: disconnected by user
Aug 02 01:44:24 zfsnvme-target sshd[1455]: Disconnected from user root 192.168.34.243 port 44476
Aug 02 01:44:24 zfsnvme-target sshd[1455]: pam_unix(sshd:session): session closed for user root
Aug 02 01:44:24 zfsnvme-target systemd[1]: session-4.scope: Deactivated successfully.
Aug 02 01:44:24 zfsnvme-target systemd-logind[964]: Session 4 logged out. Waiting for processes to exit.
Aug 02 01:44:24 zfsnvme-target systemd-logind[964]: Removed session 4.
Aug 02 01:44:24 zfsnvme-target sshd[1457]: Received disconnect from 192.168.34.242 port 36880:11: disconnected by user
Aug 02 01:44:24 zfsnvme-target sshd[1457]: Disconnected from user root 192.168.34.242 port 36880
Aug 02 01:44:24 zfsnvme-target sshd[1457]: pam_unix(sshd:session): session closed for user root
Aug 02 01:44:24 zfsnvme-target systemd[1]: session-5.scope: Deactivated successfully.
Aug 02 01:44:24 zfsnvme-target systemd-logind[964]: Session 5 logged out. Waiting for processes to exit.
Aug 02 01:44:24 zfsnvme-target systemd-logind[964]: Removed session 5.
Aug 02 01:44:24 zfsnvme-target sshd[1562]: Accepted publickey for root from 192.168.34.243 port 44482 ssh2: ED25519 SHA256:RF36ieZjtMwQOHFoCZCKqX0qzGV25rTZHElR+Xnu3/g
Aug 02 01:44:24 zfsnvme-target sshd[1562]: pam_unix(sshd:session): session opened for user root(uid=0) by root(uid=0)
Aug 02 01:44:24 zfsnvme-target systemd-logind[964]: New session 6 of user root.
Aug 02 01:44:24 zfsnvme-target systemd[1]: Started session-6.scope - Session 6 of User root.
Aug 02 01:44:24 zfsnvme-target sshd[1576]: Accepted publickey for root from 192.168.34.242 port 54594 ssh2: ED25519 SHA256:RF36ieZjtMwQOHFoCZCKqX0qzGV25rTZHElR+Xnu3/g
Aug 02 01:44:24 zfsnvme-target sshd[1576]: pam_unix(sshd:session): session opened for user root(uid=0) by root(uid=0)
Aug 02 01:44:24 zfsnvme-target systemd-logind[964]: New session 7 of user root.
Aug 02 01:44:24 zfsnvme-target systemd[1]: Started session-7.scope - Session 7 of User root.
Aug 02 01:44:24 zfsnvme-target sshd[1562]: Received disconnect from 192.168.34.243 port 44482:11: disconnected by user
Aug 02 01:44:24 zfsnvme-target sshd[1562]: Disconnected from user root 192.168.34.243 port 44482
Aug 02 01:44:24 zfsnvme-target sshd[1562]: pam_unix(sshd:session): session closed for user root
Aug 02 01:44:24 zfsnvme-target systemd[1]: session-6.scope: Deactivated successfully.
Aug 02 01:44:24 zfsnvme-target systemd-logind[964]: Session 6 logged out. Waiting for processes to exit.
Aug 02 01:44:24 zfsnvme-target systemd-logind[964]: Removed session 6.
Aug 02 01:44:24 zfsnvme-target sshd[1576]: Received disconnect from 192.168.34.242 port 54594:11: disconnected by user
Aug 02 01:44:24 zfsnvme-target sshd[1576]: Disconnected from user root 192.168.34.242 port 54594
Aug 02 01:44:24 zfsnvme-target sshd[1576]: pam_unix(sshd:session): session closed for user root
Aug 02 01:44:24 zfsnvme-target systemd[1]: session-7.scope: Deactivated successfully.
Aug 02 01:44:24 zfsnvme-target systemd-logind[964]: Session 7 logged out. Waiting for processes to exit.
Aug 02 01:44:24 zfsnvme-target systemd-logind[964]: Removed session 7.
Aug 02 01:44:24 zfsnvme-target sshd[1670]: Accepted publickey for root from 192.168.34.243 port 44494 ssh2: ED25519 SHA256:RF36ieZjtMwQOHFoCZCKqX0qzGV25rTZHElR+Xnu3/g
Aug 02 01:44:24 zfsnvme-target sshd[1670]: pam_unix(sshd:session): session opened for user root(uid=0) by root(uid=0)
Aug 02 01:44:24 zfsnvme-target systemd-logind[964]: New session 8 of user root.
Aug 02 01:44:24 zfsnvme-target systemd[1]: Started session-8.scope - Session 8 of User root.
Aug 02 01:44:24 zfsnvme-target sshd[1677]: Accepted publickey for root from 192.168.34.242 port 54596 ssh2: ED25519 SHA256:RF36ieZjtMwQOHFoCZCKqX0qzGV25rTZHElR+Xnu3/g
Aug 02 01:44:24 zfsnvme-target sshd[1677]: pam_unix(sshd:session): session opened for user root(uid=0) by root(uid=0)
Aug 02 01:44:24 zfsnvme-target systemd-logind[964]: New session 9 of user root.
Aug 02 01:44:24 zfsnvme-target systemd[1]: Started session-9.scope - Session 9 of User root.
Aug 02 01:44:24 zfsnvme-target sshd[1670]: Received disconnect from 192.168.34.243 port 44494:11: disconnected by user
Aug 02 01:44:24 zfsnvme-target sshd[1670]: Disconnected from user root 192.168.34.243 port 44494
Aug 02 01:44:24 zfsnvme-target sshd[1670]: pam_unix(sshd:session): session closed for user root
Aug 02 01:44:24 zfsnvme-target systemd[1]: session-8.scope: Deactivated successfully.
Aug 02 01:44:24 zfsnvme-target systemd-logind[964]: Session 8 logged out. Waiting for processes to exit.
Aug 02 01:44:24 zfsnvme-target systemd-logind[964]: Removed session 8.
Aug 02 01:44:24 zfsnvme-target sshd[1677]: Received disconnect from 192.168.34.242 port 54596:11: disconnected by user
Aug 02 01:44:24 zfsnvme-target sshd[1677]: Disconnected from user root 192.168.34.242 port 54596
Aug 02 01:44:24 zfsnvme-target sshd[1677]: pam_unix(sshd:session): session closed for user root
Aug 02 01:44:24 zfsnvme-target systemd[1]: session-9.scope: Deactivated successfully.
Aug 02 01:44:24 zfsnvme-target systemd-logind[964]: Session 9 logged out. Waiting for processes to exit.
Aug 02 01:44:24 zfsnvme-target systemd-logind[964]: Removed session 9.
Aug 02 01:44:24 zfsnvme-target sshd[1766]: Accepted publickey for root from 192.168.34.243 port 44508 ssh2: ED25519 SHA256:RF36ieZjtMwQOHFoCZCKqX0qzGV25rTZHElR+Xnu3/g
Aug 02 01:44:24 zfsnvme-target sshd[1766]: pam_unix(sshd:session): session opened for user root(uid=0) by root(uid=0)
Aug 02 01:44:24 zfsnvme-target systemd-logind[964]: New session 10 of user root.
Aug 02 01:44:24 zfsnvme-target systemd[1]: Started session-10.scope - Session 10 of User root.
Aug 02 01:44:24 zfsnvme-target sshd[1769]: Accepted publickey for root from 192.168.34.242 port 54606 ssh2: ED25519 SHA256:RF36ieZjtMwQOHFoCZCKqX0qzGV25rTZHElR+Xnu3/g
Aug 02 01:44:24 zfsnvme-target sshd[1769]: pam_unix(sshd:session): session opened for user root(uid=0) by root(uid=0)
Aug 02 01:44:24 zfsnvme-target systemd-logind[964]: New session 11 of user root.
Aug 02 01:44:24 zfsnvme-target systemd[1]: Started session-11.scope - Session 11 of User root.
Aug 02 01:44:24 zfsnvme-target sshd[1766]: Received disconnect from 192.168.34.243 port 44508:11: disconnected by user
Aug 02 01:44:24 zfsnvme-target sshd[1766]: Disconnected from user root 192.168.34.243 port 44508
Aug 02 01:44:24 zfsnvme-target sshd[1766]: pam_unix(sshd:session): session closed for user root
Aug 02 01:44:24 zfsnvme-target systemd-logind[964]: Session 10 logged out. Waiting for processes to exit.
Aug 02 01:44:24 zfsnvme-target systemd[1]: session-10.scope: Deactivated successfully.
Aug 02 01:44:24 zfsnvme-target systemd-logind[964]: Removed session 10.
Aug 02 01:44:24 zfsnvme-target sshd[1769]: Received disconnect from 192.168.34.242 port 54606:11: disconnected by user
Aug 02 01:44:24 zfsnvme-target sshd[1769]: Disconnected from user root 192.168.34.242 port 54606
Aug 02 01:44:24 zfsnvme-target sshd[1769]: pam_unix(sshd:session): session closed for user root
Aug 02 01:44:24 zfsnvme-target systemd[1]: session-11.scope: Deactivated successfully.
Aug 02 01:44:24 zfsnvme-target systemd-logind[964]: Session 11 logged out. Waiting for processes to exit.
Aug 02 01:44:24 zfsnvme-target systemd-logind[964]: Removed session 11.
Aug 02 01:44:24 zfsnvme-target sshd[1864]: Accepted publickey for root from 192.168.34.243 port 57590 ssh2: ED25519 SHA256:RF36ieZjtMwQOHFoCZCKqX0qzGV25rTZHElR+Xnu3/g
Aug 02 01:44:24 zfsnvme-target sshd[1864]: pam_unix(sshd:session): session opened for user root(uid=0) by root(uid=0)
Aug 02 01:44:24 zfsnvme-target systemd-logind[964]: New session 12 of user root.
Aug 02 01:44:24 zfsnvme-target systemd[1]: Started session-12.scope - Session 12 of User root.
Aug 02 01:44:24 zfsnvme-target sshd[1870]: Accepted publickey for root from 192.168.34.242 port 54622 ssh2: ED25519 SHA256:RF36ieZjtMwQOHFoCZCKqX0qzGV25rTZHElR+Xnu3/g
Aug 02 01:44:24 zfsnvme-target sshd[1870]: pam_unix(sshd:session): session opened for user root(uid=0) by root(uid=0)
Aug 02 01:44:24 zfsnvme-target systemd-logind[964]: New session 13 of user root.
Aug 02 01:44:24 zfsnvme-target systemd[1]: Started session-13.scope - Session 13 of User root.
Aug 02 01:44:24 zfsnvme-target sshd[1864]: Received disconnect from 192.168.34.243 port 57590:11: disconnected by user
Aug 02 01:44:24 zfsnvme-target sshd[1864]: Disconnected from user root 192.168.34.243 port 57590
Aug 02 01:44:24 zfsnvme-target sshd[1864]: pam_unix(sshd:session): session closed for user root
Aug 02 01:44:24 zfsnvme-target systemd-logind[964]: Session 12 logged out. Waiting for processes to exit.
Aug 02 01:44:24 zfsnvme-target systemd[1]: session-12.scope: Deactivated successfully.
Aug 02 01:44:24 zfsnvme-target systemd-logind[964]: Removed session 12.
Aug 02 01:44:24 zfsnvme-target sshd[1870]: Received disconnect from 192.168.34.242 port 54622:11: disconnected by user
Aug 02 01:44:24 zfsnvme-target sshd[1870]: Disconnected from user root 192.168.34.242 port 54622
Aug 02 01:44:24 zfsnvme-target sshd[1870]: pam_unix(sshd:session): session closed for user root
Aug 02 01:44:24 zfsnvme-target systemd[1]: session-13.scope: Deactivated successfully.
Aug 02 01:44:24 zfsnvme-target systemd-logind[964]: Session 13 logged out. Waiting for processes to exit.
Aug 02 01:44:24 zfsnvme-target systemd-logind[964]: Removed session 13.
Aug 02 01:44:25 zfsnvme-target sshd[1968]: Accepted publickey for root from 192.168.34.243 port 57604 ssh2: ED25519 SHA256:RF36ieZjtMwQOHFoCZCKqX0qzGV25rTZHElR+Xnu3/g
Aug 02 01:44:25 zfsnvme-target sshd[1968]: pam_unix(sshd:session): session opened for user root(uid=0) by root(uid=0)
Aug 02 01:44:25 zfsnvme-target systemd-logind[964]: New session 14 of user root.
Aug 02 01:44:25 zfsnvme-target systemd[1]: Started session-14.scope - Session 14 of User root.
Aug 02 01:44:25 zfsnvme-target sshd[1971]: Accepted publickey for root from 192.168.34.242 port 54638 ssh2: ED25519 SHA256:RF36ieZjtMwQOHFoCZCKqX0qzGV25rTZHElR+Xnu3/g
Aug 02 01:44:25 zfsnvme-target sshd[1971]: pam_unix(sshd:session): session opened for user root(uid=0) by root(uid=0)
Aug 02 01:44:25 zfsnvme-target systemd-logind[964]: New session 15 of user root.
Aug 02 01:44:25 zfsnvme-target systemd[1]: Started session-15.scope - Session 15 of User root.
Aug 02 01:44:25 zfsnvme-target sshd[1968]: Received disconnect from 192.168.34.243 port 57604:11: disconnected by user
Aug 02 01:44:25 zfsnvme-target sshd[1968]: Disconnected from user root 192.168.34.243 port 57604
Aug 02 01:44:25 zfsnvme-target sshd[1968]: pam_unix(sshd:session): session closed for user root
Aug 02 01:44:25 zfsnvme-target systemd[1]: session-14.scope: Deactivated successfully.
Aug 02 01:44:25 zfsnvme-target systemd-logind[964]: Session 14 logged out. Waiting for processes to exit.
Aug 02 01:44:25 zfsnvme-target systemd-logind[964]: Removed session 14.
Aug 02 01:44:25 zfsnvme-target sshd[1971]: Received disconnect from 192.168.34.242 port 54638:11: disconnected by user
Aug 02 01:44:25 zfsnvme-target sshd[1971]: Disconnected from user root 192.168.34.242 port 54638
Aug 02 01:44:25 zfsnvme-target sshd[1971]: pam_unix(sshd:session): session closed for user root
Aug 02 01:44:25 zfsnvme-target systemd-logind[964]: Session 15 logged out. Waiting for processes to exit.
Aug 02 01:44:25 zfsnvme-target systemd[1]: session-15.scope: Deactivated successfully.
Aug 02 01:44:25 zfsnvme-target systemd-logind[964]: Removed session 15.
Aug 02 01:44:25 zfsnvme-target sshd[2061]: Accepted publickey for root from 192.168.34.243 port 57620 ssh2: ED25519 SHA256:RF36ieZjtMwQOHFoCZCKqX0qzGV25rTZHElR+Xnu3/g
Aug 02 01:44:25 zfsnvme-target sshd[2061]: pam_unix(sshd:session): session opened for user root(uid=0) by root(uid=0)
Aug 02 01:44:25 zfsnvme-target systemd-logind[964]: New session 16 of user root.
Aug 02 01:44:25 zfsnvme-target systemd[1]: Started session-16.scope - Session 16 of User root.
Aug 02 01:44:25 zfsnvme-target sshd[2063]: Accepted publickey for root from 192.168.34.242 port 54654 ssh2: ED25519 SHA256:RF36ieZjtMwQOHFoCZCKqX0qzGV25rTZHElR+Xnu3/g
Aug 02 01:44:25 zfsnvme-target sshd[2063]: pam_unix(sshd:session): session opened for user root(uid=0) by root(uid=0)
Aug 02 01:44:25 zfsnvme-target systemd-logind[964]: New session 17 of user root.
Aug 02 01:44:25 zfsnvme-target systemd[1]: Started session-17.scope - Session 17 of User root.
Aug 02 01:44:25 zfsnvme-target sshd[2061]: Received disconnect from 192.168.34.243 port 57620:11: disconnected by user
Aug 02 01:44:25 zfsnvme-target sshd[2061]: Disconnected from user root 192.168.34.243 port 57620
Aug 02 01:44:25 zfsnvme-target sshd[2061]: pam_unix(sshd:session): session closed for user root
Aug 02 01:44:25 zfsnvme-target systemd[1]: session-16.scope: Deactivated successfully.
Aug 02 01:44:25 zfsnvme-target systemd-logind[964]: Session 16 logged out. Waiting for processes to exit.
Aug 02 01:44:25 zfsnvme-target systemd-logind[964]: Removed session 16.
Aug 02 01:44:25 zfsnvme-target sshd[2063]: Received disconnect from 192.168.34.242 port 54654:11: disconnected by user
Aug 02 01:44:25 zfsnvme-target sshd[2063]: Disconnected from user root 192.168.34.242 port 54654
Aug 02 01:44:25 zfsnvme-target sshd[2063]: pam_unix(sshd:session): session closed for user root
Aug 02 01:44:25 zfsnvme-target systemd[1]: session-17.scope: Deactivated successfully.
Aug 02 01:44:25 zfsnvme-target systemd-logind[964]: Session 17 logged out. Waiting for processes to exit.
Aug 02 01:44:25 zfsnvme-target systemd-logind[964]: Removed session 17.
Aug 02 01:44:25 zfsnvme-target sshd[2162]: Accepted publickey for root from 192.168.34.243 port 57626 ssh2: ED25519 SHA256:RF36ieZjtMwQOHFoCZCKqX0qzGV25rTZHElR+Xnu3/g
Aug 02 01:44:25 zfsnvme-target sshd[2162]: pam_unix(sshd:session): session opened for user root(uid=0) by root(uid=0)
Aug 02 01:44:25 zfsnvme-target systemd-logind[964]: New session 18 of user root.
Aug 02 01:44:25 zfsnvme-target sshd[2164]: Accepted publickey for root from 192.168.34.242 port 54658 ssh2: ED25519 SHA256:RF36ieZjtMwQOHFoCZCKqX0qzGV25rTZHElR+Xnu3/g
Aug 02 01:44:25 zfsnvme-target systemd[1]: Started session-18.scope - Session 18 of User root.
Aug 02 01:44:25 zfsnvme-target sshd[2164]: pam_unix(sshd:session): session opened for user root(uid=0) by root(uid=0)
Aug 02 01:44:25 zfsnvme-target systemd-logind[964]: New session 19 of user root.
Aug 02 01:44:25 zfsnvme-target systemd[1]: Started session-19.scope - Session 19 of User root.
Aug 02 01:44:25 zfsnvme-target kernel: nvmet: adding nsid 3 to subsystem nqn.2026-08.ar.neatech:zfsnvme-lab
Aug 02 01:44:25 zfsnvme-target kernel: nvmet: adding nsid 2 to subsystem nqn.2026-08.ar.neatech:zfsnvme-lab
Aug 02 01:44:25 zfsnvme-target kernel: nvmet: adding nsid 6 to subsystem nqn.2026-08.ar.neatech:zfsnvme-lab
Aug 02 01:44:25 zfsnvme-target kernel: nvmet: adding nsid 4 to subsystem nqn.2026-08.ar.neatech:zfsnvme-lab
Aug 02 01:44:25 zfsnvme-target kernel: nvmet: adding nsid 5 to subsystem nqn.2026-08.ar.neatech:zfsnvme-lab
Aug 02 01:44:25 zfsnvme-target kernel: nvmet: adding nsid 1 to subsystem nqn.2026-08.ar.neatech:zfsnvme-lab
Aug 02 01:44:25 zfsnvme-target sshd[2162]: Received disconnect from 192.168.34.243 port 57626:11: disconnected by user
Aug 02 01:44:25 zfsnvme-target sshd[2162]: Disconnected from user root 192.168.34.243 port 57626
Aug 02 01:44:25 zfsnvme-target sshd[2162]: pam_unix(sshd:session): session closed for user root
Aug 02 01:44:25 zfsnvme-target systemd[1]: session-18.scope: Deactivated successfully.
Aug 02 01:44:25 zfsnvme-target systemd-logind[964]: Session 18 logged out. Waiting for processes to exit.
Aug 02 01:44:25 zfsnvme-target systemd-logind[964]: Removed session 18.
Aug 02 01:44:25 zfsnvme-target sshd[2164]: Received disconnect from 192.168.34.242 port 54658:11: disconnected by user
Aug 02 01:44:25 zfsnvme-target sshd[2164]: Disconnected from user root 192.168.34.242 port 54658
Aug 02 01:44:25 zfsnvme-target sshd[2164]: pam_unix(sshd:session): session closed for user root
Aug 02 01:44:25 zfsnvme-target systemd[1]: session-19.scope: Deactivated successfully.
Aug 02 01:44:25 zfsnvme-target systemd-logind[964]: Session 19 logged out. Waiting for processes to exit.
Aug 02 01:44:25 zfsnvme-target systemd-logind[964]: Removed session 19.
Aug 02 01:44:25 zfsnvme-target sshd[2279]: Accepted publickey for root from 192.168.34.243 port 57632 ssh2: ED25519 SHA256:RF36ieZjtMwQOHFoCZCKqX0qzGV25rTZHElR+Xnu3/g
Aug 02 01:44:25 zfsnvme-target sshd[2279]: pam_unix(sshd:session): session opened for user root(uid=0) by root(uid=0)
Aug 02 01:44:25 zfsnvme-target systemd-logind[964]: New session 20 of user root.
Aug 02 01:44:25 zfsnvme-target systemd[1]: Started session-20.scope - Session 20 of User root.
Aug 02 01:44:25 zfsnvme-target sshd[2286]: Accepted publickey for root from 192.168.34.242 port 54670 ssh2: ED25519 SHA256:RF36ieZjtMwQOHFoCZCKqX0qzGV25rTZHElR+Xnu3/g
Aug 02 01:44:25 zfsnvme-target sshd[2286]: pam_unix(sshd:session): session opened for user root(uid=0) by root(uid=0)
Aug 02 01:44:25 zfsnvme-target systemd-logind[964]: New session 21 of user root.
Aug 02 01:44:25 zfsnvme-target systemd[1]: Started session-21.scope - Session 21 of User root.
Aug 02 01:44:25 zfsnvme-target kernel: nvmet_tcp: enabling port 1 (10.90.1.11:4420)
Aug 02 01:44:25 zfsnvme-target kernel: nvmet_tcp: enabling port 2 (10.90.2.11:4420)
Aug 02 01:44:25 zfsnvme-target sshd[2279]: Received disconnect from 192.168.34.243 port 57632:11: disconnected by user
Aug 02 01:44:25 zfsnvme-target sshd[2279]: Disconnected from user root 192.168.34.243 port 57632
Aug 02 01:44:25 zfsnvme-target sshd[2279]: pam_unix(sshd:session): session closed for user root
Aug 02 01:44:25 zfsnvme-target systemd[1]: session-20.scope: Deactivated successfully.
Aug 02 01:44:25 zfsnvme-target systemd-logind[964]: Session 20 logged out. Waiting for processes to exit.
Aug 02 01:44:25 zfsnvme-target systemd-logind[964]: Removed session 20.
Aug 02 01:44:25 zfsnvme-target sshd[2286]: Received disconnect from 192.168.34.242 port 54670:11: disconnected by user
Aug 02 01:44:25 zfsnvme-target sshd[2286]: Disconnected from user root 192.168.34.242 port 54670
Aug 02 01:44:25 zfsnvme-target sshd[2286]: pam_unix(sshd:session): session closed for user root
Aug 02 01:44:25 zfsnvme-target systemd[1]: session-21.scope: Deactivated successfully.
Aug 02 01:44:25 zfsnvme-target systemd-logind[964]: Session 21 logged out. Waiting for processes to exit.
Aug 02 01:44:25 zfsnvme-target systemd-logind[964]: Removed session 21.
Aug 02 01:44:26 zfsnvme-target kernel: nvmet: creating nvm controller 1 for subsystem nqn.2026-08.ar.neatech:zfsnvme-lab for NQN nqn.2014-08.org.nvmexpress:uuid:2fe2c989-9d4b-444a-9766-600a7147918f with DH-HMAC-CHAP.
Aug 02 01:44:26 zfsnvme-target sshd[2410]: Accepted publickey for root from 192.168.34.243 port 57644 ssh2: ED25519 SHA256:RF36ieZjtMwQOHFoCZCKqX0qzGV25rTZHElR+Xnu3/g
Aug 02 01:44:26 zfsnvme-target sshd[2410]: pam_unix(sshd:session): session opened for user root(uid=0) by root(uid=0)
Aug 02 01:44:26 zfsnvme-target systemd-logind[964]: New session 22 of user root.
Aug 02 01:44:26 zfsnvme-target systemd[1]: Started session-22.scope - Session 22 of User root.
Aug 02 01:44:26 zfsnvme-target kernel: nvmet: creating nvm controller 2 for subsystem nqn.2026-08.ar.neatech:zfsnvme-lab for NQN nqn.2014-08.org.nvmexpress:uuid:2fe2c989-9d4b-444a-9766-600a7147918f with DH-HMAC-CHAP.
Aug 02 01:44:26 zfsnvme-target sshd[2410]: Received disconnect from 192.168.34.243 port 57644:11: disconnected by user
Aug 02 01:44:26 zfsnvme-target sshd[2410]: Disconnected from user root 192.168.34.243 port 57644
Aug 02 01:44:26 zfsnvme-target sshd[2410]: pam_unix(sshd:session): session closed for user root
Aug 02 01:44:26 zfsnvme-target systemd[1]: session-22.scope: Deactivated successfully.
Aug 02 01:44:26 zfsnvme-target systemd-logind[964]: Session 22 logged out. Waiting for processes to exit.
Aug 02 01:44:26 zfsnvme-target systemd-logind[964]: Removed session 22.
Aug 02 01:44:27 zfsnvme-target kernel: nvmet: creating nvm controller 3 for subsystem nqn.2026-08.ar.neatech:zfsnvme-lab for NQN nqn.2014-08.org.nvmexpress:uuid:a28d3c57-1aff-4700-b4bf-2acde0333975 with DH-HMAC-CHAP.
Aug 02 01:44:27 zfsnvme-target kernel: nvmet: creating nvm controller 4 for subsystem nqn.2026-08.ar.neatech:zfsnvme-lab for NQN nqn.2014-08.org.nvmexpress:uuid:a28d3c57-1aff-4700-b4bf-2acde0333975 with DH-HMAC-CHAP.
Aug 02 01:44:27 zfsnvme-target sshd[2500]: Accepted publickey for root from 192.168.34.242 port 54680 ssh2: ED25519 SHA256:RF36ieZjtMwQOHFoCZCKqX0qzGV25rTZHElR+Xnu3/g
Aug 02 01:44:27 zfsnvme-target sshd[2500]: pam_unix(sshd:session): session opened for user root(uid=0) by root(uid=0)
Aug 02 01:44:27 zfsnvme-target systemd-logind[964]: New session 23 of user root.
Aug 02 01:44:27 zfsnvme-target systemd[1]: Started session-23.scope - Session 23 of User root.
Aug 02 01:44:27 zfsnvme-target sshd[2500]: Received disconnect from 192.168.34.242 port 54680:11: disconnected by user
Aug 02 01:44:27 zfsnvme-target sshd[2500]: Disconnected from user root 192.168.34.242 port 54680
Aug 02 01:44:27 zfsnvme-target sshd[2500]: pam_unix(sshd:session): session closed for user root
Aug 02 01:44:27 zfsnvme-target systemd[1]: session-23.scope: Deactivated successfully.
Aug 02 01:44:27 zfsnvme-target systemd-logind[964]: Session 23 logged out. Waiting for processes to exit.
Aug 02 01:44:27 zfsnvme-target systemd-logind[964]: Removed session 23.
Aug 02 01:44:29 zfsnvme-target kernel: workqueue: nvmet_tcp_io_work [nvmet_tcp] hogged CPU for >10000us 4 times, consider switching to WQ_UNBOUND
Aug 02 01:44:31 zfsnvme-target kernel: workqueue: nvmet_tcp_io_work [nvmet_tcp] hogged CPU for >10000us 8 times, consider switching to WQ_UNBOUND
Aug 02 01:44:33 zfsnvme-target sshd[2559]: Accepted publickey for root from 192.168.34.243 port 57656 ssh2: ED25519 SHA256:RF36ieZjtMwQOHFoCZCKqX0qzGV25rTZHElR+Xnu3/g
Aug 02 01:44:33 zfsnvme-target sshd[2559]: pam_unix(sshd:session): session opened for user root(uid=0) by root(uid=0)
Aug 02 01:44:33 zfsnvme-target systemd-logind[964]: New session 24 of user root.
Aug 02 01:44:33 zfsnvme-target systemd[1]: Started session-24.scope - Session 24 of User root.
Aug 02 01:44:33 zfsnvme-target sshd[2559]: Received disconnect from 192.168.34.243 port 57656:11: disconnected by user
Aug 02 01:44:33 zfsnvme-target sshd[2559]: Disconnected from user root 192.168.34.243 port 57656
Aug 02 01:44:33 zfsnvme-target sshd[2559]: pam_unix(sshd:session): session closed for user root
Aug 02 01:44:33 zfsnvme-target systemd[1]: session-24.scope: Deactivated successfully.
Aug 02 01:44:33 zfsnvme-target systemd-logind[964]: Session 24 logged out. Waiting for processes to exit.
Aug 02 01:44:33 zfsnvme-target systemd-logind[964]: Removed session 24.
Aug 02 01:44:34 zfsnvme-target sshd[2609]: Accepted publickey for root from 192.168.34.242 port 36196 ssh2: ED25519 SHA256:RF36ieZjtMwQOHFoCZCKqX0qzGV25rTZHElR+Xnu3/g
Aug 02 01:44:34 zfsnvme-target sshd[2609]: pam_unix(sshd:session): session opened for user root(uid=0) by root(uid=0)
Aug 02 01:44:34 zfsnvme-target systemd-logind[964]: New session 25 of user root.
Aug 02 01:44:34 zfsnvme-target systemd[1]: Started session-25.scope - Session 25 of User root.
Aug 02 01:44:34 zfsnvme-target sshd[2609]: Received disconnect from 192.168.34.242 port 36196:11: disconnected by user
Aug 02 01:44:34 zfsnvme-target sshd[2609]: Disconnected from user root 192.168.34.242 port 36196
Aug 02 01:44:34 zfsnvme-target sshd[2609]: pam_unix(sshd:session): session closed for user root
Aug 02 01:44:34 zfsnvme-target systemd-logind[964]: Session 25 logged out. Waiting for processes to exit.
Aug 02 01:44:34 zfsnvme-target systemd[1]: session-25.scope: Deactivated successfully.
Aug 02 01:44:34 zfsnvme-target systemd-logind[964]: Removed session 25.
Aug 02 01:44:37 zfsnvme-target kernel: workqueue: nvmet_tcp_io_work [nvmet_tcp] hogged CPU for >10000us 16 times, consider switching to WQ_UNBOUND
Aug 02 01:44:43 zfsnvme-target sshd[2655]: Accepted publickey for root from 192.168.34.243 port 33994 ssh2: ED25519 SHA256:RF36ieZjtMwQOHFoCZCKqX0qzGV25rTZHElR+Xnu3/g
Aug 02 01:44:43 zfsnvme-target sshd[2655]: pam_unix(sshd:session): session opened for user root(uid=0) by root(uid=0)
Aug 02 01:44:43 zfsnvme-target systemd-logind[964]: New session 26 of user root.
Aug 02 01:44:43 zfsnvme-target systemd[1]: Started session-26.scope - Session 26 of User root.
Aug 02 01:44:43 zfsnvme-target sshd[2655]: Received disconnect from 192.168.34.243 port 33994:11: disconnected by user
Aug 02 01:44:43 zfsnvme-target sshd[2655]: Disconnected from user root 192.168.34.243 port 33994
Aug 02 01:44:43 zfsnvme-target sshd[2655]: pam_unix(sshd:session): session closed for user root
Aug 02 01:44:43 zfsnvme-target systemd[1]: session-26.scope: Deactivated successfully.
Aug 02 01:44:43 zfsnvme-target systemd-logind[964]: Session 26 logged out. Waiting for processes to exit.
Aug 02 01:44:43 zfsnvme-target systemd-logind[964]: Removed session 26.
Aug 02 01:44:44 zfsnvme-target kernel: workqueue: nvmet_tcp_io_work [nvmet_tcp] hogged CPU for >10000us 32 times, consider switching to WQ_UNBOUND
Aug 02 01:44:44 zfsnvme-target sshd[2701]: Accepted publickey for root from 192.168.34.242 port 58868 ssh2: ED25519 SHA256:RF36ieZjtMwQOHFoCZCKqX0qzGV25rTZHElR+Xnu3/g
Aug 02 01:44:44 zfsnvme-target sshd[2701]: pam_unix(sshd:session): session opened for user root(uid=0) by root(uid=0)
Aug 02 01:44:44 zfsnvme-target systemd-logind[964]: New session 27 of user root.
Aug 02 01:44:44 zfsnvme-target systemd[1]: Started session-27.scope - Session 27 of User root.
Aug 02 01:44:44 zfsnvme-target sshd[2701]: Received disconnect from 192.168.34.242 port 58868:11: disconnected by user
Aug 02 01:44:44 zfsnvme-target sshd[2701]: Disconnected from user root 192.168.34.242 port 58868
Aug 02 01:44:44 zfsnvme-target sshd[2701]: pam_unix(sshd:session): session closed for user root
Aug 02 01:44:44 zfsnvme-target systemd[1]: session-27.scope: Deactivated successfully.
Aug 02 01:44:44 zfsnvme-target systemd-logind[964]: Session 27 logged out. Waiting for processes to exit.
Aug 02 01:44:44 zfsnvme-target systemd-logind[964]: Removed session 27.
Aug 02 01:44:47 zfsnvme-target systemd[1]: systemd-fsckd.service: Deactivated successfully.
Aug 02 01:44:53 zfsnvme-target systemd-timesyncd[823]: Contacted time server 185.125.190.57:123 (ntp.ubuntu.com).
Aug 02 01:44:53 zfsnvme-target systemd-timesyncd[823]: Initial clock synchronization to Sun 2026-08-02 01:44:53.517803 UTC.
Aug 02 01:44:53 zfsnvme-target systemd[1]: systemd-timedated.service: Deactivated successfully.
Aug 02 01:44:53 zfsnvme-target sshd[2748]: Accepted publickey for root from 192.168.34.243 port 52698 ssh2: ED25519 SHA256:RF36ieZjtMwQOHFoCZCKqX0qzGV25rTZHElR+Xnu3/g
Aug 02 01:44:53 zfsnvme-target sshd[2748]: pam_unix(sshd:session): session opened for user root(uid=0) by root(uid=0)
Aug 02 01:44:53 zfsnvme-target systemd-logind[964]: New session 28 of user root.
Aug 02 01:44:53 zfsnvme-target systemd[1]: Started session-28.scope - Session 28 of User root.
Aug 02 01:44:53 zfsnvme-target sshd[2748]: Received disconnect from 192.168.34.243 port 52698:11: disconnected by user
Aug 02 01:44:53 zfsnvme-target sshd[2748]: Disconnected from user root 192.168.34.243 port 52698
Aug 02 01:44:53 zfsnvme-target sshd[2748]: pam_unix(sshd:session): session closed for user root
Aug 02 01:44:53 zfsnvme-target systemd[1]: session-28.scope: Deactivated successfully.
Aug 02 01:44:53 zfsnvme-target systemd-logind[964]: Session 28 logged out. Waiting for processes to exit.
Aug 02 01:44:53 zfsnvme-target systemd-logind[964]: Removed session 28.
Aug 02 01:44:54 zfsnvme-target sshd[2797]: Accepted publickey for root from 192.168.34.242 port 32794 ssh2: ED25519 SHA256:RF36ieZjtMwQOHFoCZCKqX0qzGV25rTZHElR+Xnu3/g
Aug 02 01:44:54 zfsnvme-target sshd[2797]: pam_unix(sshd:session): session opened for user root(uid=0) by root(uid=0)
Aug 02 01:44:54 zfsnvme-target systemd-logind[964]: New session 29 of user root.
Aug 02 01:44:54 zfsnvme-target systemd[1]: Started session-29.scope - Session 29 of User root.
Aug 02 01:44:54 zfsnvme-target sshd[2797]: Received disconnect from 192.168.34.242 port 32794:11: disconnected by user
Aug 02 01:44:54 zfsnvme-target sshd[2797]: Disconnected from user root 192.168.34.242 port 32794
Aug 02 01:44:54 zfsnvme-target sshd[2797]: pam_unix(sshd:session): session closed for user root
Aug 02 01:44:54 zfsnvme-target systemd[1]: session-29.scope: Deactivated successfully.
Aug 02 01:44:54 zfsnvme-target systemd-logind[964]: Session 29 logged out. Waiting for processes to exit.
Aug 02 01:44:54 zfsnvme-target systemd-logind[964]: Removed session 29.
Aug 02 01:44:56 zfsnvme-target kernel: workqueue: nvmet_tcp_io_work [nvmet_tcp] hogged CPU for >10000us 64 times, consider switching to WQ_UNBOUND
Aug 02 01:45:01 zfsnvme-target CRON[2843]: pam_unix(cron:session): session opened for user root(uid=0) by root(uid=0)
Aug 02 01:45:01 zfsnvme-target CRON[2844]: (root) CMD (command -v debian-sa1 > /dev/null && debian-sa1 1 1)
Aug 02 01:45:01 zfsnvme-target CRON[2843]: pam_unix(cron:session): session closed for user root
Aug 02 01:45:03 zfsnvme-target sshd[2846]: Accepted publickey for root from 192.168.34.243 port 50690 ssh2: ED25519 SHA256:RF36ieZjtMwQOHFoCZCKqX0qzGV25rTZHElR+Xnu3/g
Aug 02 01:45:03 zfsnvme-target sshd[2846]: pam_unix(sshd:session): session opened for user root(uid=0) by root(uid=0)
Aug 02 01:45:03 zfsnvme-target systemd-logind[964]: New session 31 of user root.
Aug 02 01:45:03 zfsnvme-target systemd[1]: Started session-31.scope - Session 31 of User root.
Aug 02 01:45:04 zfsnvme-target sshd[2846]: Received disconnect from 192.168.34.243 port 50690:11: disconnected by user
Aug 02 01:45:04 zfsnvme-target sshd[2846]: Disconnected from user root 192.168.34.243 port 50690
Aug 02 01:45:04 zfsnvme-target sshd[2846]: pam_unix(sshd:session): session closed for user root
Aug 02 01:45:04 zfsnvme-target systemd[1]: session-31.scope: Deactivated successfully.
Aug 02 01:45:04 zfsnvme-target systemd-logind[964]: Session 31 logged out. Waiting for processes to exit.
Aug 02 01:45:04 zfsnvme-target systemd-logind[964]: Removed session 31.
Aug 02 01:45:04 zfsnvme-target sshd[2892]: Accepted publickey for root from 192.168.34.242 port 43708 ssh2: ED25519 SHA256:RF36ieZjtMwQOHFoCZCKqX0qzGV25rTZHElR+Xnu3/g
Aug 02 01:45:04 zfsnvme-target sshd[2892]: pam_unix(sshd:session): session opened for user root(uid=0) by root(uid=0)
Aug 02 01:45:04 zfsnvme-target systemd-logind[964]: New session 32 of user root.
Aug 02 01:45:04 zfsnvme-target systemd[1]: Started session-32.scope - Session 32 of User root.
Aug 02 01:45:05 zfsnvme-target sshd[2892]: Received disconnect from 192.168.34.242 port 43708:11: disconnected by user
Aug 02 01:45:05 zfsnvme-target sshd[2892]: Disconnected from user root 192.168.34.242 port 43708
Aug 02 01:45:05 zfsnvme-target sshd[2892]: pam_unix(sshd:session): session closed for user root
Aug 02 01:45:05 zfsnvme-target systemd[1]: session-32.scope: Deactivated successfully.
Aug 02 01:45:05 zfsnvme-target systemd-logind[964]: Session 32 logged out. Waiting for processes to exit.
Aug 02 01:45:05 zfsnvme-target systemd-logind[964]: Removed session 32.
Aug 02 01:45:07 zfsnvme-target sshd[2938]: Accepted publickey for root from 10.0.1.2 port 49655 ssh2: ED25519 SHA256:RF36ieZjtMwQOHFoCZCKqX0qzGV25rTZHElR+Xnu3/g
Aug 02 01:45:07 zfsnvme-target sshd[2938]: pam_unix(sshd:session): session opened for user root(uid=0) by root(uid=0)
Aug 02 01:45:07 zfsnvme-target systemd-logind[964]: New session 33 of user root.
Aug 02 01:45:07 zfsnvme-target systemd[1]: Started session-33.scope - Session 33 of User root.
Aug 02 01:45:08 zfsnvme-target sshd[2938]: Received disconnect from 10.0.1.2 port 49655:11: disconnected by user
Aug 02 01:45:08 zfsnvme-target sshd[2938]: Disconnected from user root 10.0.1.2 port 49655
Aug 02 01:45:08 zfsnvme-target sshd[2938]: pam_unix(sshd:session): session closed for user root
Aug 02 01:45:08 zfsnvme-target systemd[1]: session-33.scope: Deactivated successfully.
Aug 02 01:45:08 zfsnvme-target systemd-logind[964]: Session 33 logged out. Waiting for processes to exit.
Aug 02 01:45:08 zfsnvme-target systemd-logind[964]: Removed session 33.
Aug 02 01:45:13 zfsnvme-target sshd[2994]: Accepted publickey for root from 192.168.34.243 port 56794 ssh2: ED25519 SHA256:RF36ieZjtMwQOHFoCZCKqX0qzGV25rTZHElR+Xnu3/g
Aug 02 01:45:13 zfsnvme-target sshd[2994]: pam_unix(sshd:session): session opened for user root(uid=0) by root(uid=0)
Aug 02 01:45:13 zfsnvme-target systemd-logind[964]: New session 34 of user root.
Aug 02 01:45:13 zfsnvme-target systemd[1]: Started session-34.scope - Session 34 of User root.
Aug 02 01:45:13 zfsnvme-target sshd[2994]: Received disconnect from 192.168.34.243 port 56794:11: disconnected by user
Aug 02 01:45:13 zfsnvme-target sshd[2994]: Disconnected from user root 192.168.34.243 port 56794
Aug 02 01:45:13 zfsnvme-target sshd[2994]: pam_unix(sshd:session): session closed for user root
Aug 02 01:45:13 zfsnvme-target systemd[1]: session-34.scope: Deactivated successfully.
Aug 02 01:45:13 zfsnvme-target systemd-logind[964]: Session 34 logged out. Waiting for processes to exit.
Aug 02 01:45:13 zfsnvme-target systemd-logind[964]: Removed session 34.
Aug 02 01:45:14 zfsnvme-target sshd[3040]: Accepted publickey for root from 192.168.34.242 port 39678 ssh2: ED25519 SHA256:RF36ieZjtMwQOHFoCZCKqX0qzGV25rTZHElR+Xnu3/g
Aug 02 01:45:14 zfsnvme-target sshd[3040]: pam_unix(sshd:session): session opened for user root(uid=0) by root(uid=0)
Aug 02 01:45:14 zfsnvme-target systemd-logind[964]: New session 35 of user root.
Aug 02 01:45:14 zfsnvme-target systemd[1]: Started session-35.scope - Session 35 of User root.
Aug 02 01:45:14 zfsnvme-target sshd[3040]: Received disconnect from 192.168.34.242 port 39678:11: disconnected by user
Aug 02 01:45:14 zfsnvme-target sshd[3040]: Disconnected from user root 192.168.34.242 port 39678
Aug 02 01:45:14 zfsnvme-target sshd[3040]: pam_unix(sshd:session): session closed for user root
Aug 02 01:45:14 zfsnvme-target systemd[1]: session-35.scope: Deactivated successfully.
Aug 02 01:45:14 zfsnvme-target systemd-logind[964]: Session 35 logged out. Waiting for processes to exit.
Aug 02 01:45:14 zfsnvme-target systemd-logind[964]: Removed session 35.
Aug 02 01:45:21 zfsnvme-target kernel: workqueue: nvmet_tcp_io_work [nvmet_tcp] hogged CPU for >10000us 128 times, consider switching to WQ_UNBOUND
Aug 02 01:45:23 zfsnvme-target sshd[3086]: Accepted publickey for root from 192.168.34.243 port 56932 ssh2: ED25519 SHA256:RF36ieZjtMwQOHFoCZCKqX0qzGV25rTZHElR+Xnu3/g
Aug 02 01:45:23 zfsnvme-target sshd[3086]: pam_unix(sshd:session): session opened for user root(uid=0) by root(uid=0)
Aug 02 01:45:23 zfsnvme-target systemd-logind[964]: New session 36 of user root.
Aug 02 01:45:23 zfsnvme-target systemd[1]: Started session-36.scope - Session 36 of User root.
Aug 02 01:45:23 zfsnvme-target sshd[3086]: Received disconnect from 192.168.34.243 port 56932:11: disconnected by user
Aug 02 01:45:23 zfsnvme-target sshd[3086]: Disconnected from user root 192.168.34.243 port 56932
Aug 02 01:45:23 zfsnvme-target sshd[3086]: pam_unix(sshd:session): session closed for user root
Aug 02 01:45:23 zfsnvme-target systemd[1]: session-36.scope: Deactivated successfully.
Aug 02 01:45:23 zfsnvme-target systemd-logind[964]: Session 36 logged out. Waiting for processes to exit.
Aug 02 01:45:23 zfsnvme-target systemd-logind[964]: Removed session 36.
Aug 02 01:45:24 zfsnvme-target sshd[3132]: Accepted publickey for root from 192.168.34.242 port 36110 ssh2: ED25519 SHA256:RF36ieZjtMwQOHFoCZCKqX0qzGV25rTZHElR+Xnu3/g
Aug 02 01:45:24 zfsnvme-target sshd[3132]: pam_unix(sshd:session): session opened for user root(uid=0) by root(uid=0)
Aug 02 01:45:24 zfsnvme-target systemd-logind[964]: New session 37 of user root.
Aug 02 01:45:24 zfsnvme-target systemd[1]: Started session-37.scope - Session 37 of User root.
Aug 02 01:45:24 zfsnvme-target sshd[3132]: Received disconnect from 192.168.34.242 port 36110:11: disconnected by user
Aug 02 01:45:24 zfsnvme-target sshd[3132]: Disconnected from user root 192.168.34.242 port 36110
Aug 02 01:45:24 zfsnvme-target sshd[3132]: pam_unix(sshd:session): session closed for user root
Aug 02 01:45:24 zfsnvme-target systemd[1]: session-37.scope: Deactivated successfully.
Aug 02 01:45:24 zfsnvme-target systemd-logind[964]: Session 37 logged out. Waiting for processes to exit.
Aug 02 01:45:24 zfsnvme-target systemd-logind[964]: Removed session 37.
Aug 02 01:45:33 zfsnvme-target sshd[3185]: Accepted publickey for root from 192.168.34.243 port 37178 ssh2: ED25519 SHA256:RF36ieZjtMwQOHFoCZCKqX0qzGV25rTZHElR+Xnu3/g
Aug 02 01:45:33 zfsnvme-target sshd[3185]: pam_unix(sshd:session): session opened for user root(uid=0) by root(uid=0)
Aug 02 01:45:33 zfsnvme-target systemd-logind[964]: New session 38 of user root.
Aug 02 01:45:33 zfsnvme-target systemd[1]: Started session-38.scope - Session 38 of User root.
Aug 02 01:45:33 zfsnvme-target sshd[3185]: Received disconnect from 192.168.34.243 port 37178:11: disconnected by user
Aug 02 01:45:33 zfsnvme-target sshd[3185]: Disconnected from user root 192.168.34.243 port 37178
Aug 02 01:45:33 zfsnvme-target sshd[3185]: pam_unix(sshd:session): session closed for user root
Aug 02 01:45:33 zfsnvme-target systemd[1]: session-38.scope: Deactivated successfully.
Aug 02 01:45:33 zfsnvme-target systemd-logind[964]: Session 38 logged out. Waiting for processes to exit.
Aug 02 01:45:33 zfsnvme-target systemd-logind[964]: Removed session 38.
Aug 02 01:45:34 zfsnvme-target sshd[3238]: Accepted publickey for root from 192.168.34.242 port 42808 ssh2: ED25519 SHA256:RF36ieZjtMwQOHFoCZCKqX0qzGV25rTZHElR+Xnu3/g
Aug 02 01:45:34 zfsnvme-target sshd[3238]: pam_unix(sshd:session): session opened for user root(uid=0) by root(uid=0)
Aug 02 01:45:34 zfsnvme-target systemd-logind[964]: New session 39 of user root.
Aug 02 01:45:34 zfsnvme-target systemd[1]: Started session-39.scope - Session 39 of User root.
Aug 02 01:45:34 zfsnvme-target sshd[3238]: Received disconnect from 192.168.34.242 port 42808:11: disconnected by user
Aug 02 01:45:34 zfsnvme-target sshd[3238]: Disconnected from user root 192.168.34.242 port 42808
Aug 02 01:45:34 zfsnvme-target sshd[3238]: pam_unix(sshd:session): session closed for user root
Aug 02 01:45:34 zfsnvme-target systemd[1]: session-39.scope: Deactivated successfully.
Aug 02 01:45:34 zfsnvme-target systemd-logind[964]: Session 39 logged out. Waiting for processes to exit.
Aug 02 01:45:34 zfsnvme-target systemd-logind[964]: Removed session 39.
Aug 02 01:45:44 zfsnvme-target sshd[3291]: Accepted publickey for root from 192.168.34.243 port 47386 ssh2: ED25519 SHA256:RF36ieZjtMwQOHFoCZCKqX0qzGV25rTZHElR+Xnu3/g
Aug 02 01:45:44 zfsnvme-target sshd[3291]: pam_unix(sshd:session): session opened for user root(uid=0) by root(uid=0)
Aug 02 01:45:44 zfsnvme-target systemd-logind[964]: New session 40 of user root.
Aug 02 01:45:44 zfsnvme-target systemd[1]: Started session-40.scope - Session 40 of User root.
Aug 02 01:45:44 zfsnvme-target sshd[3291]: Received disconnect from 192.168.34.243 port 47386:11: disconnected by user
Aug 02 01:45:44 zfsnvme-target sshd[3291]: Disconnected from user root 192.168.34.243 port 47386
Aug 02 01:45:44 zfsnvme-target sshd[3291]: pam_unix(sshd:session): session closed for user root
Aug 02 01:45:44 zfsnvme-target systemd[1]: session-40.scope: Deactivated successfully.
Aug 02 01:45:44 zfsnvme-target systemd-logind[964]: Session 40 logged out. Waiting for processes to exit.
Aug 02 01:45:44 zfsnvme-target systemd-logind[964]: Removed session 40.
Aug 02 01:45:45 zfsnvme-target sshd[3344]: Accepted publickey for root from 192.168.34.242 port 56980 ssh2: ED25519 SHA256:RF36ieZjtMwQOHFoCZCKqX0qzGV25rTZHElR+Xnu3/g
Aug 02 01:45:45 zfsnvme-target sshd[3344]: pam_unix(sshd:session): session opened for user root(uid=0) by root(uid=0)
Aug 02 01:45:45 zfsnvme-target systemd-logind[964]: New session 41 of user root.
Aug 02 01:45:45 zfsnvme-target systemd[1]: Started session-41.scope - Session 41 of User root.
Aug 02 01:45:45 zfsnvme-target sshd[3344]: Received disconnect from 192.168.34.242 port 56980:11: disconnected by user
Aug 02 01:45:45 zfsnvme-target sshd[3344]: Disconnected from user root 192.168.34.242 port 56980
Aug 02 01:45:45 zfsnvme-target sshd[3344]: pam_unix(sshd:session): session closed for user root
Aug 02 01:45:45 zfsnvme-target systemd[1]: session-41.scope: Deactivated successfully.
Aug 02 01:45:45 zfsnvme-target systemd-logind[964]: Session 41 logged out. Waiting for processes to exit.
Aug 02 01:45:45 zfsnvme-target systemd-logind[964]: Removed session 41.
Aug 02 01:45:53 zfsnvme-target sshd[3397]: Accepted publickey for root from 192.168.34.243 port 39918 ssh2: ED25519 SHA256:RF36ieZjtMwQOHFoCZCKqX0qzGV25rTZHElR+Xnu3/g
Aug 02 01:45:53 zfsnvme-target sshd[3397]: pam_unix(sshd:session): session opened for user root(uid=0) by root(uid=0)
Aug 02 01:45:53 zfsnvme-target systemd-logind[964]: New session 42 of user root.
Aug 02 01:45:53 zfsnvme-target systemd[1]: Started session-42.scope - Session 42 of User root.
Aug 02 01:45:53 zfsnvme-target sshd[3397]: Received disconnect from 192.168.34.243 port 39918:11: disconnected by user
Aug 02 01:45:53 zfsnvme-target sshd[3397]: Disconnected from user root 192.168.34.243 port 39918
Aug 02 01:45:53 zfsnvme-target sshd[3397]: pam_unix(sshd:session): session closed for user root
Aug 02 01:45:53 zfsnvme-target systemd[1]: session-42.scope: Deactivated successfully.
Aug 02 01:45:53 zfsnvme-target systemd-logind[964]: Session 42 logged out. Waiting for processes to exit.
Aug 02 01:45:53 zfsnvme-target systemd-logind[964]: Removed session 42.
Aug 02 01:45:54 zfsnvme-target sshd[3452]: Accepted publickey for root from 192.168.34.242 port 47172 ssh2: ED25519 SHA256:RF36ieZjtMwQOHFoCZCKqX0qzGV25rTZHElR+Xnu3/g
Aug 02 01:45:54 zfsnvme-target sshd[3452]: pam_unix(sshd:session): session opened for user root(uid=0) by root(uid=0)
Aug 02 01:45:54 zfsnvme-target systemd-logind[964]: New session 43 of user root.
Aug 02 01:45:54 zfsnvme-target systemd[1]: Started session-43.scope - Session 43 of User root.
Aug 02 01:45:54 zfsnvme-target sshd[3452]: Received disconnect from 192.168.34.242 port 47172:11: disconnected by user
Aug 02 01:45:54 zfsnvme-target sshd[3452]: Disconnected from user root 192.168.34.242 port 47172
Aug 02 01:45:54 zfsnvme-target sshd[3452]: pam_unix(sshd:session): session closed for user root
Aug 02 01:45:54 zfsnvme-target systemd[1]: session-43.scope: Deactivated successfully.
Aug 02 01:45:54 zfsnvme-target systemd-logind[964]: Session 43 logged out. Waiting for processes to exit.
Aug 02 01:45:54 zfsnvme-target systemd-logind[964]: Removed session 43.
Aug 02 01:46:03 zfsnvme-target sshd[3498]: Accepted publickey for root from 192.168.34.243 port 41650 ssh2: ED25519 SHA256:RF36ieZjtMwQOHFoCZCKqX0qzGV25rTZHElR+Xnu3/g
Aug 02 01:46:03 zfsnvme-target sshd[3498]: pam_unix(sshd:session): session opened for user root(uid=0) by root(uid=0)
Aug 02 01:46:03 zfsnvme-target systemd-logind[964]: New session 44 of user root.
Aug 02 01:46:03 zfsnvme-target systemd[1]: Started session-44.scope - Session 44 of User root.
Aug 02 01:46:03 zfsnvme-target sshd[3498]: Received disconnect from 192.168.34.243 port 41650:11: disconnected by user
Aug 02 01:46:03 zfsnvme-target sshd[3498]: Disconnected from user root 192.168.34.243 port 41650
Aug 02 01:46:03 zfsnvme-target sshd[3498]: pam_unix(sshd:session): session closed for user root
Aug 02 01:46:03 zfsnvme-target systemd[1]: session-44.scope: Deactivated successfully.
Aug 02 01:46:03 zfsnvme-target systemd-logind[964]: Session 44 logged out. Waiting for processes to exit.
Aug 02 01:46:03 zfsnvme-target systemd-logind[964]: Removed session 44.
Aug 02 01:46:04 zfsnvme-target sshd[3544]: Accepted publickey for root from 192.168.34.242 port 38968 ssh2: ED25519 SHA256:RF36ieZjtMwQOHFoCZCKqX0qzGV25rTZHElR+Xnu3/g
Aug 02 01:46:04 zfsnvme-target sshd[3544]: pam_unix(sshd:session): session opened for user root(uid=0) by root(uid=0)
Aug 02 01:46:04 zfsnvme-target systemd-logind[964]: New session 45 of user root.
Aug 02 01:46:04 zfsnvme-target systemd[1]: Started session-45.scope - Session 45 of User root.
Aug 02 01:46:04 zfsnvme-target sshd[3544]: Received disconnect from 192.168.34.242 port 38968:11: disconnected by user
Aug 02 01:46:04 zfsnvme-target sshd[3544]: Disconnected from user root 192.168.34.242 port 38968
Aug 02 01:46:04 zfsnvme-target sshd[3544]: pam_unix(sshd:session): session closed for user root
Aug 02 01:46:04 zfsnvme-target systemd[1]: session-45.scope: Deactivated successfully.
Aug 02 01:46:04 zfsnvme-target systemd-logind[964]: Session 45 logged out. Waiting for processes to exit.
Aug 02 01:46:04 zfsnvme-target systemd-logind[964]: Removed session 45.
Aug 02 01:46:14 zfsnvme-target sshd[3590]: Accepted publickey for root from 192.168.34.243 port 54014 ssh2: ED25519 SHA256:RF36ieZjtMwQOHFoCZCKqX0qzGV25rTZHElR+Xnu3/g
Aug 02 01:46:14 zfsnvme-target sshd[3590]: pam_unix(sshd:session): session opened for user root(uid=0) by root(uid=0)
Aug 02 01:46:14 zfsnvme-target systemd-logind[964]: New session 46 of user root.
Aug 02 01:46:14 zfsnvme-target systemd[1]: Started session-46.scope - Session 46 of User root.
Aug 02 01:46:14 zfsnvme-target sshd[3590]: Received disconnect from 192.168.34.243 port 54014:11: disconnected by user
Aug 02 01:46:14 zfsnvme-target sshd[3590]: Disconnected from user root 192.168.34.243 port 54014
Aug 02 01:46:14 zfsnvme-target sshd[3590]: pam_unix(sshd:session): session closed for user root
Aug 02 01:46:14 zfsnvme-target systemd[1]: session-46.scope: Deactivated successfully.
Aug 02 01:46:14 zfsnvme-target systemd-logind[964]: Session 46 logged out. Waiting for processes to exit.
Aug 02 01:46:14 zfsnvme-target systemd-logind[964]: Removed session 46.
Aug 02 01:46:14 zfsnvme-target sshd[3636]: Accepted publickey for root from 192.168.34.242 port 47952 ssh2: ED25519 SHA256:RF36ieZjtMwQOHFoCZCKqX0qzGV25rTZHElR+Xnu3/g
Aug 02 01:46:14 zfsnvme-target sshd[3636]: pam_unix(sshd:session): session opened for user root(uid=0) by root(uid=0)
Aug 02 01:46:14 zfsnvme-target systemd-logind[964]: New session 47 of user root.
Aug 02 01:46:14 zfsnvme-target systemd[1]: Started session-47.scope - Session 47 of User root.
Aug 02 01:46:14 zfsnvme-target sshd[3636]: Received disconnect from 192.168.34.242 port 47952:11: disconnected by user
Aug 02 01:46:14 zfsnvme-target sshd[3636]: Disconnected from user root 192.168.34.242 port 47952
Aug 02 01:46:14 zfsnvme-target sshd[3636]: pam_unix(sshd:session): session closed for user root
Aug 02 01:46:14 zfsnvme-target systemd[1]: session-47.scope: Deactivated successfully.
Aug 02 01:46:14 zfsnvme-target systemd-logind[964]: Session 47 logged out. Waiting for processes to exit.
Aug 02 01:46:14 zfsnvme-target systemd-logind[964]: Removed session 47.
Aug 02 01:46:23 zfsnvme-target sshd[3682]: Accepted publickey for root from 192.168.34.243 port 49194 ssh2: ED25519 SHA256:RF36ieZjtMwQOHFoCZCKqX0qzGV25rTZHElR+Xnu3/g
Aug 02 01:46:23 zfsnvme-target sshd[3682]: pam_unix(sshd:session): session opened for user root(uid=0) by root(uid=0)
Aug 02 01:46:23 zfsnvme-target systemd-logind[964]: New session 48 of user root.
Aug 02 01:46:23 zfsnvme-target systemd[1]: Started session-48.scope - Session 48 of User root.
Aug 02 01:46:23 zfsnvme-target sshd[3682]: Received disconnect from 192.168.34.243 port 49194:11: disconnected by user
Aug 02 01:46:23 zfsnvme-target sshd[3682]: Disconnected from user root 192.168.34.243 port 49194
Aug 02 01:46:23 zfsnvme-target sshd[3682]: pam_unix(sshd:session): session closed for user root
Aug 02 01:46:23 zfsnvme-target systemd[1]: session-48.scope: Deactivated successfully.
Aug 02 01:46:23 zfsnvme-target systemd-logind[964]: Session 48 logged out. Waiting for processes to exit.
Aug 02 01:46:23 zfsnvme-target systemd-logind[964]: Removed session 48.
Aug 02 01:46:25 zfsnvme-target sshd[3728]: Accepted publickey for root from 192.168.34.242 port 59222 ssh2: ED25519 SHA256:RF36ieZjtMwQOHFoCZCKqX0qzGV25rTZHElR+Xnu3/g
Aug 02 01:46:25 zfsnvme-target sshd[3728]: pam_unix(sshd:session): session opened for user root(uid=0) by root(uid=0)
Aug 02 01:46:25 zfsnvme-target systemd-logind[964]: New session 49 of user root.
Aug 02 01:46:25 zfsnvme-target systemd[1]: Started session-49.scope - Session 49 of User root.
Aug 02 01:46:25 zfsnvme-target sshd[3728]: Received disconnect from 192.168.34.242 port 59222:11: disconnected by user
Aug 02 01:46:25 zfsnvme-target sshd[3728]: Disconnected from user root 192.168.34.242 port 59222
Aug 02 01:46:25 zfsnvme-target sshd[3728]: pam_unix(sshd:session): session closed for user root
Aug 02 01:46:25 zfsnvme-target systemd[1]: session-49.scope: Deactivated successfully.
Aug 02 01:46:25 zfsnvme-target systemd-logind[964]: Session 49 logged out. Waiting for processes to exit.
Aug 02 01:46:25 zfsnvme-target systemd-logind[964]: Removed session 49.
Aug 02 01:46:33 zfsnvme-target sshd[3774]: Accepted publickey for root from 192.168.34.243 port 34922 ssh2: ED25519 SHA256:RF36ieZjtMwQOHFoCZCKqX0qzGV25rTZHElR+Xnu3/g
Aug 02 01:46:33 zfsnvme-target sshd[3774]: pam_unix(sshd:session): session opened for user root(uid=0) by root(uid=0)
Aug 02 01:46:33 zfsnvme-target systemd-logind[964]: New session 50 of user root.
Aug 02 01:46:33 zfsnvme-target systemd[1]: Started session-50.scope - Session 50 of User root.
Aug 02 01:46:33 zfsnvme-target sshd[3774]: Received disconnect from 192.168.34.243 port 34922:11: disconnected by user
Aug 02 01:46:33 zfsnvme-target sshd[3774]: Disconnected from user root 192.168.34.243 port 34922
Aug 02 01:46:33 zfsnvme-target sshd[3774]: pam_unix(sshd:session): session closed for user root
Aug 02 01:46:33 zfsnvme-target systemd[1]: session-50.scope: Deactivated successfully.
Aug 02 01:46:33 zfsnvme-target systemd-logind[964]: Session 50 logged out. Waiting for processes to exit.
Aug 02 01:46:33 zfsnvme-target systemd-logind[964]: Removed session 50.
Aug 02 01:46:34 zfsnvme-target sshd[3820]: Accepted publickey for root from 192.168.34.242 port 45076 ssh2: ED25519 SHA256:RF36ieZjtMwQOHFoCZCKqX0qzGV25rTZHElR+Xnu3/g
Aug 02 01:46:34 zfsnvme-target sshd[3820]: pam_unix(sshd:session): session opened for user root(uid=0) by root(uid=0)
Aug 02 01:46:34 zfsnvme-target systemd-logind[964]: New session 51 of user root.
Aug 02 01:46:34 zfsnvme-target systemd[1]: Started session-51.scope - Session 51 of User root.
Aug 02 01:46:34 zfsnvme-target sshd[3820]: Received disconnect from 192.168.34.242 port 45076:11: disconnected by user
Aug 02 01:46:34 zfsnvme-target sshd[3820]: Disconnected from user root 192.168.34.242 port 45076
Aug 02 01:46:34 zfsnvme-target sshd[3820]: pam_unix(sshd:session): session closed for user root
Aug 02 01:46:34 zfsnvme-target systemd[1]: session-51.scope: Deactivated successfully.
Aug 02 01:46:34 zfsnvme-target systemd-logind[964]: Session 51 logged out. Waiting for processes to exit.
Aug 02 01:46:34 zfsnvme-target systemd-logind[964]: Removed session 51.
Aug 02 01:46:43 zfsnvme-target sshd[3866]: Accepted publickey for root from 192.168.34.243 port 32856 ssh2: ED25519 SHA256:RF36ieZjtMwQOHFoCZCKqX0qzGV25rTZHElR+Xnu3/g
Aug 02 01:46:43 zfsnvme-target sshd[3866]: pam_unix(sshd:session): session opened for user root(uid=0) by root(uid=0)
Aug 02 01:46:43 zfsnvme-target systemd-logind[964]: New session 52 of user root.
Aug 02 01:46:43 zfsnvme-target systemd[1]: Started session-52.scope - Session 52 of User root.
Aug 02 01:46:43 zfsnvme-target sshd[3866]: Received disconnect from 192.168.34.243 port 32856:11: disconnected by user
Aug 02 01:46:43 zfsnvme-target sshd[3866]: Disconnected from user root 192.168.34.243 port 32856
Aug 02 01:46:43 zfsnvme-target sshd[3866]: pam_unix(sshd:session): session closed for user root
Aug 02 01:46:43 zfsnvme-target systemd[1]: session-52.scope: Deactivated successfully.
Aug 02 01:46:43 zfsnvme-target systemd-logind[964]: Session 52 logged out. Waiting for processes to exit.
Aug 02 01:46:43 zfsnvme-target systemd-logind[964]: Removed session 52.
Aug 02 01:46:44 zfsnvme-target sshd[3912]: Accepted publickey for root from 192.168.34.242 port 39892 ssh2: ED25519 SHA256:RF36ieZjtMwQOHFoCZCKqX0qzGV25rTZHElR+Xnu3/g
Aug 02 01:46:44 zfsnvme-target sshd[3912]: pam_unix(sshd:session): session opened for user root(uid=0) by root(uid=0)
Aug 02 01:46:44 zfsnvme-target systemd-logind[964]: New session 53 of user root.
Aug 02 01:46:44 zfsnvme-target systemd[1]: Started session-53.scope - Session 53 of User root.
Aug 02 01:46:44 zfsnvme-target sshd[3912]: Received disconnect from 192.168.34.242 port 39892:11: disconnected by user
Aug 02 01:46:44 zfsnvme-target sshd[3912]: Disconnected from user root 192.168.34.242 port 39892
Aug 02 01:46:44 zfsnvme-target sshd[3912]: pam_unix(sshd:session): session closed for user root
Aug 02 01:46:44 zfsnvme-target systemd[1]: session-53.scope: Deactivated successfully.
Aug 02 01:46:44 zfsnvme-target systemd-logind[964]: Session 53 logged out. Waiting for processes to exit.
Aug 02 01:46:44 zfsnvme-target systemd-logind[964]: Removed session 53.
Aug 02 01:46:54 zfsnvme-target sshd[3958]: Accepted publickey for root from 192.168.34.243 port 55156 ssh2: ED25519 SHA256:RF36ieZjtMwQOHFoCZCKqX0qzGV25rTZHElR+Xnu3/g
Aug 02 01:46:54 zfsnvme-target sshd[3958]: pam_unix(sshd:session): session opened for user root(uid=0) by root(uid=0)
Aug 02 01:46:54 zfsnvme-target systemd-logind[964]: New session 54 of user root.
Aug 02 01:46:54 zfsnvme-target systemd[1]: Started session-54.scope - Session 54 of User root.
Aug 02 01:46:54 zfsnvme-target sshd[3958]: Received disconnect from 192.168.34.243 port 55156:11: disconnected by user
Aug 02 01:46:54 zfsnvme-target sshd[3958]: Disconnected from user root 192.168.34.243 port 55156
Aug 02 01:46:54 zfsnvme-target sshd[3958]: pam_unix(sshd:session): session closed for user root
Aug 02 01:46:54 zfsnvme-target systemd[1]: session-54.scope: Deactivated successfully.
Aug 02 01:46:54 zfsnvme-target systemd-logind[964]: Session 54 logged out. Waiting for processes to exit.
Aug 02 01:46:54 zfsnvme-target systemd-logind[964]: Removed session 54.
Aug 02 01:46:54 zfsnvme-target sshd[4013]: Accepted publickey for root from 192.168.34.242 port 42384 ssh2: ED25519 SHA256:RF36ieZjtMwQOHFoCZCKqX0qzGV25rTZHElR+Xnu3/g
Aug 02 01:46:54 zfsnvme-target sshd[4013]: pam_unix(sshd:session): session opened for user root(uid=0) by root(uid=0)
Aug 02 01:46:54 zfsnvme-target systemd-logind[964]: New session 55 of user root.
Aug 02 01:46:54 zfsnvme-target systemd[1]: Started session-55.scope - Session 55 of User root.
Aug 02 01:46:55 zfsnvme-target sshd[4013]: Received disconnect from 192.168.34.242 port 42384:11: disconnected by user
Aug 02 01:46:55 zfsnvme-target sshd[4013]: Disconnected from user root 192.168.34.242 port 42384
Aug 02 01:46:55 zfsnvme-target sshd[4013]: pam_unix(sshd:session): session closed for user root
Aug 02 01:46:55 zfsnvme-target systemd[1]: session-55.scope: Deactivated successfully.
Aug 02 01:46:55 zfsnvme-target systemd-logind[964]: Session 55 logged out. Waiting for processes to exit.
Aug 02 01:46:55 zfsnvme-target systemd-logind[964]: Removed session 55.
Aug 02 01:47:03 zfsnvme-target sshd[4059]: Accepted publickey for root from 192.168.34.243 port 56642 ssh2: ED25519 SHA256:RF36ieZjtMwQOHFoCZCKqX0qzGV25rTZHElR+Xnu3/g
Aug 02 01:47:03 zfsnvme-target sshd[4059]: pam_unix(sshd:session): session opened for user root(uid=0) by root(uid=0)
Aug 02 01:47:03 zfsnvme-target systemd-logind[964]: New session 56 of user root.
Aug 02 01:47:03 zfsnvme-target systemd[1]: Started session-56.scope - Session 56 of User root.
Aug 02 01:47:03 zfsnvme-target sshd[4059]: Received disconnect from 192.168.34.243 port 56642:11: disconnected by user
Aug 02 01:47:03 zfsnvme-target sshd[4059]: Disconnected from user root 192.168.34.243 port 56642
Aug 02 01:47:03 zfsnvme-target sshd[4059]: pam_unix(sshd:session): session closed for user root
Aug 02 01:47:03 zfsnvme-target systemd[1]: session-56.scope: Deactivated successfully.
Aug 02 01:47:03 zfsnvme-target systemd-logind[964]: Session 56 logged out. Waiting for processes to exit.
Aug 02 01:47:03 zfsnvme-target systemd-logind[964]: Removed session 56.
Aug 02 01:47:04 zfsnvme-target sshd[4105]: Accepted publickey for root from 192.168.34.242 port 48624 ssh2: ED25519 SHA256:RF36ieZjtMwQOHFoCZCKqX0qzGV25rTZHElR+Xnu3/g
Aug 02 01:47:04 zfsnvme-target sshd[4105]: pam_unix(sshd:session): session opened for user root(uid=0) by root(uid=0)
Aug 02 01:47:04 zfsnvme-target systemd-logind[964]: New session 57 of user root.
Aug 02 01:47:04 zfsnvme-target systemd[1]: Started session-57.scope - Session 57 of User root.
Aug 02 01:47:04 zfsnvme-target sshd[4105]: Received disconnect from 192.168.34.242 port 48624:11: disconnected by user
Aug 02 01:47:04 zfsnvme-target sshd[4105]: Disconnected from user root 192.168.34.242 port 48624
Aug 02 01:47:04 zfsnvme-target sshd[4105]: pam_unix(sshd:session): session closed for user root
Aug 02 01:47:04 zfsnvme-target systemd[1]: session-57.scope: Deactivated successfully.
Aug 02 01:47:04 zfsnvme-target systemd-logind[964]: Session 57 logged out. Waiting for processes to exit.
Aug 02 01:47:04 zfsnvme-target systemd-logind[964]: Removed session 57.
Aug 02 01:47:14 zfsnvme-target systemd[1]: Stopping user@0.service - User Manager for UID 0...
Aug 02 01:47:14 zfsnvme-target systemd[1243]: Activating special unit exit.target...
Aug 02 01:47:14 zfsnvme-target systemd[1243]: Stopped target default.target - Main User Target.
Aug 02 01:47:14 zfsnvme-target systemd[1243]: Stopped target basic.target - Basic System.
Aug 02 01:47:14 zfsnvme-target systemd[1243]: Stopped target paths.target - Paths.
Aug 02 01:47:14 zfsnvme-target systemd[1243]: Stopped target sockets.target - Sockets.
Aug 02 01:47:14 zfsnvme-target systemd[1243]: Stopped target timers.target - Timers.
Aug 02 01:47:14 zfsnvme-target systemd[1243]: Stopped launchpadlib-cache-clean.timer - Clean up old files in the Launchpadlib cache.
Aug 02 01:47:14 zfsnvme-target systemd[1243]: Closed dbus.socket - D-Bus User Message Bus Socket.
Aug 02 01:47:14 zfsnvme-target systemd[1243]: Closed dirmngr.socket - GnuPG network certificate management daemon.
Aug 02 01:47:14 zfsnvme-target systemd[1243]: Closed gpg-agent-browser.socket - GnuPG cryptographic agent and passphrase cache (access for web browsers).
Aug 02 01:47:14 zfsnvme-target systemd[1243]: Closed gpg-agent-extra.socket - GnuPG cryptographic agent and passphrase cache (restricted).
Aug 02 01:47:14 zfsnvme-target systemd[1243]: Stopping gpg-agent-ssh.socket - GnuPG cryptographic agent (ssh-agent emulation)...
Aug 02 01:47:14 zfsnvme-target systemd[1243]: Closed gpg-agent.socket - GnuPG cryptographic agent and passphrase cache.
Aug 02 01:47:14 zfsnvme-target systemd[1243]: Closed keyboxd.socket - GnuPG public key management service.
Aug 02 01:47:14 zfsnvme-target systemd[1243]: Closed pk-debconf-helper.socket - debconf communication socket.
Aug 02 01:47:14 zfsnvme-target systemd[1243]: Closed snapd.session-agent.socket - REST API socket for snapd user session agent.
Aug 02 01:47:14 zfsnvme-target systemd[1243]: Closed gpg-agent-ssh.socket - GnuPG cryptographic agent (ssh-agent emulation).
Aug 02 01:47:14 zfsnvme-target systemd[1243]: Removed slice app.slice - User Application Slice.
Aug 02 01:47:14 zfsnvme-target systemd[1243]: Reached target shutdown.target - Shutdown.
Aug 02 01:47:14 zfsnvme-target systemd[1243]: Finished systemd-exit.service - Exit the Session.
Aug 02 01:47:14 zfsnvme-target systemd[1243]: Reached target exit.target - Exit the Session.
Aug 02 01:47:14 zfsnvme-target systemd[1]: user@0.service: Deactivated successfully.
Aug 02 01:47:14 zfsnvme-target systemd[1]: Stopped user@0.service - User Manager for UID 0.
Aug 02 01:47:14 zfsnvme-target systemd[1]: Stopping user-runtime-dir@0.service - User Runtime Directory /run/user/0...
Aug 02 01:47:14 zfsnvme-target systemd[1]: run-user-0.mount: Deactivated successfully.
Aug 02 01:47:14 zfsnvme-target systemd[1]: user-runtime-dir@0.service: Deactivated successfully.
Aug 02 01:47:14 zfsnvme-target systemd[1]: Stopped user-runtime-dir@0.service - User Runtime Directory /run/user/0.
Aug 02 01:47:14 zfsnvme-target systemd[1]: Removed slice user-0.slice - User Slice of UID 0.
Aug 02 01:47:14 zfsnvme-target systemd[1]: user-0.slice: Consumed 4.031s CPU time.
Aug 02 01:47:16 zfsnvme-target sshd[4158]: Accepted publickey for root from 192.168.34.242 port 46112 ssh2: ED25519 SHA256:RF36ieZjtMwQOHFoCZCKqX0qzGV25rTZHElR+Xnu3/g
Aug 02 01:47:16 zfsnvme-target sshd[4158]: pam_unix(sshd:session): session opened for user root(uid=0) by root(uid=0)
Aug 02 01:47:16 zfsnvme-target systemd[1]: Created slice user-0.slice - User Slice of UID 0.
Aug 02 01:47:16 zfsnvme-target systemd[1]: Starting user-runtime-dir@0.service - User Runtime Directory /run/user/0...
Aug 02 01:47:16 zfsnvme-target systemd-logind[964]: New session 58 of user root.
Aug 02 01:47:16 zfsnvme-target systemd[1]: Finished user-runtime-dir@0.service - User Runtime Directory /run/user/0.
Aug 02 01:47:16 zfsnvme-target systemd[1]: Starting user@0.service - User Manager for UID 0...
Aug 02 01:47:16 zfsnvme-target (systemd)[4162]: pam_unix(systemd-user:session): session opened for user root(uid=0) by root(uid=0)
Aug 02 01:47:16 zfsnvme-target systemd[4162]: Queued start job for default target default.target.
Aug 02 01:47:16 zfsnvme-target systemd[4162]: Created slice app.slice - User Application Slice.
Aug 02 01:47:16 zfsnvme-target systemd[4162]: Started launchpadlib-cache-clean.timer - Clean up old files in the Launchpadlib cache.
Aug 02 01:47:16 zfsnvme-target systemd[4162]: Reached target paths.target - Paths.
Aug 02 01:47:16 zfsnvme-target systemd[4162]: Reached target timers.target - Timers.
Aug 02 01:47:16 zfsnvme-target systemd[4162]: Starting dbus.socket - D-Bus User Message Bus Socket...
Aug 02 01:47:16 zfsnvme-target systemd[4162]: Listening on dirmngr.socket - GnuPG network certificate management daemon.
Aug 02 01:47:16 zfsnvme-target systemd[4162]: Listening on gpg-agent-browser.socket - GnuPG cryptographic agent and passphrase cache (access for web browsers).
Aug 02 01:47:16 zfsnvme-target systemd[4162]: Listening on gpg-agent-extra.socket - GnuPG cryptographic agent and passphrase cache (restricted).
Aug 02 01:47:16 zfsnvme-target systemd[4162]: Starting gpg-agent-ssh.socket - GnuPG cryptographic agent (ssh-agent emulation)...
Aug 02 01:47:16 zfsnvme-target systemd[4162]: Listening on gpg-agent.socket - GnuPG cryptographic agent and passphrase cache.
Aug 02 01:47:16 zfsnvme-target systemd[4162]: Listening on keyboxd.socket - GnuPG public key management service.
Aug 02 01:47:16 zfsnvme-target systemd[4162]: Listening on pk-debconf-helper.socket - debconf communication socket.
Aug 02 01:47:16 zfsnvme-target systemd[4162]: Listening on snapd.session-agent.socket - REST API socket for snapd user session agent.
Aug 02 01:47:16 zfsnvme-target systemd[4162]: Listening on dbus.socket - D-Bus User Message Bus Socket.
Aug 02 01:47:16 zfsnvme-target systemd[4162]: Listening on gpg-agent-ssh.socket - GnuPG cryptographic agent (ssh-agent emulation).
Aug 02 01:47:16 zfsnvme-target systemd[4162]: Reached target sockets.target - Sockets.
Aug 02 01:47:16 zfsnvme-target systemd[4162]: Reached target basic.target - Basic System.
Aug 02 01:47:16 zfsnvme-target systemd[4162]: Reached target default.target - Main User Target.
Aug 02 01:47:16 zfsnvme-target systemd[4162]: Startup finished in 147ms.
Aug 02 01:47:16 zfsnvme-target systemd[1]: Started user@0.service - User Manager for UID 0.
Aug 02 01:47:16 zfsnvme-target systemd[1]: Started session-58.scope - Session 58 of User root.
Aug 02 01:47:17 zfsnvme-target sshd[4158]: Received disconnect from 192.168.34.242 port 46112:11: disconnected by user
Aug 02 01:47:17 zfsnvme-target sshd[4158]: Disconnected from user root 192.168.34.242 port 46112
Aug 02 01:47:17 zfsnvme-target sshd[4158]: pam_unix(sshd:session): session closed for user root
Aug 02 01:47:17 zfsnvme-target systemd[1]: session-58.scope: Deactivated successfully.
Aug 02 01:47:17 zfsnvme-target systemd-logind[964]: Session 58 logged out. Waiting for processes to exit.
Aug 02 01:47:17 zfsnvme-target systemd-logind[964]: Removed session 58.
Aug 02 01:47:22 zfsnvme-target sshd[4219]: Accepted publickey for root from 192.168.34.243 port 57296 ssh2: ED25519 SHA256:RF36ieZjtMwQOHFoCZCKqX0qzGV25rTZHElR+Xnu3/g
Aug 02 01:47:22 zfsnvme-target sshd[4219]: pam_unix(sshd:session): session opened for user root(uid=0) by root(uid=0)
Aug 02 01:47:22 zfsnvme-target systemd-logind[964]: New session 60 of user root.
Aug 02 01:47:22 zfsnvme-target systemd[1]: Started session-60.scope - Session 60 of User root.
Aug 02 01:47:22 zfsnvme-target sshd[4219]: Received disconnect from 192.168.34.243 port 57296:11: disconnected by user
Aug 02 01:47:22 zfsnvme-target sshd[4219]: Disconnected from user root 192.168.34.243 port 57296
Aug 02 01:47:22 zfsnvme-target sshd[4219]: pam_unix(sshd:session): session closed for user root
Aug 02 01:47:22 zfsnvme-target systemd[1]: session-60.scope: Deactivated successfully.
Aug 02 01:47:22 zfsnvme-target systemd-logind[964]: Session 60 logged out. Waiting for processes to exit.
Aug 02 01:47:22 zfsnvme-target systemd-logind[964]: Removed session 60.
Aug 02 01:47:26 zfsnvme-target sshd[4265]: Accepted publickey for root from 192.168.34.242 port 40046 ssh2: ED25519 SHA256:RF36ieZjtMwQOHFoCZCKqX0qzGV25rTZHElR+Xnu3/g
Aug 02 01:47:26 zfsnvme-target sshd[4265]: pam_unix(sshd:session): session opened for user root(uid=0) by root(uid=0)
Aug 02 01:47:26 zfsnvme-target systemd-logind[964]: New session 61 of user root.
Aug 02 01:47:26 zfsnvme-target systemd[1]: Started session-61.scope - Session 61 of User root.
Aug 02 01:47:26 zfsnvme-target sshd[4265]: Received disconnect from 192.168.34.242 port 40046:11: disconnected by user
Aug 02 01:47:26 zfsnvme-target sshd[4265]: Disconnected from user root 192.168.34.242 port 40046
Aug 02 01:47:26 zfsnvme-target sshd[4265]: pam_unix(sshd:session): session closed for user root
Aug 02 01:47:26 zfsnvme-target systemd[1]: session-61.scope: Deactivated successfully.
Aug 02 01:47:26 zfsnvme-target systemd-logind[964]: Session 61 logged out. Waiting for processes to exit.
Aug 02 01:47:26 zfsnvme-target systemd-logind[964]: Removed session 61.
Aug 02 01:47:33 zfsnvme-target sshd[4311]: Accepted publickey for root from 192.168.34.243 port 53290 ssh2: ED25519 SHA256:RF36ieZjtMwQOHFoCZCKqX0qzGV25rTZHElR+Xnu3/g
Aug 02 01:47:33 zfsnvme-target sshd[4311]: pam_unix(sshd:session): session opened for user root(uid=0) by root(uid=0)
Aug 02 01:47:33 zfsnvme-target systemd-logind[964]: New session 62 of user root.
Aug 02 01:47:33 zfsnvme-target systemd[1]: Started session-62.scope - Session 62 of User root.
Aug 02 01:47:33 zfsnvme-target sshd[4311]: Received disconnect from 192.168.34.243 port 53290:11: disconnected by user
Aug 02 01:47:33 zfsnvme-target sshd[4311]: Disconnected from user root 192.168.34.243 port 53290
Aug 02 01:47:33 zfsnvme-target sshd[4311]: pam_unix(sshd:session): session closed for user root
Aug 02 01:47:33 zfsnvme-target systemd[1]: session-62.scope: Deactivated successfully.
Aug 02 01:47:33 zfsnvme-target systemd-logind[964]: Session 62 logged out. Waiting for processes to exit.
Aug 02 01:47:33 zfsnvme-target systemd-logind[964]: Removed session 62.
Aug 02 01:47:36 zfsnvme-target sshd[4357]: Accepted publickey for root from 192.168.34.242 port 53056 ssh2: ED25519 SHA256:RF36ieZjtMwQOHFoCZCKqX0qzGV25rTZHElR+Xnu3/g
Aug 02 01:47:36 zfsnvme-target sshd[4357]: pam_unix(sshd:session): session opened for user root(uid=0) by root(uid=0)
Aug 02 01:47:36 zfsnvme-target systemd-logind[964]: New session 63 of user root.
Aug 02 01:47:36 zfsnvme-target systemd[1]: Started session-63.scope - Session 63 of User root.
Aug 02 01:47:36 zfsnvme-target sshd[4357]: Received disconnect from 192.168.34.242 port 53056:11: disconnected by user
Aug 02 01:47:36 zfsnvme-target sshd[4357]: Disconnected from user root 192.168.34.242 port 53056
Aug 02 01:47:36 zfsnvme-target sshd[4357]: pam_unix(sshd:session): session closed for user root
Aug 02 01:47:36 zfsnvme-target systemd[1]: session-63.scope: Deactivated successfully.
Aug 02 01:47:36 zfsnvme-target systemd-logind[964]: Session 63 logged out. Waiting for processes to exit.
Aug 02 01:47:36 zfsnvme-target systemd-logind[964]: Removed session 63.
Aug 02 01:47:42 zfsnvme-target sshd[4403]: Accepted publickey for root from 192.168.34.243 port 58436 ssh2: ED25519 SHA256:RF36ieZjtMwQOHFoCZCKqX0qzGV25rTZHElR+Xnu3/g
Aug 02 01:47:42 zfsnvme-target sshd[4403]: pam_unix(sshd:session): session opened for user root(uid=0) by root(uid=0)
Aug 02 01:47:42 zfsnvme-target systemd-logind[964]: New session 64 of user root.
Aug 02 01:47:42 zfsnvme-target systemd[1]: Started session-64.scope - Session 64 of User root.
Aug 02 01:47:42 zfsnvme-target sshd[4403]: Received disconnect from 192.168.34.243 port 58436:11: disconnected by user
Aug 02 01:47:42 zfsnvme-target sshd[4403]: Disconnected from user root 192.168.34.243 port 58436
Aug 02 01:47:42 zfsnvme-target sshd[4403]: pam_unix(sshd:session): session closed for user root
Aug 02 01:47:42 zfsnvme-target systemd[1]: session-64.scope: Deactivated successfully.
Aug 02 01:47:42 zfsnvme-target systemd-logind[964]: Session 64 logged out. Waiting for processes to exit.
Aug 02 01:47:42 zfsnvme-target systemd-logind[964]: Removed session 64.
Aug 02 01:47:46 zfsnvme-target sshd[4449]: Accepted publickey for root from 192.168.34.242 port 40030 ssh2: ED25519 SHA256:RF36ieZjtMwQOHFoCZCKqX0qzGV25rTZHElR+Xnu3/g
Aug 02 01:47:46 zfsnvme-target sshd[4449]: pam_unix(sshd:session): session opened for user root(uid=0) by root(uid=0)
Aug 02 01:47:46 zfsnvme-target systemd-logind[964]: New session 65 of user root.
Aug 02 01:47:46 zfsnvme-target systemd[1]: Started session-65.scope - Session 65 of User root.
Aug 02 01:47:46 zfsnvme-target sshd[4449]: Received disconnect from 192.168.34.242 port 40030:11: disconnected by user
Aug 02 01:47:46 zfsnvme-target sshd[4449]: Disconnected from user root 192.168.34.242 port 40030
Aug 02 01:47:46 zfsnvme-target sshd[4449]: pam_unix(sshd:session): session closed for user root
Aug 02 01:47:46 zfsnvme-target systemd[1]: session-65.scope: Deactivated successfully.
Aug 02 01:47:46 zfsnvme-target systemd-logind[964]: Session 65 logged out. Waiting for processes to exit.
Aug 02 01:47:46 zfsnvme-target systemd-logind[964]: Removed session 65.
Aug 02 01:47:52 zfsnvme-target sshd[4495]: Accepted publickey for root from 192.168.34.243 port 52960 ssh2: ED25519 SHA256:RF36ieZjtMwQOHFoCZCKqX0qzGV25rTZHElR+Xnu3/g
Aug 02 01:47:52 zfsnvme-target sshd[4495]: pam_unix(sshd:session): session opened for user root(uid=0) by root(uid=0)
Aug 02 01:47:52 zfsnvme-target systemd-logind[964]: New session 66 of user root.
Aug 02 01:47:52 zfsnvme-target systemd[1]: Started session-66.scope - Session 66 of User root.
Aug 02 01:47:52 zfsnvme-target sshd[4495]: Received disconnect from 192.168.34.243 port 52960:11: disconnected by user
Aug 02 01:47:52 zfsnvme-target sshd[4495]: Disconnected from user root 192.168.34.243 port 52960
Aug 02 01:47:52 zfsnvme-target sshd[4495]: pam_unix(sshd:session): session closed for user root
Aug 02 01:47:52 zfsnvme-target systemd[1]: session-66.scope: Deactivated successfully.
Aug 02 01:47:52 zfsnvme-target systemd-logind[964]: Session 66 logged out. Waiting for processes to exit.
Aug 02 01:47:52 zfsnvme-target systemd-logind[964]: Removed session 66.
Aug 02 01:47:57 zfsnvme-target sshd[4541]: Accepted publickey for root from 192.168.34.242 port 40076 ssh2: ED25519 SHA256:RF36ieZjtMwQOHFoCZCKqX0qzGV25rTZHElR+Xnu3/g
Aug 02 01:47:57 zfsnvme-target sshd[4541]: pam_unix(sshd:session): session opened for user root(uid=0) by root(uid=0)
Aug 02 01:47:57 zfsnvme-target systemd-logind[964]: New session 67 of user root.
Aug 02 01:47:57 zfsnvme-target systemd[1]: Started session-67.scope - Session 67 of User root.
Aug 02 01:47:57 zfsnvme-target sshd[4541]: Received disconnect from 192.168.34.242 port 40076:11: disconnected by user
Aug 02 01:47:57 zfsnvme-target sshd[4541]: Disconnected from user root 192.168.34.242 port 40076
Aug 02 01:47:57 zfsnvme-target sshd[4541]: pam_unix(sshd:session): session closed for user root
Aug 02 01:47:57 zfsnvme-target systemd[1]: session-67.scope: Deactivated successfully.
Aug 02 01:47:57 zfsnvme-target systemd-logind[964]: Session 67 logged out. Waiting for processes to exit.
Aug 02 01:47:57 zfsnvme-target systemd-logind[964]: Removed session 67.
Aug 02 01:48:02 zfsnvme-target sshd[4596]: Accepted publickey for root from 192.168.34.243 port 41504 ssh2: ED25519 SHA256:RF36ieZjtMwQOHFoCZCKqX0qzGV25rTZHElR+Xnu3/g
Aug 02 01:48:02 zfsnvme-target sshd[4596]: pam_unix(sshd:session): session opened for user root(uid=0) by root(uid=0)
Aug 02 01:48:02 zfsnvme-target systemd-logind[964]: New session 68 of user root.
Aug 02 01:48:02 zfsnvme-target systemd[1]: Started session-68.scope - Session 68 of User root.
Aug 02 01:48:02 zfsnvme-target sshd[4596]: Received disconnect from 192.168.34.243 port 41504:11: disconnected by user
Aug 02 01:48:02 zfsnvme-target sshd[4596]: Disconnected from user root 192.168.34.243 port 41504
Aug 02 01:48:02 zfsnvme-target sshd[4596]: pam_unix(sshd:session): session closed for user root
Aug 02 01:48:02 zfsnvme-target systemd[1]: session-68.scope: Deactivated successfully.
Aug 02 01:48:02 zfsnvme-target systemd-logind[964]: Session 68 logged out. Waiting for processes to exit.
Aug 02 01:48:02 zfsnvme-target systemd-logind[964]: Removed session 68.
Aug 02 01:48:06 zfsnvme-target sshd[4642]: Accepted publickey for root from 192.168.34.242 port 50494 ssh2: ED25519 SHA256:RF36ieZjtMwQOHFoCZCKqX0qzGV25rTZHElR+Xnu3/g
Aug 02 01:48:06 zfsnvme-target sshd[4642]: pam_unix(sshd:session): session opened for user root(uid=0) by root(uid=0)
Aug 02 01:48:06 zfsnvme-target systemd-logind[964]: New session 69 of user root.
Aug 02 01:48:06 zfsnvme-target systemd[1]: Started session-69.scope - Session 69 of User root.
Aug 02 01:48:06 zfsnvme-target sshd[4642]: Received disconnect from 192.168.34.242 port 50494:11: disconnected by user
Aug 02 01:48:06 zfsnvme-target sshd[4642]: Disconnected from user root 192.168.34.242 port 50494
Aug 02 01:48:06 zfsnvme-target sshd[4642]: pam_unix(sshd:session): session closed for user root
Aug 02 01:48:06 zfsnvme-target systemd[1]: session-69.scope: Deactivated successfully.
Aug 02 01:48:06 zfsnvme-target systemd-logind[964]: Session 69 logged out. Waiting for processes to exit.
Aug 02 01:48:06 zfsnvme-target systemd-logind[964]: Removed session 69.
Aug 02 01:48:13 zfsnvme-target sshd[4688]: Accepted publickey for root from 192.168.34.243 port 40674 ssh2: ED25519 SHA256:RF36ieZjtMwQOHFoCZCKqX0qzGV25rTZHElR+Xnu3/g
Aug 02 01:48:13 zfsnvme-target sshd[4688]: pam_unix(sshd:session): session opened for user root(uid=0) by root(uid=0)
Aug 02 01:48:13 zfsnvme-target systemd-logind[964]: New session 70 of user root.
Aug 02 01:48:13 zfsnvme-target systemd[1]: Started session-70.scope - Session 70 of User root.
Aug 02 01:48:13 zfsnvme-target sshd[4688]: Received disconnect from 192.168.34.243 port 40674:11: disconnected by user
Aug 02 01:48:13 zfsnvme-target sshd[4688]: Disconnected from user root 192.168.34.243 port 40674
Aug 02 01:48:13 zfsnvme-target sshd[4688]: pam_unix(sshd:session): session closed for user root
Aug 02 01:48:13 zfsnvme-target systemd[1]: session-70.scope: Deactivated successfully.
Aug 02 01:48:13 zfsnvme-target systemd-logind[964]: Session 70 logged out. Waiting for processes to exit.
Aug 02 01:48:13 zfsnvme-target systemd-logind[964]: Removed session 70.
Aug 02 01:48:16 zfsnvme-target sshd[4734]: Accepted publickey for root from 192.168.34.242 port 35148 ssh2: ED25519 SHA256:RF36ieZjtMwQOHFoCZCKqX0qzGV25rTZHElR+Xnu3/g
Aug 02 01:48:16 zfsnvme-target sshd[4734]: pam_unix(sshd:session): session opened for user root(uid=0) by root(uid=0)
Aug 02 01:48:16 zfsnvme-target systemd-logind[964]: New session 71 of user root.
Aug 02 01:48:16 zfsnvme-target systemd[1]: Started session-71.scope - Session 71 of User root.
Aug 02 01:48:16 zfsnvme-target sshd[4734]: Received disconnect from 192.168.34.242 port 35148:11: disconnected by user
Aug 02 01:48:16 zfsnvme-target sshd[4734]: Disconnected from user root 192.168.34.242 port 35148
Aug 02 01:48:16 zfsnvme-target sshd[4734]: pam_unix(sshd:session): session closed for user root
Aug 02 01:48:16 zfsnvme-target systemd[1]: session-71.scope: Deactivated successfully.
Aug 02 01:48:16 zfsnvme-target systemd-logind[964]: Session 71 logged out. Waiting for processes to exit.
Aug 02 01:48:16 zfsnvme-target systemd-logind[964]: Removed session 71.
Aug 02 01:48:22 zfsnvme-target sshd[4780]: Accepted publickey for root from 192.168.34.243 port 48598 ssh2: ED25519 SHA256:RF36ieZjtMwQOHFoCZCKqX0qzGV25rTZHElR+Xnu3/g
Aug 02 01:48:22 zfsnvme-target sshd[4780]: pam_unix(sshd:session): session opened for user root(uid=0) by root(uid=0)
Aug 02 01:48:22 zfsnvme-target systemd-logind[964]: New session 72 of user root.
Aug 02 01:48:22 zfsnvme-target systemd[1]: Started session-72.scope - Session 72 of User root.
Aug 02 01:48:22 zfsnvme-target sshd[4780]: Received disconnect from 192.168.34.243 port 48598:11: disconnected by user
Aug 02 01:48:22 zfsnvme-target sshd[4780]: Disconnected from user root 192.168.34.243 port 48598
Aug 02 01:48:22 zfsnvme-target sshd[4780]: pam_unix(sshd:session): session closed for user root
Aug 02 01:48:22 zfsnvme-target systemd[1]: session-72.scope: Deactivated successfully.
Aug 02 01:48:22 zfsnvme-target systemd-logind[964]: Session 72 logged out. Waiting for processes to exit.
Aug 02 01:48:22 zfsnvme-target systemd-logind[964]: Removed session 72.
Aug 02 01:48:27 zfsnvme-target sshd[4826]: Accepted publickey for root from 192.168.34.242 port 43700 ssh2: ED25519 SHA256:RF36ieZjtMwQOHFoCZCKqX0qzGV25rTZHElR+Xnu3/g
Aug 02 01:48:27 zfsnvme-target sshd[4826]: pam_unix(sshd:session): session opened for user root(uid=0) by root(uid=0)
Aug 02 01:48:27 zfsnvme-target systemd-logind[964]: New session 73 of user root.
Aug 02 01:48:27 zfsnvme-target systemd[1]: Started session-73.scope - Session 73 of User root.
Aug 02 01:48:27 zfsnvme-target sshd[4826]: Received disconnect from 192.168.34.242 port 43700:11: disconnected by user
Aug 02 01:48:27 zfsnvme-target sshd[4826]: Disconnected from user root 192.168.34.242 port 43700
Aug 02 01:48:27 zfsnvme-target sshd[4826]: pam_unix(sshd:session): session closed for user root
Aug 02 01:48:27 zfsnvme-target systemd[1]: session-73.scope: Deactivated successfully.
Aug 02 01:48:27 zfsnvme-target systemd-logind[964]: Session 73 logged out. Waiting for processes to exit.
Aug 02 01:48:27 zfsnvme-target systemd-logind[964]: Removed session 73.
Aug 02 01:48:32 zfsnvme-target sshd[4872]: Accepted publickey for root from 192.168.34.243 port 52972 ssh2: ED25519 SHA256:RF36ieZjtMwQOHFoCZCKqX0qzGV25rTZHElR+Xnu3/g
Aug 02 01:48:32 zfsnvme-target sshd[4872]: pam_unix(sshd:session): session opened for user root(uid=0) by root(uid=0)
Aug 02 01:48:32 zfsnvme-target systemd-logind[964]: New session 74 of user root.
Aug 02 01:48:32 zfsnvme-target systemd[1]: Started session-74.scope - Session 74 of User root.
Aug 02 01:48:32 zfsnvme-target sshd[4872]: Received disconnect from 192.168.34.243 port 52972:11: disconnected by user
Aug 02 01:48:32 zfsnvme-target sshd[4872]: Disconnected from user root 192.168.34.243 port 52972
Aug 02 01:48:32 zfsnvme-target sshd[4872]: pam_unix(sshd:session): session closed for user root
Aug 02 01:48:32 zfsnvme-target systemd[1]: session-74.scope: Deactivated successfully.
Aug 02 01:48:32 zfsnvme-target systemd-logind[964]: Session 74 logged out. Waiting for processes to exit.
Aug 02 01:48:32 zfsnvme-target systemd-logind[964]: Removed session 74.
Aug 02 01:48:36 zfsnvme-target sshd[4918]: Accepted publickey for root from 192.168.34.242 port 41048 ssh2: ED25519 SHA256:RF36ieZjtMwQOHFoCZCKqX0qzGV25rTZHElR+Xnu3/g
Aug 02 01:48:36 zfsnvme-target sshd[4918]: pam_unix(sshd:session): session opened for user root(uid=0) by root(uid=0)
Aug 02 01:48:36 zfsnvme-target systemd-logind[964]: New session 75 of user root.
Aug 02 01:48:36 zfsnvme-target systemd[1]: Started session-75.scope - Session 75 of User root.
Aug 02 01:48:36 zfsnvme-target sshd[4918]: Received disconnect from 192.168.34.242 port 41048:11: disconnected by user
Aug 02 01:48:36 zfsnvme-target sshd[4918]: Disconnected from user root 192.168.34.242 port 41048
Aug 02 01:48:36 zfsnvme-target sshd[4918]: pam_unix(sshd:session): session closed for user root
Aug 02 01:48:36 zfsnvme-target systemd[1]: session-75.scope: Deactivated successfully.
Aug 02 01:48:36 zfsnvme-target systemd-logind[964]: Session 75 logged out. Waiting for processes to exit.
Aug 02 01:48:36 zfsnvme-target systemd-logind[964]: Removed session 75.
Aug 02 01:48:42 zfsnvme-target sshd[4964]: Accepted publickey for root from 192.168.34.243 port 42522 ssh2: ED25519 SHA256:RF36ieZjtMwQOHFoCZCKqX0qzGV25rTZHElR+Xnu3/g
Aug 02 01:48:42 zfsnvme-target sshd[4964]: pam_unix(sshd:session): session opened for user root(uid=0) by root(uid=0)
Aug 02 01:48:42 zfsnvme-target systemd-logind[964]: New session 76 of user root.
Aug 02 01:48:42 zfsnvme-target systemd[1]: Started session-76.scope - Session 76 of User root.
Aug 02 01:48:42 zfsnvme-target sshd[4964]: Received disconnect from 192.168.34.243 port 42522:11: disconnected by user
Aug 02 01:48:42 zfsnvme-target sshd[4964]: Disconnected from user root 192.168.34.243 port 42522
Aug 02 01:48:42 zfsnvme-target sshd[4964]: pam_unix(sshd:session): session closed for user root
Aug 02 01:48:42 zfsnvme-target systemd[1]: session-76.scope: Deactivated successfully.
Aug 02 01:48:42 zfsnvme-target systemd-logind[964]: Session 76 logged out. Waiting for processes to exit.
Aug 02 01:48:42 zfsnvme-target systemd-logind[964]: Removed session 76.
Aug 02 01:48:46 zfsnvme-target sshd[5010]: Accepted publickey for root from 192.168.34.242 port 50904 ssh2: ED25519 SHA256:RF36ieZjtMwQOHFoCZCKqX0qzGV25rTZHElR+Xnu3/g
Aug 02 01:48:46 zfsnvme-target sshd[5010]: pam_unix(sshd:session): session opened for user root(uid=0) by root(uid=0)
Aug 02 01:48:46 zfsnvme-target systemd-logind[964]: New session 77 of user root.
Aug 02 01:48:46 zfsnvme-target systemd[1]: Started session-77.scope - Session 77 of User root.
Aug 02 01:48:46 zfsnvme-target sshd[5010]: Received disconnect from 192.168.34.242 port 50904:11: disconnected by user
Aug 02 01:48:46 zfsnvme-target sshd[5010]: Disconnected from user root 192.168.34.242 port 50904
Aug 02 01:48:46 zfsnvme-target sshd[5010]: pam_unix(sshd:session): session closed for user root
Aug 02 01:48:46 zfsnvme-target systemd[1]: session-77.scope: Deactivated successfully.
Aug 02 01:48:46 zfsnvme-target systemd-logind[964]: Session 77 logged out. Waiting for processes to exit.
Aug 02 01:48:46 zfsnvme-target systemd-logind[964]: Removed session 77.
Aug 02 01:48:53 zfsnvme-target sshd[5056]: Accepted publickey for root from 192.168.34.243 port 57462 ssh2: ED25519 SHA256:RF36ieZjtMwQOHFoCZCKqX0qzGV25rTZHElR+Xnu3/g
Aug 02 01:48:53 zfsnvme-target sshd[5056]: pam_unix(sshd:session): session opened for user root(uid=0) by root(uid=0)
Aug 02 01:48:53 zfsnvme-target systemd-logind[964]: New session 78 of user root.
Aug 02 01:48:53 zfsnvme-target systemd[1]: Started session-78.scope - Session 78 of User root.
Aug 02 01:48:53 zfsnvme-target sshd[5056]: Received disconnect from 192.168.34.243 port 57462:11: disconnected by user
Aug 02 01:48:53 zfsnvme-target sshd[5056]: Disconnected from user root 192.168.34.243 port 57462
Aug 02 01:48:53 zfsnvme-target sshd[5056]: pam_unix(sshd:session): session closed for user root
Aug 02 01:48:53 zfsnvme-target systemd[1]: session-78.scope: Deactivated successfully.
Aug 02 01:48:53 zfsnvme-target systemd-logind[964]: Session 78 logged out. Waiting for processes to exit.
Aug 02 01:48:53 zfsnvme-target systemd-logind[964]: Removed session 78.
Aug 02 01:48:56 zfsnvme-target sshd[5102]: Accepted publickey for root from 192.168.34.242 port 56766 ssh2: ED25519 SHA256:RF36ieZjtMwQOHFoCZCKqX0qzGV25rTZHElR+Xnu3/g
Aug 02 01:48:56 zfsnvme-target sshd[5102]: pam_unix(sshd:session): session opened for user root(uid=0) by root(uid=0)
Aug 02 01:48:56 zfsnvme-target systemd-logind[964]: New session 79 of user root.
Aug 02 01:48:56 zfsnvme-target systemd[1]: Started session-79.scope - Session 79 of User root.
Aug 02 01:48:56 zfsnvme-target sshd[5102]: Received disconnect from 192.168.34.242 port 56766:11: disconnected by user
Aug 02 01:48:56 zfsnvme-target sshd[5102]: Disconnected from user root 192.168.34.242 port 56766
Aug 02 01:48:56 zfsnvme-target sshd[5102]: pam_unix(sshd:session): session closed for user root
Aug 02 01:48:56 zfsnvme-target systemd[1]: session-79.scope: Deactivated successfully.
Aug 02 01:48:56 zfsnvme-target systemd-logind[964]: Session 79 logged out. Waiting for processes to exit.
Aug 02 01:48:56 zfsnvme-target systemd-logind[964]: Removed session 79.
Aug 02 01:49:02 zfsnvme-target sshd[5148]: Accepted publickey for root from 192.168.34.243 port 35100 ssh2: ED25519 SHA256:RF36ieZjtMwQOHFoCZCKqX0qzGV25rTZHElR+Xnu3/g
Aug 02 01:49:02 zfsnvme-target sshd[5148]: pam_unix(sshd:session): session opened for user root(uid=0) by root(uid=0)
Aug 02 01:49:02 zfsnvme-target systemd-logind[964]: New session 80 of user root.
Aug 02 01:49:02 zfsnvme-target systemd[1]: Started session-80.scope - Session 80 of User root.
Aug 02 01:49:02 zfsnvme-target sshd[5148]: Received disconnect from 192.168.34.243 port 35100:11: disconnected by user
Aug 02 01:49:02 zfsnvme-target sshd[5148]: Disconnected from user root 192.168.34.243 port 35100
Aug 02 01:49:02 zfsnvme-target sshd[5148]: pam_unix(sshd:session): session closed for user root
Aug 02 01:49:02 zfsnvme-target systemd[1]: session-80.scope: Deactivated successfully.
Aug 02 01:49:02 zfsnvme-target systemd-logind[964]: Session 80 logged out. Waiting for processes to exit.
Aug 02 01:49:02 zfsnvme-target systemd-logind[964]: Removed session 80.
Aug 02 01:49:07 zfsnvme-target sshd[5203]: Accepted publickey for root from 192.168.34.242 port 54620 ssh2: ED25519 SHA256:RF36ieZjtMwQOHFoCZCKqX0qzGV25rTZHElR+Xnu3/g
Aug 02 01:49:07 zfsnvme-target sshd[5203]: pam_unix(sshd:session): session opened for user root(uid=0) by root(uid=0)
Aug 02 01:49:07 zfsnvme-target systemd-logind[964]: New session 81 of user root.
Aug 02 01:49:07 zfsnvme-target systemd[1]: Started session-81.scope - Session 81 of User root.
Aug 02 01:49:07 zfsnvme-target sshd[5203]: Received disconnect from 192.168.34.242 port 54620:11: disconnected by user
Aug 02 01:49:07 zfsnvme-target sshd[5203]: Disconnected from user root 192.168.34.242 port 54620
Aug 02 01:49:07 zfsnvme-target sshd[5203]: pam_unix(sshd:session): session closed for user root
Aug 02 01:49:07 zfsnvme-target systemd[1]: session-81.scope: Deactivated successfully.
Aug 02 01:49:07 zfsnvme-target systemd-logind[964]: Session 81 logged out. Waiting for processes to exit.
Aug 02 01:49:07 zfsnvme-target systemd-logind[964]: Removed session 81.
Aug 02 01:49:12 zfsnvme-target sshd[5249]: Accepted publickey for root from 192.168.34.243 port 58062 ssh2: ED25519 SHA256:RF36ieZjtMwQOHFoCZCKqX0qzGV25rTZHElR+Xnu3/g
Aug 02 01:49:12 zfsnvme-target sshd[5249]: pam_unix(sshd:session): session opened for user root(uid=0) by root(uid=0)
Aug 02 01:49:12 zfsnvme-target systemd-logind[964]: New session 82 of user root.
Aug 02 01:49:12 zfsnvme-target systemd[1]: Started session-82.scope - Session 82 of User root.
Aug 02 01:49:12 zfsnvme-target sshd[5249]: Received disconnect from 192.168.34.243 port 58062:11: disconnected by user
Aug 02 01:49:12 zfsnvme-target sshd[5249]: Disconnected from user root 192.168.34.243 port 58062
Aug 02 01:49:12 zfsnvme-target sshd[5249]: pam_unix(sshd:session): session closed for user root
Aug 02 01:49:12 zfsnvme-target systemd[1]: session-82.scope: Deactivated successfully.
Aug 02 01:49:12 zfsnvme-target systemd-logind[964]: Session 82 logged out. Waiting for processes to exit.
Aug 02 01:49:12 zfsnvme-target systemd-logind[964]: Removed session 82.
Aug 02 01:49:16 zfsnvme-target sshd[5295]: Accepted publickey for root from 192.168.34.242 port 58812 ssh2: ED25519 SHA256:RF36ieZjtMwQOHFoCZCKqX0qzGV25rTZHElR+Xnu3/g
Aug 02 01:49:16 zfsnvme-target sshd[5295]: pam_unix(sshd:session): session opened for user root(uid=0) by root(uid=0)
Aug 02 01:49:16 zfsnvme-target systemd-logind[964]: New session 83 of user root.
Aug 02 01:49:16 zfsnvme-target systemd[1]: Started session-83.scope - Session 83 of User root.
Aug 02 01:49:16 zfsnvme-target sshd[5295]: Received disconnect from 192.168.34.242 port 58812:11: disconnected by user
Aug 02 01:49:16 zfsnvme-target sshd[5295]: Disconnected from user root 192.168.34.242 port 58812
Aug 02 01:49:16 zfsnvme-target sshd[5295]: pam_unix(sshd:session): session closed for user root
Aug 02 01:49:16 zfsnvme-target systemd[1]: session-83.scope: Deactivated successfully.
Aug 02 01:49:16 zfsnvme-target systemd-logind[964]: Session 83 logged out. Waiting for processes to exit.
Aug 02 01:49:16 zfsnvme-target systemd[1]: Starting update-notifier-download.service - Download data for packages that failed at package install time...
Aug 02 01:49:16 zfsnvme-target systemd-logind[964]: Removed session 83.
Aug 02 01:49:16 zfsnvme-target systemd[1]: update-notifier-download.service: Deactivated successfully.
Aug 02 01:49:16 zfsnvme-target systemd[1]: Finished update-notifier-download.service - Download data for packages that failed at package install time.
Aug 02 01:49:23 zfsnvme-target sshd[5344]: Accepted publickey for root from 192.168.34.243 port 40620 ssh2: ED25519 SHA256:RF36ieZjtMwQOHFoCZCKqX0qzGV25rTZHElR+Xnu3/g
Aug 02 01:49:23 zfsnvme-target sshd[5344]: pam_unix(sshd:session): session opened for user root(uid=0) by root(uid=0)
Aug 02 01:49:23 zfsnvme-target systemd-logind[964]: New session 84 of user root.
Aug 02 01:49:23 zfsnvme-target systemd[1]: Started session-84.scope - Session 84 of User root.
Aug 02 01:49:23 zfsnvme-target sshd[5344]: Received disconnect from 192.168.34.243 port 40620:11: disconnected by user
Aug 02 01:49:23 zfsnvme-target sshd[5344]: Disconnected from user root 192.168.34.243 port 40620
Aug 02 01:49:23 zfsnvme-target sshd[5344]: pam_unix(sshd:session): session closed for user root
Aug 02 01:49:23 zfsnvme-target systemd[1]: session-84.scope: Deactivated successfully.
Aug 02 01:49:23 zfsnvme-target systemd-logind[964]: Session 84 logged out. Waiting for processes to exit.
Aug 02 01:49:23 zfsnvme-target systemd-logind[964]: Removed session 84.
Aug 02 01:49:23 zfsnvme-target dbus-daemon[953]: [system] Activating via systemd: service name='org.freedesktop.timedate1' unit='dbus-org.freedesktop.timedate1.service' requested by ':1.6' (uid=0 pid=962 comm="/snap/snapd/current/usr/lib/snapd/snapd" label="unconfined")
Aug 02 01:49:23 zfsnvme-target systemd[1]: Starting systemd-timedated.service - Time & Date Service...
Aug 02 01:49:23 zfsnvme-target dbus-daemon[953]: [system] Successfully activated service 'org.freedesktop.timedate1'
Aug 02 01:49:23 zfsnvme-target systemd[1]: Started systemd-timedated.service - Time & Date Service.
Aug 02 01:49:26 zfsnvme-target sshd[5391]: Accepted publickey for root from 192.168.34.242 port 33370 ssh2: ED25519 SHA256:RF36ieZjtMwQOHFoCZCKqX0qzGV25rTZHElR+Xnu3/g
Aug 02 01:49:26 zfsnvme-target sshd[5391]: pam_unix(sshd:session): session opened for user root(uid=0) by root(uid=0)
Aug 02 01:49:26 zfsnvme-target systemd-logind[964]: New session 85 of user root.
Aug 02 01:49:26 zfsnvme-target systemd[1]: Started session-85.scope - Session 85 of User root.
Aug 02 01:49:26 zfsnvme-target sshd[5391]: Received disconnect from 192.168.34.242 port 33370:11: disconnected by user
Aug 02 01:49:26 zfsnvme-target sshd[5391]: Disconnected from user root 192.168.34.242 port 33370
Aug 02 01:49:26 zfsnvme-target sshd[5391]: pam_unix(sshd:session): session closed for user root
Aug 02 01:49:26 zfsnvme-target systemd[1]: session-85.scope: Deactivated successfully.
Aug 02 01:49:26 zfsnvme-target systemd-logind[964]: Session 85 logged out. Waiting for processes to exit.
Aug 02 01:49:26 zfsnvme-target systemd-logind[964]: Removed session 85.
Aug 02 01:49:32 zfsnvme-target sshd[5437]: Accepted publickey for root from 192.168.34.243 port 34272 ssh2: ED25519 SHA256:RF36ieZjtMwQOHFoCZCKqX0qzGV25rTZHElR+Xnu3/g
Aug 02 01:49:32 zfsnvme-target sshd[5437]: pam_unix(sshd:session): session opened for user root(uid=0) by root(uid=0)
Aug 02 01:49:32 zfsnvme-target systemd-logind[964]: New session 86 of user root.
Aug 02 01:49:32 zfsnvme-target systemd[1]: Started session-86.scope - Session 86 of User root.
Aug 02 01:49:32 zfsnvme-target sshd[5437]: Received disconnect from 192.168.34.243 port 34272:11: disconnected by user
Aug 02 01:49:32 zfsnvme-target sshd[5437]: Disconnected from user root 192.168.34.243 port 34272
Aug 02 01:49:32 zfsnvme-target sshd[5437]: pam_unix(sshd:session): session closed for user root
Aug 02 01:49:32 zfsnvme-target systemd[1]: session-86.scope: Deactivated successfully.
Aug 02 01:49:32 zfsnvme-target systemd-logind[964]: Session 86 logged out. Waiting for processes to exit.
Aug 02 01:49:32 zfsnvme-target systemd-logind[964]: Removed session 86.
Aug 02 01:49:36 zfsnvme-target sshd[5483]: Accepted publickey for root from 192.168.34.242 port 36532 ssh2: ED25519 SHA256:RF36ieZjtMwQOHFoCZCKqX0qzGV25rTZHElR+Xnu3/g
Aug 02 01:49:36 zfsnvme-target sshd[5483]: pam_unix(sshd:session): session opened for user root(uid=0) by root(uid=0)
Aug 02 01:49:36 zfsnvme-target systemd-logind[964]: New session 87 of user root.
Aug 02 01:49:36 zfsnvme-target systemd[1]: Started session-87.scope - Session 87 of User root.
Aug 02 01:49:36 zfsnvme-target sshd[5483]: Received disconnect from 192.168.34.242 port 36532:11: disconnected by user
Aug 02 01:49:36 zfsnvme-target sshd[5483]: Disconnected from user root 192.168.34.242 port 36532
Aug 02 01:49:36 zfsnvme-target sshd[5483]: pam_unix(sshd:session): session closed for user root
Aug 02 01:49:36 zfsnvme-target systemd[1]: session-87.scope: Deactivated successfully.
Aug 02 01:49:36 zfsnvme-target systemd-logind[964]: Session 87 logged out. Waiting for processes to exit.
Aug 02 01:49:36 zfsnvme-target systemd-logind[964]: Removed session 87.
Aug 02 01:49:42 zfsnvme-target sshd[5529]: Accepted publickey for root from 192.168.34.243 port 50070 ssh2: ED25519 SHA256:RF36ieZjtMwQOHFoCZCKqX0qzGV25rTZHElR+Xnu3/g
Aug 02 01:49:42 zfsnvme-target sshd[5529]: pam_unix(sshd:session): session opened for user root(uid=0) by root(uid=0)
Aug 02 01:49:42 zfsnvme-target systemd-logind[964]: New session 88 of user root.
Aug 02 01:49:42 zfsnvme-target systemd[1]: Started session-88.scope - Session 88 of User root.
Aug 02 01:49:42 zfsnvme-target sshd[5529]: Received disconnect from 192.168.34.243 port 50070:11: disconnected by user
Aug 02 01:49:42 zfsnvme-target sshd[5529]: Disconnected from user root 192.168.34.243 port 50070
Aug 02 01:49:42 zfsnvme-target sshd[5529]: pam_unix(sshd:session): session closed for user root
Aug 02 01:49:42 zfsnvme-target systemd[1]: session-88.scope: Deactivated successfully.
Aug 02 01:49:42 zfsnvme-target systemd-logind[964]: Session 88 logged out. Waiting for processes to exit.
Aug 02 01:49:42 zfsnvme-target systemd-logind[964]: Removed session 88.
Aug 02 01:49:47 zfsnvme-target sshd[5575]: Accepted publickey for root from 192.168.34.242 port 34684 ssh2: ED25519 SHA256:RF36ieZjtMwQOHFoCZCKqX0qzGV25rTZHElR+Xnu3/g
Aug 02 01:49:47 zfsnvme-target sshd[5575]: pam_unix(sshd:session): session opened for user root(uid=0) by root(uid=0)
Aug 02 01:49:47 zfsnvme-target systemd-logind[964]: New session 89 of user root.
Aug 02 01:49:47 zfsnvme-target systemd[1]: Started session-89.scope - Session 89 of User root.
Aug 02 01:49:47 zfsnvme-target sshd[5575]: Received disconnect from 192.168.34.242 port 34684:11: disconnected by user
Aug 02 01:49:47 zfsnvme-target sshd[5575]: Disconnected from user root 192.168.34.242 port 34684
Aug 02 01:49:47 zfsnvme-target sshd[5575]: pam_unix(sshd:session): session closed for user root
Aug 02 01:49:47 zfsnvme-target systemd[1]: session-89.scope: Deactivated successfully.
Aug 02 01:49:47 zfsnvme-target systemd-logind[964]: Session 89 logged out. Waiting for processes to exit.
Aug 02 01:49:47 zfsnvme-target systemd-logind[964]: Removed session 89.
Aug 02 01:49:52 zfsnvme-target sshd[5621]: Accepted publickey for root from 192.168.34.243 port 40260 ssh2: ED25519 SHA256:RF36ieZjtMwQOHFoCZCKqX0qzGV25rTZHElR+Xnu3/g
Aug 02 01:49:52 zfsnvme-target sshd[5621]: pam_unix(sshd:session): session opened for user root(uid=0) by root(uid=0)
Aug 02 01:49:52 zfsnvme-target systemd-logind[964]: New session 90 of user root.
Aug 02 01:49:52 zfsnvme-target systemd[1]: Started session-90.scope - Session 90 of User root.
Aug 02 01:49:52 zfsnvme-target sshd[5621]: Received disconnect from 192.168.34.243 port 40260:11: disconnected by user
Aug 02 01:49:52 zfsnvme-target sshd[5621]: Disconnected from user root 192.168.34.243 port 40260
Aug 02 01:49:52 zfsnvme-target sshd[5621]: pam_unix(sshd:session): session closed for user root
Aug 02 01:49:52 zfsnvme-target systemd[1]: session-90.scope: Deactivated successfully.
Aug 02 01:49:52 zfsnvme-target systemd-logind[964]: Session 90 logged out. Waiting for processes to exit.
Aug 02 01:49:52 zfsnvme-target systemd-logind[964]: Removed session 90.
Aug 02 01:49:53 zfsnvme-target systemd[1]: systemd-timedated.service: Deactivated successfully.
Aug 02 01:49:56 zfsnvme-target sshd[5670]: Accepted publickey for root from 192.168.34.242 port 35178 ssh2: ED25519 SHA256:RF36ieZjtMwQOHFoCZCKqX0qzGV25rTZHElR+Xnu3/g
Aug 02 01:49:56 zfsnvme-target sshd[5670]: pam_unix(sshd:session): session opened for user root(uid=0) by root(uid=0)
Aug 02 01:49:56 zfsnvme-target systemd-logind[964]: New session 91 of user root.
Aug 02 01:49:56 zfsnvme-target systemd[1]: Started session-91.scope - Session 91 of User root.
Aug 02 01:49:56 zfsnvme-target sshd[5670]: Received disconnect from 192.168.34.242 port 35178:11: disconnected by user
Aug 02 01:49:56 zfsnvme-target sshd[5670]: Disconnected from user root 192.168.34.242 port 35178
Aug 02 01:49:56 zfsnvme-target sshd[5670]: pam_unix(sshd:session): session closed for user root
Aug 02 01:49:56 zfsnvme-target systemd[1]: session-91.scope: Deactivated successfully.
Aug 02 01:49:56 zfsnvme-target systemd-logind[964]: Session 91 logged out. Waiting for processes to exit.
Aug 02 01:49:56 zfsnvme-target systemd-logind[964]: Removed session 91.
Aug 02 01:50:03 zfsnvme-target sshd[5716]: Accepted publickey for root from 192.168.34.243 port 44374 ssh2: ED25519 SHA256:RF36ieZjtMwQOHFoCZCKqX0qzGV25rTZHElR+Xnu3/g
Aug 02 01:50:03 zfsnvme-target sshd[5716]: pam_unix(sshd:session): session opened for user root(uid=0) by root(uid=0)
Aug 02 01:50:03 zfsnvme-target systemd-logind[964]: New session 92 of user root.
Aug 02 01:50:03 zfsnvme-target systemd[1]: Started session-92.scope - Session 92 of User root.
Aug 02 01:50:03 zfsnvme-target sshd[5716]: Received disconnect from 192.168.34.243 port 44374:11: disconnected by user
Aug 02 01:50:03 zfsnvme-target sshd[5716]: Disconnected from user root 192.168.34.243 port 44374
Aug 02 01:50:03 zfsnvme-target sshd[5716]: pam_unix(sshd:session): session closed for user root
Aug 02 01:50:03 zfsnvme-target systemd[1]: session-92.scope: Deactivated successfully.
Aug 02 01:50:03 zfsnvme-target systemd-logind[964]: Session 92 logged out. Waiting for processes to exit.
Aug 02 01:50:03 zfsnvme-target systemd-logind[964]: Removed session 92.
Aug 02 01:50:06 zfsnvme-target sshd[5772]: Accepted publickey for root from 192.168.34.242 port 39766 ssh2: ED25519 SHA256:RF36ieZjtMwQOHFoCZCKqX0qzGV25rTZHElR+Xnu3/g
Aug 02 01:50:06 zfsnvme-target sshd[5772]: pam_unix(sshd:session): session opened for user root(uid=0) by root(uid=0)
Aug 02 01:50:06 zfsnvme-target systemd-logind[964]: New session 93 of user root.
Aug 02 01:50:06 zfsnvme-target systemd[1]: Started session-93.scope - Session 93 of User root.
Aug 02 01:50:06 zfsnvme-target sshd[5772]: Received disconnect from 192.168.34.242 port 39766:11: disconnected by user
Aug 02 01:50:06 zfsnvme-target sshd[5772]: Disconnected from user root 192.168.34.242 port 39766
Aug 02 01:50:06 zfsnvme-target sshd[5772]: pam_unix(sshd:session): session closed for user root
Aug 02 01:50:06 zfsnvme-target systemd[1]: session-93.scope: Deactivated successfully.
Aug 02 01:50:06 zfsnvme-target systemd-logind[964]: Session 93 logged out. Waiting for processes to exit.
Aug 02 01:50:06 zfsnvme-target systemd-logind[964]: Removed session 93.
Aug 02 01:50:12 zfsnvme-target sshd[5818]: Accepted publickey for root from 192.168.34.243 port 44782 ssh2: ED25519 SHA256:RF36ieZjtMwQOHFoCZCKqX0qzGV25rTZHElR+Xnu3/g
Aug 02 01:50:12 zfsnvme-target sshd[5818]: pam_unix(sshd:session): session opened for user root(uid=0) by root(uid=0)
Aug 02 01:50:12 zfsnvme-target systemd-logind[964]: New session 94 of user root.
Aug 02 01:50:12 zfsnvme-target systemd[1]: Started session-94.scope - Session 94 of User root.
Aug 02 01:50:12 zfsnvme-target sshd[5818]: Received disconnect from 192.168.34.243 port 44782:11: disconnected by user
Aug 02 01:50:12 zfsnvme-target sshd[5818]: Disconnected from user root 192.168.34.243 port 44782
Aug 02 01:50:12 zfsnvme-target sshd[5818]: pam_unix(sshd:session): session closed for user root
Aug 02 01:50:12 zfsnvme-target systemd[1]: session-94.scope: Deactivated successfully.
Aug 02 01:50:12 zfsnvme-target systemd-logind[964]: Session 94 logged out. Waiting for processes to exit.
Aug 02 01:50:12 zfsnvme-target systemd-logind[964]: Removed session 94.
Aug 02 01:50:16 zfsnvme-target sshd[5864]: Accepted publickey for root from 192.168.34.242 port 50196 ssh2: ED25519 SHA256:RF36ieZjtMwQOHFoCZCKqX0qzGV25rTZHElR+Xnu3/g
Aug 02 01:50:16 zfsnvme-target sshd[5864]: pam_unix(sshd:session): session opened for user root(uid=0) by root(uid=0)
Aug 02 01:50:16 zfsnvme-target systemd-logind[964]: New session 95 of user root.
Aug 02 01:50:16 zfsnvme-target systemd[1]: Started session-95.scope - Session 95 of User root.
Aug 02 01:50:17 zfsnvme-target sshd[5864]: Received disconnect from 192.168.34.242 port 50196:11: disconnected by user
Aug 02 01:50:17 zfsnvme-target sshd[5864]: Disconnected from user root 192.168.34.242 port 50196
Aug 02 01:50:17 zfsnvme-target sshd[5864]: pam_unix(sshd:session): session closed for user root
Aug 02 01:50:17 zfsnvme-target systemd[1]: session-95.scope: Deactivated successfully.
Aug 02 01:50:17 zfsnvme-target systemd-logind[964]: Session 95 logged out. Waiting for processes to exit.
Aug 02 01:50:17 zfsnvme-target systemd-logind[964]: Removed session 95.
Aug 02 01:50:22 zfsnvme-target sshd[5910]: Accepted publickey for root from 192.168.34.243 port 44732 ssh2: ED25519 SHA256:RF36ieZjtMwQOHFoCZCKqX0qzGV25rTZHElR+Xnu3/g
Aug 02 01:50:22 zfsnvme-target sshd[5910]: pam_unix(sshd:session): session opened for user root(uid=0) by root(uid=0)
Aug 02 01:50:22 zfsnvme-target systemd-logind[964]: New session 96 of user root.
Aug 02 01:50:22 zfsnvme-target systemd[1]: Started session-96.scope - Session 96 of User root.
Aug 02 01:50:22 zfsnvme-target sshd[5910]: Received disconnect from 192.168.34.243 port 44732:11: disconnected by user
Aug 02 01:50:22 zfsnvme-target sshd[5910]: Disconnected from user root 192.168.34.243 port 44732
Aug 02 01:50:22 zfsnvme-target sshd[5910]: pam_unix(sshd:session): session closed for user root
Aug 02 01:50:22 zfsnvme-target systemd[1]: session-96.scope: Deactivated successfully.
Aug 02 01:50:22 zfsnvme-target systemd-logind[964]: Session 96 logged out. Waiting for processes to exit.
Aug 02 01:50:22 zfsnvme-target systemd-logind[964]: Removed session 96.
Aug 02 01:50:26 zfsnvme-target sshd[5956]: Accepted publickey for root from 192.168.34.242 port 42844 ssh2: ED25519 SHA256:RF36ieZjtMwQOHFoCZCKqX0qzGV25rTZHElR+Xnu3/g
Aug 02 01:50:26 zfsnvme-target sshd[5956]: pam_unix(sshd:session): session opened for user root(uid=0) by root(uid=0)
Aug 02 01:50:26 zfsnvme-target systemd-logind[964]: New session 97 of user root.
Aug 02 01:50:26 zfsnvme-target systemd[1]: Started session-97.scope - Session 97 of User root.
Aug 02 01:50:26 zfsnvme-target sshd[5956]: Received disconnect from 192.168.34.242 port 42844:11: disconnected by user
Aug 02 01:50:26 zfsnvme-target sshd[5956]: Disconnected from user root 192.168.34.242 port 42844
Aug 02 01:50:26 zfsnvme-target sshd[5956]: pam_unix(sshd:session): session closed for user root
Aug 02 01:50:26 zfsnvme-target systemd-logind[964]: Session 97 logged out. Waiting for processes to exit.
Aug 02 01:50:26 zfsnvme-target systemd[1]: session-97.scope: Deactivated successfully.
Aug 02 01:50:26 zfsnvme-target systemd-logind[964]: Removed session 97.
Aug 02 01:50:33 zfsnvme-target sshd[6002]: Accepted publickey for root from 192.168.34.243 port 45760 ssh2: ED25519 SHA256:RF36ieZjtMwQOHFoCZCKqX0qzGV25rTZHElR+Xnu3/g
Aug 02 01:50:33 zfsnvme-target sshd[6002]: pam_unix(sshd:session): session opened for user root(uid=0) by root(uid=0)
Aug 02 01:50:33 zfsnvme-target systemd-logind[964]: New session 98 of user root.
Aug 02 01:50:33 zfsnvme-target systemd[1]: Started session-98.scope - Session 98 of User root.
Aug 02 01:50:33 zfsnvme-target sshd[6002]: Received disconnect from 192.168.34.243 port 45760:11: disconnected by user
Aug 02 01:50:33 zfsnvme-target sshd[6002]: Disconnected from user root 192.168.34.243 port 45760
Aug 02 01:50:33 zfsnvme-target sshd[6002]: pam_unix(sshd:session): session closed for user root
Aug 02 01:50:33 zfsnvme-target systemd[1]: session-98.scope: Deactivated successfully.
Aug 02 01:50:33 zfsnvme-target systemd-logind[964]: Session 98 logged out. Waiting for processes to exit.
Aug 02 01:50:33 zfsnvme-target systemd-logind[964]: Removed session 98.
Aug 02 01:50:36 zfsnvme-target sshd[6048]: Accepted publickey for root from 192.168.34.242 port 51448 ssh2: ED25519 SHA256:RF36ieZjtMwQOHFoCZCKqX0qzGV25rTZHElR+Xnu3/g
Aug 02 01:50:36 zfsnvme-target sshd[6048]: pam_unix(sshd:session): session opened for user root(uid=0) by root(uid=0)
Aug 02 01:50:36 zfsnvme-target systemd-logind[964]: New session 99 of user root.
Aug 02 01:50:36 zfsnvme-target systemd[1]: Started session-99.scope - Session 99 of User root.
Aug 02 01:50:36 zfsnvme-target sshd[6048]: Received disconnect from 192.168.34.242 port 51448:11: disconnected by user
Aug 02 01:50:36 zfsnvme-target sshd[6048]: Disconnected from user root 192.168.34.242 port 51448
Aug 02 01:50:36 zfsnvme-target sshd[6048]: pam_unix(sshd:session): session closed for user root
Aug 02 01:50:36 zfsnvme-target systemd[1]: session-99.scope: Deactivated successfully.
Aug 02 01:50:36 zfsnvme-target systemd-logind[964]: Session 99 logged out. Waiting for processes to exit.
Aug 02 01:50:36 zfsnvme-target systemd-logind[964]: Removed session 99.
Aug 02 01:50:42 zfsnvme-target sshd[6094]: Accepted publickey for root from 192.168.34.243 port 40374 ssh2: ED25519 SHA256:RF36ieZjtMwQOHFoCZCKqX0qzGV25rTZHElR+Xnu3/g
Aug 02 01:50:42 zfsnvme-target sshd[6094]: pam_unix(sshd:session): session opened for user root(uid=0) by root(uid=0)
Aug 02 01:50:42 zfsnvme-target systemd-logind[964]: New session 100 of user root.
Aug 02 01:50:42 zfsnvme-target systemd[1]: Started session-100.scope - Session 100 of User root.
Aug 02 01:50:42 zfsnvme-target sshd[6094]: Received disconnect from 192.168.34.243 port 40374:11: disconnected by user
Aug 02 01:50:42 zfsnvme-target sshd[6094]: Disconnected from user root 192.168.34.243 port 40374
Aug 02 01:50:42 zfsnvme-target sshd[6094]: pam_unix(sshd:session): session closed for user root
Aug 02 01:50:42 zfsnvme-target systemd[1]: session-100.scope: Deactivated successfully.
Aug 02 01:50:42 zfsnvme-target systemd-logind[964]: Session 100 logged out. Waiting for processes to exit.
Aug 02 01:50:42 zfsnvme-target systemd-logind[964]: Removed session 100.
Aug 02 01:50:46 zfsnvme-target sshd[6140]: Accepted publickey for root from 192.168.34.242 port 52672 ssh2: ED25519 SHA256:RF36ieZjtMwQOHFoCZCKqX0qzGV25rTZHElR+Xnu3/g
Aug 02 01:50:46 zfsnvme-target sshd[6140]: pam_unix(sshd:session): session opened for user root(uid=0) by root(uid=0)
Aug 02 01:50:46 zfsnvme-target systemd-logind[964]: New session 101 of user root.
Aug 02 01:50:46 zfsnvme-target systemd[1]: Started session-101.scope - Session 101 of User root.
Aug 02 01:50:46 zfsnvme-target sshd[6140]: Received disconnect from 192.168.34.242 port 52672:11: disconnected by user
Aug 02 01:50:46 zfsnvme-target sshd[6140]: Disconnected from user root 192.168.34.242 port 52672
Aug 02 01:50:46 zfsnvme-target sshd[6140]: pam_unix(sshd:session): session closed for user root
Aug 02 01:50:46 zfsnvme-target systemd[1]: session-101.scope: Deactivated successfully.
Aug 02 01:50:46 zfsnvme-target systemd-logind[964]: Session 101 logged out. Waiting for processes to exit.
Aug 02 01:50:46 zfsnvme-target systemd-logind[964]: Removed session 101.
Aug 02 01:50:52 zfsnvme-target sshd[6186]: Accepted publickey for root from 192.168.34.243 port 34616 ssh2: ED25519 SHA256:RF36ieZjtMwQOHFoCZCKqX0qzGV25rTZHElR+Xnu3/g
Aug 02 01:50:52 zfsnvme-target sshd[6186]: pam_unix(sshd:session): session opened for user root(uid=0) by root(uid=0)
Aug 02 01:50:52 zfsnvme-target systemd-logind[964]: New session 102 of user root.
Aug 02 01:50:52 zfsnvme-target systemd[1]: Started session-102.scope - Session 102 of User root.
Aug 02 01:50:52 zfsnvme-target sshd[6186]: Received disconnect from 192.168.34.243 port 34616:11: disconnected by user
Aug 02 01:50:52 zfsnvme-target sshd[6186]: Disconnected from user root 192.168.34.243 port 34616
Aug 02 01:50:52 zfsnvme-target sshd[6186]: pam_unix(sshd:session): session closed for user root
Aug 02 01:50:52 zfsnvme-target systemd[1]: session-102.scope: Deactivated successfully.
Aug 02 01:50:52 zfsnvme-target systemd-logind[964]: Session 102 logged out. Waiting for processes to exit.
Aug 02 01:50:52 zfsnvme-target systemd-logind[964]: Removed session 102.
Aug 02 01:50:57 zfsnvme-target sshd[6232]: Accepted publickey for root from 192.168.34.242 port 58282 ssh2: ED25519 SHA256:RF36ieZjtMwQOHFoCZCKqX0qzGV25rTZHElR+Xnu3/g
Aug 02 01:50:57 zfsnvme-target sshd[6232]: pam_unix(sshd:session): session opened for user root(uid=0) by root(uid=0)
Aug 02 01:50:57 zfsnvme-target systemd-logind[964]: New session 103 of user root.
Aug 02 01:50:57 zfsnvme-target systemd[1]: Started session-103.scope - Session 103 of User root.
Aug 02 01:50:57 zfsnvme-target sshd[6232]: Received disconnect from 192.168.34.242 port 58282:11: disconnected by user
Aug 02 01:50:57 zfsnvme-target sshd[6232]: Disconnected from user root 192.168.34.242 port 58282
Aug 02 01:50:57 zfsnvme-target sshd[6232]: pam_unix(sshd:session): session closed for user root
Aug 02 01:50:57 zfsnvme-target systemd[1]: session-103.scope: Deactivated successfully.
Aug 02 01:50:57 zfsnvme-target systemd-logind[964]: Session 103 logged out. Waiting for processes to exit.
Aug 02 01:50:57 zfsnvme-target systemd-logind[964]: Removed session 103.
Aug 02 01:51:01 zfsnvme-target sshd[6278]: Accepted publickey for root from 10.0.1.2 port 50131 ssh2: ED25519 SHA256:RF36ieZjtMwQOHFoCZCKqX0qzGV25rTZHElR+Xnu3/g
Aug 02 01:51:01 zfsnvme-target sshd[6278]: pam_unix(sshd:session): session opened for user root(uid=0) by root(uid=0)
Aug 02 01:51:01 zfsnvme-target systemd-logind[964]: New session 104 of user root.
Aug 02 01:51:01 zfsnvme-target systemd[1]: Started session-104.scope - Session 104 of User root.
Aug 02 01:51:01 zfsnvme-target sshd[6278]: Received disconnect from 10.0.1.2 port 50131:11: disconnected by user
Aug 02 01:51:01 zfsnvme-target sshd[6278]: Disconnected from user root 10.0.1.2 port 50131
Aug 02 01:51:01 zfsnvme-target sshd[6278]: pam_unix(sshd:session): session closed for user root
Aug 02 01:51:01 zfsnvme-target systemd[1]: session-104.scope: Deactivated successfully.
Aug 02 01:51:01 zfsnvme-target systemd-logind[964]: Session 104 logged out. Waiting for processes to exit.
Aug 02 01:51:01 zfsnvme-target systemd-logind[964]: Removed session 104.
Aug 02 01:51:02 zfsnvme-target sshd[6340]: Accepted publickey for root from 192.168.34.242 port 58286 ssh2: ED25519 SHA256:RF36ieZjtMwQOHFoCZCKqX0qzGV25rTZHElR+Xnu3/g
Aug 02 01:51:02 zfsnvme-target sshd[6340]: pam_unix(sshd:session): session opened for user root(uid=0) by root(uid=0)
Aug 02 01:51:02 zfsnvme-target systemd-logind[964]: New session 105 of user root.
Aug 02 01:51:02 zfsnvme-target systemd[1]: Started session-105.scope - Session 105 of User root.
Aug 02 01:51:02 zfsnvme-target sshd[6340]: Received disconnect from 192.168.34.242 port 58286:11: disconnected by user
Aug 02 01:51:02 zfsnvme-target sshd[6340]: Disconnected from user root 192.168.34.242 port 58286
Aug 02 01:51:02 zfsnvme-target sshd[6340]: pam_unix(sshd:session): session closed for user root
Aug 02 01:51:02 zfsnvme-target systemd[1]: session-105.scope: Deactivated successfully.
Aug 02 01:51:02 zfsnvme-target systemd-logind[964]: Session 105 logged out. Waiting for processes to exit.
Aug 02 01:51:02 zfsnvme-target systemd-logind[964]: Removed session 105.
Aug 02 01:51:02 zfsnvme-target sshd[6385]: Accepted publickey for root from 192.168.34.243 port 56884 ssh2: ED25519 SHA256:RF36ieZjtMwQOHFoCZCKqX0qzGV25rTZHElR+Xnu3/g
Aug 02 01:51:02 zfsnvme-target sshd[6385]: pam_unix(sshd:session): session opened for user root(uid=0) by root(uid=0)
Aug 02 01:51:02 zfsnvme-target systemd-logind[964]: New session 106 of user root.
Aug 02 01:51:02 zfsnvme-target systemd[1]: Started session-106.scope - Session 106 of User root.
Aug 02 01:51:02 zfsnvme-target sshd[6388]: Accepted publickey for root from 192.168.34.242 port 58290 ssh2: ED25519 SHA256:RF36ieZjtMwQOHFoCZCKqX0qzGV25rTZHElR+Xnu3/g
Aug 02 01:51:02 zfsnvme-target sshd[6388]: pam_unix(sshd:session): session opened for user root(uid=0) by root(uid=0)
Aug 02 01:51:02 zfsnvme-target systemd-logind[964]: New session 107 of user root.
Aug 02 01:51:02 zfsnvme-target systemd[1]: Started session-107.scope - Session 107 of User root.
Aug 02 01:51:02 zfsnvme-target sshd[6385]: Received disconnect from 192.168.34.243 port 56884:11: disconnected by user
Aug 02 01:51:02 zfsnvme-target sshd[6385]: Disconnected from user root 192.168.34.243 port 56884
Aug 02 01:51:02 zfsnvme-target sshd[6385]: pam_unix(sshd:session): session closed for user root
Aug 02 01:51:02 zfsnvme-target systemd[1]: session-106.scope: Deactivated successfully.
Aug 02 01:51:02 zfsnvme-target systemd-logind[964]: Session 106 logged out. Waiting for processes to exit.
Aug 02 01:51:02 zfsnvme-target systemd-logind[964]: Removed session 106.
Aug 02 01:51:02 zfsnvme-target sshd[6388]: Received disconnect from 192.168.34.242 port 58290:11: disconnected by user
Aug 02 01:51:02 zfsnvme-target sshd[6388]: Disconnected from user root 192.168.34.242 port 58290
Aug 02 01:51:02 zfsnvme-target sshd[6388]: pam_unix(sshd:session): session closed for user root
Aug 02 01:51:02 zfsnvme-target systemd[1]: session-107.scope: Deactivated successfully.
Aug 02 01:51:02 zfsnvme-target systemd-logind[964]: Session 107 logged out. Waiting for processes to exit.
Aug 02 01:51:02 zfsnvme-target systemd-logind[964]: Removed session 107.
Aug 02 01:51:03 zfsnvme-target sshd[6479]: Accepted publickey for root from 192.168.34.243 port 56888 ssh2: ED25519 SHA256:RF36ieZjtMwQOHFoCZCKqX0qzGV25rTZHElR+Xnu3/g
Aug 02 01:51:03 zfsnvme-target sshd[6479]: pam_unix(sshd:session): session opened for user root(uid=0) by root(uid=0)
Aug 02 01:51:03 zfsnvme-target systemd-logind[964]: New session 108 of user root.
Aug 02 01:51:03 zfsnvme-target systemd[1]: Started session-108.scope - Session 108 of User root.
Aug 02 01:51:04 zfsnvme-target sshd[6479]: Received disconnect from 192.168.34.243 port 56888:11: disconnected by user
Aug 02 01:51:04 zfsnvme-target sshd[6479]: Disconnected from user root 192.168.34.243 port 56888
Aug 02 01:51:04 zfsnvme-target sshd[6479]: pam_unix(sshd:session): session closed for user root
Aug 02 01:51:04 zfsnvme-target systemd[1]: session-108.scope: Deactivated successfully.
Aug 02 01:51:04 zfsnvme-target systemd-logind[964]: Session 108 logged out. Waiting for processes to exit.
Aug 02 01:51:04 zfsnvme-target systemd-logind[964]: Removed session 108.
Aug 02 01:51:04 zfsnvme-target sshd[6546]: Accepted publickey for root from 192.168.34.243 port 56904 ssh2: ED25519 SHA256:RF36ieZjtMwQOHFoCZCKqX0qzGV25rTZHElR+Xnu3/g
Aug 02 01:51:04 zfsnvme-target sshd[6546]: pam_unix(sshd:session): session opened for user root(uid=0) by root(uid=0)
Aug 02 01:51:04 zfsnvme-target systemd-logind[964]: New session 109 of user root.
Aug 02 01:51:04 zfsnvme-target systemd[1]: Started session-109.scope - Session 109 of User root.
Aug 02 01:51:04 zfsnvme-target sshd[6546]: Received disconnect from 192.168.34.243 port 56904:11: disconnected by user
Aug 02 01:51:04 zfsnvme-target sshd[6546]: Disconnected from user root 192.168.34.243 port 56904
Aug 02 01:51:04 zfsnvme-target sshd[6546]: pam_unix(sshd:session): session closed for user root
Aug 02 01:51:04 zfsnvme-target systemd[1]: session-109.scope: Deactivated successfully.
Aug 02 01:51:04 zfsnvme-target systemd-logind[964]: Session 109 logged out. Waiting for processes to exit.
Aug 02 01:51:04 zfsnvme-target systemd-logind[964]: Removed session 109.
Aug 02 01:51:04 zfsnvme-target sshd[6596]: Accepted publickey for root from 192.168.34.243 port 56914 ssh2: ED25519 SHA256:RF36ieZjtMwQOHFoCZCKqX0qzGV25rTZHElR+Xnu3/g
Aug 02 01:51:04 zfsnvme-target sshd[6596]: pam_unix(sshd:session): session opened for user root(uid=0) by root(uid=0)
Aug 02 01:51:04 zfsnvme-target systemd-logind[964]: New session 110 of user root.
Aug 02 01:51:04 zfsnvme-target systemd[1]: Started session-110.scope - Session 110 of User root.
Aug 02 01:51:04 zfsnvme-target sshd[6596]: Received disconnect from 192.168.34.243 port 56914:11: disconnected by user
Aug 02 01:51:04 zfsnvme-target sshd[6596]: Disconnected from user root 192.168.34.243 port 56914
Aug 02 01:51:04 zfsnvme-target sshd[6596]: pam_unix(sshd:session): session closed for user root
Aug 02 01:51:04 zfsnvme-target systemd[1]: session-110.scope: Deactivated successfully.
Aug 02 01:51:04 zfsnvme-target systemd-logind[964]: Session 110 logged out. Waiting for processes to exit.
Aug 02 01:51:04 zfsnvme-target systemd-logind[964]: Removed session 110.
Aug 02 01:51:04 zfsnvme-target sshd[6642]: Accepted publickey for root from 192.168.34.243 port 56916 ssh2: ED25519 SHA256:RF36ieZjtMwQOHFoCZCKqX0qzGV25rTZHElR+Xnu3/g
Aug 02 01:51:04 zfsnvme-target sshd[6642]: pam_unix(sshd:session): session opened for user root(uid=0) by root(uid=0)
Aug 02 01:51:04 zfsnvme-target systemd-logind[964]: New session 111 of user root.
Aug 02 01:51:04 zfsnvme-target systemd[1]: Started session-111.scope - Session 111 of User root.
Aug 02 01:51:04 zfsnvme-target sshd[6642]: Received disconnect from 192.168.34.243 port 56916:11: disconnected by user
Aug 02 01:51:04 zfsnvme-target sshd[6642]: Disconnected from user root 192.168.34.243 port 56916
Aug 02 01:51:04 zfsnvme-target sshd[6642]: pam_unix(sshd:session): session closed for user root
Aug 02 01:51:04 zfsnvme-target systemd[1]: session-111.scope: Deactivated successfully.
Aug 02 01:51:04 zfsnvme-target systemd-logind[964]: Session 111 logged out. Waiting for processes to exit.
Aug 02 01:51:04 zfsnvme-target systemd-logind[964]: Removed session 111.
Aug 02 01:51:05 zfsnvme-target sshd[6692]: Accepted publickey for root from 192.168.34.243 port 34984 ssh2: ED25519 SHA256:RF36ieZjtMwQOHFoCZCKqX0qzGV25rTZHElR+Xnu3/g
Aug 02 01:51:05 zfsnvme-target sshd[6692]: pam_unix(sshd:session): session opened for user root(uid=0) by root(uid=0)
Aug 02 01:51:05 zfsnvme-target systemd-logind[964]: New session 112 of user root.
Aug 02 01:51:05 zfsnvme-target systemd[1]: Started session-112.scope - Session 112 of User root.
Aug 02 01:51:05 zfsnvme-target sshd[6692]: Received disconnect from 192.168.34.243 port 34984:11: disconnected by user
Aug 02 01:51:05 zfsnvme-target sshd[6692]: Disconnected from user root 192.168.34.243 port 34984
Aug 02 01:51:05 zfsnvme-target sshd[6692]: pam_unix(sshd:session): session closed for user root
Aug 02 01:51:05 zfsnvme-target systemd[1]: session-112.scope: Deactivated successfully.
Aug 02 01:51:05 zfsnvme-target systemd-logind[964]: Session 112 logged out. Waiting for processes to exit.
Aug 02 01:51:05 zfsnvme-target systemd-logind[964]: Removed session 112.
Aug 02 01:51:05 zfsnvme-target sshd[6742]: Accepted publickey for root from 192.168.34.243 port 34992 ssh2: ED25519 SHA256:RF36ieZjtMwQOHFoCZCKqX0qzGV25rTZHElR+Xnu3/g
Aug 02 01:51:05 zfsnvme-target sshd[6742]: pam_unix(sshd:session): session opened for user root(uid=0) by root(uid=0)
Aug 02 01:51:05 zfsnvme-target systemd-logind[964]: New session 113 of user root.
Aug 02 01:51:05 zfsnvme-target systemd[1]: Started session-113.scope - Session 113 of User root.
Aug 02 01:51:05 zfsnvme-target sshd[6742]: Received disconnect from 192.168.34.243 port 34992:11: disconnected by user
Aug 02 01:51:05 zfsnvme-target sshd[6742]: Disconnected from user root 192.168.34.243 port 34992
Aug 02 01:51:05 zfsnvme-target sshd[6742]: pam_unix(sshd:session): session closed for user root
Aug 02 01:51:05 zfsnvme-target systemd[1]: session-113.scope: Deactivated successfully.
Aug 02 01:51:05 zfsnvme-target systemd-logind[964]: Session 113 logged out. Waiting for processes to exit.
Aug 02 01:51:05 zfsnvme-target systemd-logind[964]: Removed session 113.
Aug 02 01:51:05 zfsnvme-target sshd[6788]: Accepted publickey for root from 192.168.34.243 port 35000 ssh2: ED25519 SHA256:RF36ieZjtMwQOHFoCZCKqX0qzGV25rTZHElR+Xnu3/g
Aug 02 01:51:05 zfsnvme-target sshd[6788]: pam_unix(sshd:session): session opened for user root(uid=0) by root(uid=0)
Aug 02 01:51:05 zfsnvme-target systemd-logind[964]: New session 114 of user root.
Aug 02 01:51:05 zfsnvme-target systemd[1]: Started session-114.scope - Session 114 of User root.
Aug 02 01:51:05 zfsnvme-target sshd[6788]: Received disconnect from 192.168.34.243 port 35000:11: disconnected by user
Aug 02 01:51:05 zfsnvme-target sshd[6788]: Disconnected from user root 192.168.34.243 port 35000
Aug 02 01:51:05 zfsnvme-target sshd[6788]: pam_unix(sshd:session): session closed for user root
Aug 02 01:51:05 zfsnvme-target systemd[1]: session-114.scope: Deactivated successfully.
Aug 02 01:51:05 zfsnvme-target systemd-logind[964]: Session 114 logged out. Waiting for processes to exit.
Aug 02 01:51:05 zfsnvme-target systemd-logind[964]: Removed session 114.
Aug 02 01:51:05 zfsnvme-target sshd[6838]: Accepted publickey for root from 192.168.34.243 port 35008 ssh2: ED25519 SHA256:RF36ieZjtMwQOHFoCZCKqX0qzGV25rTZHElR+Xnu3/g
Aug 02 01:51:05 zfsnvme-target sshd[6838]: pam_unix(sshd:session): session opened for user root(uid=0) by root(uid=0)
Aug 02 01:51:05 zfsnvme-target systemd-logind[964]: New session 115 of user root.
Aug 02 01:51:05 zfsnvme-target systemd[1]: Started session-115.scope - Session 115 of User root.
Aug 02 01:51:05 zfsnvme-target sshd[6838]: Received disconnect from 192.168.34.243 port 35008:11: disconnected by user
Aug 02 01:51:05 zfsnvme-target sshd[6838]: Disconnected from user root 192.168.34.243 port 35008
Aug 02 01:51:05 zfsnvme-target sshd[6838]: pam_unix(sshd:session): session closed for user root
Aug 02 01:51:05 zfsnvme-target systemd[1]: session-115.scope: Deactivated successfully.
Aug 02 01:51:05 zfsnvme-target systemd-logind[964]: Session 115 logged out. Waiting for processes to exit.
Aug 02 01:51:05 zfsnvme-target systemd-logind[964]: Removed session 115.
Aug 02 01:51:06 zfsnvme-target sshd[6896]: Accepted publickey for root from 192.168.34.243 port 35020 ssh2: ED25519 SHA256:RF36ieZjtMwQOHFoCZCKqX0qzGV25rTZHElR+Xnu3/g
Aug 02 01:51:06 zfsnvme-target sshd[6896]: pam_unix(sshd:session): session opened for user root(uid=0) by root(uid=0)
Aug 02 01:51:06 zfsnvme-target systemd-logind[964]: New session 116 of user root.
Aug 02 01:51:06 zfsnvme-target systemd[1]: Started session-116.scope - Session 116 of User root.
Aug 02 01:51:06 zfsnvme-target sshd[6896]: Received disconnect from 192.168.34.243 port 35020:11: disconnected by user
Aug 02 01:51:06 zfsnvme-target sshd[6896]: Disconnected from user root 192.168.34.243 port 35020
Aug 02 01:51:06 zfsnvme-target sshd[6896]: pam_unix(sshd:session): session closed for user root
Aug 02 01:51:06 zfsnvme-target systemd[1]: session-116.scope: Deactivated successfully.
Aug 02 01:51:06 zfsnvme-target systemd-logind[964]: Session 116 logged out. Waiting for processes to exit.
Aug 02 01:51:06 zfsnvme-target systemd-logind[964]: Removed session 116.
Aug 02 01:51:06 zfsnvme-target kernel: nvmet: creating nvm controller 2 for subsystem nqn.2026-08.ar.neatech:zfsnvme-lab for NQN nqn.2014-08.org.nvmexpress:uuid:2fe2c989-9d4b-444a-9766-600a7147918f with DH-HMAC-CHAP.
Aug 02 01:51:06 zfsnvme-target sshd[6943]: Accepted publickey for root from 192.168.34.242 port 41144 ssh2: ED25519 SHA256:RF36ieZjtMwQOHFoCZCKqX0qzGV25rTZHElR+Xnu3/g
Aug 02 01:51:06 zfsnvme-target sshd[6943]: pam_unix(sshd:session): session opened for user root(uid=0) by root(uid=0)
Aug 02 01:51:06 zfsnvme-target systemd-logind[964]: New session 117 of user root.
Aug 02 01:51:06 zfsnvme-target systemd[1]: Started session-117.scope - Session 117 of User root.
Aug 02 01:51:06 zfsnvme-target sshd[6963]: Accepted publickey for root from 192.168.34.243 port 35026 ssh2: ED25519 SHA256:RF36ieZjtMwQOHFoCZCKqX0qzGV25rTZHElR+Xnu3/g
Aug 02 01:51:06 zfsnvme-target sshd[6963]: pam_unix(sshd:session): session opened for user root(uid=0) by root(uid=0)
Aug 02 01:51:06 zfsnvme-target systemd-logind[964]: New session 118 of user root.
Aug 02 01:51:06 zfsnvme-target systemd[1]: Started session-118.scope - Session 118 of User root.
Aug 02 01:51:06 zfsnvme-target sshd[6943]: Received disconnect from 192.168.34.242 port 41144:11: disconnected by user
Aug 02 01:51:06 zfsnvme-target sshd[6943]: Disconnected from user root 192.168.34.242 port 41144
Aug 02 01:51:06 zfsnvme-target sshd[6943]: pam_unix(sshd:session): session closed for user root
Aug 02 01:51:06 zfsnvme-target systemd[1]: session-117.scope: Deactivated successfully.
Aug 02 01:51:06 zfsnvme-target systemd-logind[964]: Session 117 logged out. Waiting for processes to exit.
Aug 02 01:51:06 zfsnvme-target systemd-logind[964]: Removed session 117.
Aug 02 01:51:06 zfsnvme-target sshd[6963]: Received disconnect from 192.168.34.243 port 35026:11: disconnected by user
Aug 02 01:51:06 zfsnvme-target sshd[6963]: Disconnected from user root 192.168.34.243 port 35026
Aug 02 01:51:06 zfsnvme-target sshd[6963]: pam_unix(sshd:session): session closed for user root
Aug 02 01:51:06 zfsnvme-target systemd[1]: session-118.scope: Deactivated successfully.
Aug 02 01:51:06 zfsnvme-target systemd-logind[964]: Session 118 logged out. Waiting for processes to exit.
Aug 02 01:51:06 zfsnvme-target systemd-logind[964]: Removed session 118.
Aug 02 01:51:11 zfsnvme-target sshd[7053]: Accepted publickey for root from 10.0.1.2 port 52576 ssh2: ED25519 SHA256:RF36ieZjtMwQOHFoCZCKqX0qzGV25rTZHElR+Xnu3/g
Aug 02 01:51:11 zfsnvme-target sshd[7053]: pam_unix(sshd:session): session opened for user root(uid=0) by root(uid=0)
Aug 02 01:51:11 zfsnvme-target systemd-logind[964]: New session 119 of user root.
Aug 02 01:51:11 zfsnvme-target systemd[1]: Started session-119.scope - Session 119 of User root.
Aug 02 01:51:11 zfsnvme-target sshd[7053]: Received disconnect from 10.0.1.2 port 52576:11: disconnected by user
Aug 02 01:51:11 zfsnvme-target sshd[7053]: Disconnected from user root 10.0.1.2 port 52576
Aug 02 01:51:11 zfsnvme-target sshd[7053]: pam_unix(sshd:session): session closed for user root
Aug 02 01:51:11 zfsnvme-target systemd[1]: session-119.scope: Deactivated successfully.
Aug 02 01:51:11 zfsnvme-target systemd-logind[964]: Session 119 logged out. Waiting for processes to exit.
Aug 02 01:51:11 zfsnvme-target systemd-logind[964]: Removed session 119.
Aug 02 01:51:13 zfsnvme-target sshd[7105]: Accepted publickey for root from 192.168.34.243 port 35040 ssh2: ED25519 SHA256:RF36ieZjtMwQOHFoCZCKqX0qzGV25rTZHElR+Xnu3/g
Aug 02 01:51:13 zfsnvme-target sshd[7105]: pam_unix(sshd:session): session opened for user root(uid=0) by root(uid=0)
Aug 02 01:51:13 zfsnvme-target systemd-logind[964]: New session 120 of user root.
Aug 02 01:51:13 zfsnvme-target systemd[1]: Started session-120.scope - Session 120 of User root.
Aug 02 01:51:13 zfsnvme-target sshd[7105]: Received disconnect from 192.168.34.243 port 35040:11: disconnected by user
Aug 02 01:51:13 zfsnvme-target sshd[7105]: Disconnected from user root 192.168.34.243 port 35040
Aug 02 01:51:13 zfsnvme-target sshd[7105]: pam_unix(sshd:session): session closed for user root
Aug 02 01:51:13 zfsnvme-target systemd[1]: session-120.scope: Deactivated successfully.
Aug 02 01:51:13 zfsnvme-target systemd-logind[964]: Session 120 logged out. Waiting for processes to exit.
Aug 02 01:51:13 zfsnvme-target systemd-logind[964]: Removed session 120.
Aug 02 01:51:16 zfsnvme-target sshd[7151]: Accepted publickey for root from 192.168.34.242 port 60800 ssh2: ED25519 SHA256:RF36ieZjtMwQOHFoCZCKqX0qzGV25rTZHElR+Xnu3/g
Aug 02 01:51:16 zfsnvme-target sshd[7151]: pam_unix(sshd:session): session opened for user root(uid=0) by root(uid=0)
Aug 02 01:51:16 zfsnvme-target systemd-logind[964]: New session 121 of user root.
Aug 02 01:51:16 zfsnvme-target systemd[1]: Started session-121.scope - Session 121 of User root.
Aug 02 01:51:16 zfsnvme-target sshd[7151]: Received disconnect from 192.168.34.242 port 60800:11: disconnected by user
Aug 02 01:51:16 zfsnvme-target sshd[7151]: Disconnected from user root 192.168.34.242 port 60800
Aug 02 01:51:16 zfsnvme-target sshd[7151]: pam_unix(sshd:session): session closed for user root
Aug 02 01:51:16 zfsnvme-target systemd[1]: session-121.scope: Deactivated successfully.
Aug 02 01:51:16 zfsnvme-target systemd-logind[964]: Session 121 logged out. Waiting for processes to exit.
Aug 02 01:51:16 zfsnvme-target systemd-logind[964]: Removed session 121.
Aug 02 01:51:22 zfsnvme-target sshd[7197]: Accepted publickey for root from 192.168.34.243 port 60194 ssh2: ED25519 SHA256:RF36ieZjtMwQOHFoCZCKqX0qzGV25rTZHElR+Xnu3/g
Aug 02 01:51:22 zfsnvme-target sshd[7197]: pam_unix(sshd:session): session opened for user root(uid=0) by root(uid=0)
Aug 02 01:51:22 zfsnvme-target systemd-logind[964]: New session 122 of user root.
Aug 02 01:51:22 zfsnvme-target systemd[1]: Started session-122.scope - Session 122 of User root.
Aug 02 01:51:22 zfsnvme-target sshd[7197]: Received disconnect from 192.168.34.243 port 60194:11: disconnected by user
Aug 02 01:51:22 zfsnvme-target sshd[7197]: Disconnected from user root 192.168.34.243 port 60194
Aug 02 01:51:22 zfsnvme-target sshd[7197]: pam_unix(sshd:session): session closed for user root
Aug 02 01:51:22 zfsnvme-target systemd[1]: session-122.scope: Deactivated successfully.
Aug 02 01:51:22 zfsnvme-target systemd-logind[964]: Session 122 logged out. Waiting for processes to exit.
Aug 02 01:51:22 zfsnvme-target systemd-logind[964]: Removed session 122.
Aug 02 01:51:26 zfsnvme-target sshd[7243]: Accepted publickey for root from 192.168.34.242 port 52684 ssh2: ED25519 SHA256:RF36ieZjtMwQOHFoCZCKqX0qzGV25rTZHElR+Xnu3/g
Aug 02 01:51:26 zfsnvme-target sshd[7243]: pam_unix(sshd:session): session opened for user root(uid=0) by root(uid=0)
Aug 02 01:51:26 zfsnvme-target systemd-logind[964]: New session 123 of user root.
Aug 02 01:51:26 zfsnvme-target systemd[1]: Started session-123.scope - Session 123 of User root.
Aug 02 01:51:26 zfsnvme-target sshd[7243]: Received disconnect from 192.168.34.242 port 52684:11: disconnected by user
Aug 02 01:51:26 zfsnvme-target sshd[7243]: Disconnected from user root 192.168.34.242 port 52684
Aug 02 01:51:26 zfsnvme-target sshd[7243]: pam_unix(sshd:session): session closed for user root
Aug 02 01:51:26 zfsnvme-target systemd[1]: session-123.scope: Deactivated successfully.
Aug 02 01:51:26 zfsnvme-target systemd-logind[964]: Session 123 logged out. Waiting for processes to exit.
Aug 02 01:51:26 zfsnvme-target systemd-logind[964]: Removed session 123.
Aug 02 01:51:32 zfsnvme-target sshd[7289]: Accepted publickey for root from 192.168.34.243 port 57310 ssh2: ED25519 SHA256:RF36ieZjtMwQOHFoCZCKqX0qzGV25rTZHElR+Xnu3/g
Aug 02 01:51:32 zfsnvme-target sshd[7289]: pam_unix(sshd:session): session opened for user root(uid=0) by root(uid=0)
Aug 02 01:51:32 zfsnvme-target systemd-logind[964]: New session 124 of user root.
Aug 02 01:51:32 zfsnvme-target systemd[1]: Started session-124.scope - Session 124 of User root.
Aug 02 01:51:32 zfsnvme-target sshd[7289]: Received disconnect from 192.168.34.243 port 57310:11: disconnected by user
Aug 02 01:51:32 zfsnvme-target sshd[7289]: Disconnected from user root 192.168.34.243 port 57310
Aug 02 01:51:32 zfsnvme-target sshd[7289]: pam_unix(sshd:session): session closed for user root
Aug 02 01:51:32 zfsnvme-target systemd[1]: session-124.scope: Deactivated successfully.
Aug 02 01:51:32 zfsnvme-target systemd-logind[964]: Session 124 logged out. Waiting for processes to exit.
Aug 02 01:51:32 zfsnvme-target systemd-logind[964]: Removed session 124.
Aug 02 01:51:37 zfsnvme-target sshd[7335]: Accepted publickey for root from 192.168.34.242 port 46310 ssh2: ED25519 SHA256:RF36ieZjtMwQOHFoCZCKqX0qzGV25rTZHElR+Xnu3/g
Aug 02 01:51:37 zfsnvme-target sshd[7335]: pam_unix(sshd:session): session opened for user root(uid=0) by root(uid=0)
Aug 02 01:51:37 zfsnvme-target systemd-logind[964]: New session 125 of user root.
Aug 02 01:51:37 zfsnvme-target systemd[1]: Started session-125.scope - Session 125 of User root.
Aug 02 01:51:37 zfsnvme-target sshd[7335]: Received disconnect from 192.168.34.242 port 46310:11: disconnected by user
Aug 02 01:51:37 zfsnvme-target sshd[7335]: Disconnected from user root 192.168.34.242 port 46310
Aug 02 01:51:37 zfsnvme-target sshd[7335]: pam_unix(sshd:session): session closed for user root
Aug 02 01:51:37 zfsnvme-target systemd[1]: session-125.scope: Deactivated successfully.
Aug 02 01:51:37 zfsnvme-target systemd-logind[964]: Session 125 logged out. Waiting for processes to exit.
Aug 02 01:51:37 zfsnvme-target systemd-logind[964]: Removed session 125.
Aug 02 01:51:42 zfsnvme-target sshd[7381]: Accepted publickey for root from 192.168.34.243 port 41946 ssh2: ED25519 SHA256:RF36ieZjtMwQOHFoCZCKqX0qzGV25rTZHElR+Xnu3/g
Aug 02 01:51:42 zfsnvme-target sshd[7381]: pam_unix(sshd:session): session opened for user root(uid=0) by root(uid=0)
Aug 02 01:51:42 zfsnvme-target systemd-logind[964]: New session 126 of user root.
Aug 02 01:51:42 zfsnvme-target systemd[1]: Started session-126.scope - Session 126 of User root.
Aug 02 01:51:42 zfsnvme-target sshd[7381]: Received disconnect from 192.168.34.243 port 41946:11: disconnected by user
Aug 02 01:51:42 zfsnvme-target sshd[7381]: Disconnected from user root 192.168.34.243 port 41946
Aug 02 01:51:42 zfsnvme-target sshd[7381]: pam_unix(sshd:session): session closed for user root
Aug 02 01:51:42 zfsnvme-target systemd[1]: session-126.scope: Deactivated successfully.
Aug 02 01:51:42 zfsnvme-target systemd-logind[964]: Session 126 logged out. Waiting for processes to exit.
Aug 02 01:51:42 zfsnvme-target systemd-logind[964]: Removed session 126.
Aug 02 01:51:46 zfsnvme-target sshd[7427]: Accepted publickey for root from 192.168.34.242 port 39880 ssh2: ED25519 SHA256:RF36ieZjtMwQOHFoCZCKqX0qzGV25rTZHElR+Xnu3/g
Aug 02 01:51:46 zfsnvme-target sshd[7427]: pam_unix(sshd:session): session opened for user root(uid=0) by root(uid=0)
Aug 02 01:51:46 zfsnvme-target systemd-logind[964]: New session 127 of user root.
Aug 02 01:51:46 zfsnvme-target systemd[1]: Started session-127.scope - Session 127 of User root.
Aug 02 01:51:46 zfsnvme-target sshd[7427]: Received disconnect from 192.168.34.242 port 39880:11: disconnected by user
Aug 02 01:51:46 zfsnvme-target sshd[7427]: Disconnected from user root 192.168.34.242 port 39880
Aug 02 01:51:46 zfsnvme-target sshd[7427]: pam_unix(sshd:session): session closed for user root
Aug 02 01:51:46 zfsnvme-target systemd[1]: session-127.scope: Deactivated successfully.
Aug 02 01:51:46 zfsnvme-target systemd-logind[964]: Session 127 logged out. Waiting for processes to exit.
Aug 02 01:51:46 zfsnvme-target systemd-logind[964]: Removed session 127.
Aug 02 01:51:53 zfsnvme-target sshd[7473]: Accepted publickey for root from 192.168.34.243 port 36922 ssh2: ED25519 SHA256:RF36ieZjtMwQOHFoCZCKqX0qzGV25rTZHElR+Xnu3/g
Aug 02 01:51:53 zfsnvme-target sshd[7473]: pam_unix(sshd:session): session opened for user root(uid=0) by root(uid=0)
Aug 02 01:51:53 zfsnvme-target systemd-logind[964]: New session 128 of user root.
Aug 02 01:51:53 zfsnvme-target systemd[1]: Started session-128.scope - Session 128 of User root.
Aug 02 01:51:53 zfsnvme-target sshd[7473]: Received disconnect from 192.168.34.243 port 36922:11: disconnected by user
Aug 02 01:51:53 zfsnvme-target sshd[7473]: Disconnected from user root 192.168.34.243 port 36922
Aug 02 01:51:53 zfsnvme-target sshd[7473]: pam_unix(sshd:session): session closed for user root
Aug 02 01:51:53 zfsnvme-target systemd[1]: session-128.scope: Deactivated successfully.
Aug 02 01:51:53 zfsnvme-target systemd-logind[964]: Session 128 logged out. Waiting for processes to exit.
Aug 02 01:51:53 zfsnvme-target systemd-logind[964]: Removed session 128.
Aug 02 01:51:56 zfsnvme-target sshd[7519]: Accepted publickey for root from 192.168.34.242 port 35050 ssh2: ED25519 SHA256:RF36ieZjtMwQOHFoCZCKqX0qzGV25rTZHElR+Xnu3/g
Aug 02 01:51:56 zfsnvme-target sshd[7519]: pam_unix(sshd:session): session opened for user root(uid=0) by root(uid=0)
Aug 02 01:51:56 zfsnvme-target systemd-logind[964]: New session 129 of user root.
Aug 02 01:51:56 zfsnvme-target systemd[1]: Started session-129.scope - Session 129 of User root.
Aug 02 01:51:56 zfsnvme-target sshd[7519]: Received disconnect from 192.168.34.242 port 35050:11: disconnected by user
Aug 02 01:51:56 zfsnvme-target sshd[7519]: Disconnected from user root 192.168.34.242 port 35050
Aug 02 01:51:56 zfsnvme-target sshd[7519]: pam_unix(sshd:session): session closed for user root
Aug 02 01:51:56 zfsnvme-target systemd[1]: session-129.scope: Deactivated successfully.
Aug 02 01:51:56 zfsnvme-target systemd-logind[964]: Session 129 logged out. Waiting for processes to exit.
Aug 02 01:51:56 zfsnvme-target systemd-logind[964]: Removed session 129.
Aug 02 01:52:02 zfsnvme-target sshd[7565]: Accepted publickey for root from 192.168.34.243 port 39104 ssh2: ED25519 SHA256:RF36ieZjtMwQOHFoCZCKqX0qzGV25rTZHElR+Xnu3/g
Aug 02 01:52:02 zfsnvme-target sshd[7565]: pam_unix(sshd:session): session opened for user root(uid=0) by root(uid=0)
Aug 02 01:52:02 zfsnvme-target systemd-logind[964]: New session 130 of user root.
Aug 02 01:52:02 zfsnvme-target systemd[1]: Started session-130.scope - Session 130 of User root.
Aug 02 01:52:02 zfsnvme-target sshd[7565]: Received disconnect from 192.168.34.243 port 39104:11: disconnected by user
Aug 02 01:52:02 zfsnvme-target sshd[7565]: Disconnected from user root 192.168.34.243 port 39104
Aug 02 01:52:02 zfsnvme-target sshd[7565]: pam_unix(sshd:session): session closed for user root
Aug 02 01:52:02 zfsnvme-target systemd[1]: session-130.scope: Deactivated successfully.
Aug 02 01:52:02 zfsnvme-target systemd-logind[964]: Session 130 logged out. Waiting for processes to exit.
Aug 02 01:52:02 zfsnvme-target systemd-logind[964]: Removed session 130.
Aug 02 01:52:06 zfsnvme-target sshd[7611]: Accepted publickey for root from 192.168.34.242 port 33942 ssh2: ED25519 SHA256:RF36ieZjtMwQOHFoCZCKqX0qzGV25rTZHElR+Xnu3/g
Aug 02 01:52:06 zfsnvme-target sshd[7611]: pam_unix(sshd:session): session opened for user root(uid=0) by root(uid=0)
Aug 02 01:52:06 zfsnvme-target systemd-logind[964]: New session 131 of user root.
Aug 02 01:52:06 zfsnvme-target systemd[1]: Started session-131.scope - Session 131 of User root.
Aug 02 01:52:07 zfsnvme-target sshd[7611]: Received disconnect from 192.168.34.242 port 33942:11: disconnected by user
Aug 02 01:52:07 zfsnvme-target sshd[7611]: Disconnected from user root 192.168.34.242 port 33942
Aug 02 01:52:07 zfsnvme-target sshd[7611]: pam_unix(sshd:session): session closed for user root
Aug 02 01:52:07 zfsnvme-target systemd[1]: session-131.scope: Deactivated successfully.
Aug 02 01:52:07 zfsnvme-target systemd-logind[964]: Session 131 logged out. Waiting for processes to exit.
Aug 02 01:52:07 zfsnvme-target systemd-logind[964]: Removed session 131.
Aug 02 01:52:12 zfsnvme-target sshd[7667]: Accepted publickey for root from 192.168.34.243 port 50370 ssh2: ED25519 SHA256:RF36ieZjtMwQOHFoCZCKqX0qzGV25rTZHElR+Xnu3/g
Aug 02 01:52:12 zfsnvme-target sshd[7667]: pam_unix(sshd:session): session opened for user root(uid=0) by root(uid=0)
Aug 02 01:52:12 zfsnvme-target systemd-logind[964]: New session 132 of user root.
Aug 02 01:52:12 zfsnvme-target systemd[1]: Started session-132.scope - Session 132 of User root.
Aug 02 01:52:12 zfsnvme-target sshd[7667]: Received disconnect from 192.168.34.243 port 50370:11: disconnected by user
Aug 02 01:52:12 zfsnvme-target sshd[7667]: Disconnected from user root 192.168.34.243 port 50370
Aug 02 01:52:12 zfsnvme-target sshd[7667]: pam_unix(sshd:session): session closed for user root
Aug 02 01:52:12 zfsnvme-target systemd[1]: session-132.scope: Deactivated successfully.
Aug 02 01:52:12 zfsnvme-target systemd-logind[964]: Session 132 logged out. Waiting for processes to exit.
Aug 02 01:52:12 zfsnvme-target systemd-logind[964]: Removed session 132.
Aug 02 01:52:16 zfsnvme-target sshd[7713]: Accepted publickey for root from 192.168.34.242 port 51834 ssh2: ED25519 SHA256:RF36ieZjtMwQOHFoCZCKqX0qzGV25rTZHElR+Xnu3/g
Aug 02 01:52:16 zfsnvme-target sshd[7713]: pam_unix(sshd:session): session opened for user root(uid=0) by root(uid=0)
Aug 02 01:52:16 zfsnvme-target systemd-logind[964]: New session 133 of user root.
Aug 02 01:52:16 zfsnvme-target systemd[1]: Started session-133.scope - Session 133 of User root.
Aug 02 01:52:16 zfsnvme-target sshd[7713]: Received disconnect from 192.168.34.242 port 51834:11: disconnected by user
Aug 02 01:52:16 zfsnvme-target sshd[7713]: Disconnected from user root 192.168.34.242 port 51834
Aug 02 01:52:16 zfsnvme-target sshd[7713]: pam_unix(sshd:session): session closed for user root
Aug 02 01:52:16 zfsnvme-target systemd[1]: session-133.scope: Deactivated successfully.
Aug 02 01:52:16 zfsnvme-target systemd-logind[964]: Session 133 logged out. Waiting for processes to exit.
Aug 02 01:52:16 zfsnvme-target systemd-logind[964]: Removed session 133.
Aug 02 01:52:22 zfsnvme-target sshd[7759]: Accepted publickey for root from 192.168.34.243 port 32874 ssh2: ED25519 SHA256:RF36ieZjtMwQOHFoCZCKqX0qzGV25rTZHElR+Xnu3/g
Aug 02 01:52:22 zfsnvme-target sshd[7759]: pam_unix(sshd:session): session opened for user root(uid=0) by root(uid=0)
Aug 02 01:52:22 zfsnvme-target systemd-logind[964]: New session 134 of user root.
Aug 02 01:52:22 zfsnvme-target systemd[1]: Started session-134.scope - Session 134 of User root.
Aug 02 01:52:22 zfsnvme-target sshd[7759]: Received disconnect from 192.168.34.243 port 32874:11: disconnected by user
Aug 02 01:52:22 zfsnvme-target sshd[7759]: Disconnected from user root 192.168.34.243 port 32874
Aug 02 01:52:22 zfsnvme-target sshd[7759]: pam_unix(sshd:session): session closed for user root
Aug 02 01:52:22 zfsnvme-target systemd[1]: session-134.scope: Deactivated successfully.
Aug 02 01:52:22 zfsnvme-target systemd-logind[964]: Session 134 logged out. Waiting for processes to exit.
Aug 02 01:52:22 zfsnvme-target systemd-logind[964]: Removed session 134.
Aug 02 01:52:26 zfsnvme-target sshd[7805]: Accepted publickey for root from 192.168.34.242 port 33046 ssh2: ED25519 SHA256:RF36ieZjtMwQOHFoCZCKqX0qzGV25rTZHElR+Xnu3/g
Aug 02 01:52:26 zfsnvme-target sshd[7805]: pam_unix(sshd:session): session opened for user root(uid=0) by root(uid=0)
Aug 02 01:52:26 zfsnvme-target systemd-logind[964]: New session 135 of user root.
Aug 02 01:52:26 zfsnvme-target systemd[1]: Started session-135.scope - Session 135 of User root.
Aug 02 01:52:26 zfsnvme-target sshd[7805]: Received disconnect from 192.168.34.242 port 33046:11: disconnected by user
Aug 02 01:52:26 zfsnvme-target sshd[7805]: Disconnected from user root 192.168.34.242 port 33046
Aug 02 01:52:26 zfsnvme-target sshd[7805]: pam_unix(sshd:session): session closed for user root
Aug 02 01:52:26 zfsnvme-target systemd[1]: session-135.scope: Deactivated successfully.
Aug 02 01:52:26 zfsnvme-target systemd-logind[964]: Session 135 logged out. Waiting for processes to exit.
Aug 02 01:52:26 zfsnvme-target systemd-logind[964]: Removed session 135.
Aug 02 01:52:32 zfsnvme-target sshd[7851]: Accepted publickey for root from 192.168.34.243 port 48468 ssh2: ED25519 SHA256:RF36ieZjtMwQOHFoCZCKqX0qzGV25rTZHElR+Xnu3/g
Aug 02 01:52:32 zfsnvme-target sshd[7851]: pam_unix(sshd:session): session opened for user root(uid=0) by root(uid=0)
Aug 02 01:52:32 zfsnvme-target systemd-logind[964]: New session 136 of user root.
Aug 02 01:52:33 zfsnvme-target systemd[1]: Started session-136.scope - Session 136 of User root.
Aug 02 01:52:33 zfsnvme-target sshd[7851]: Received disconnect from 192.168.34.243 port 48468:11: disconnected by user
Aug 02 01:52:33 zfsnvme-target sshd[7851]: Disconnected from user root 192.168.34.243 port 48468
Aug 02 01:52:33 zfsnvme-target sshd[7851]: pam_unix(sshd:session): session closed for user root
Aug 02 01:52:33 zfsnvme-target systemd[1]: session-136.scope: Deactivated successfully.
Aug 02 01:52:33 zfsnvme-target systemd-logind[964]: Session 136 logged out. Waiting for processes to exit.
Aug 02 01:52:33 zfsnvme-target systemd-logind[964]: Removed session 136.
Aug 02 01:52:36 zfsnvme-target sshd[7897]: Accepted publickey for root from 192.168.34.242 port 34274 ssh2: ED25519 SHA256:RF36ieZjtMwQOHFoCZCKqX0qzGV25rTZHElR+Xnu3/g
Aug 02 01:52:36 zfsnvme-target sshd[7897]: pam_unix(sshd:session): session opened for user root(uid=0) by root(uid=0)
Aug 02 01:52:36 zfsnvme-target systemd-logind[964]: New session 137 of user root.
Aug 02 01:52:36 zfsnvme-target systemd[1]: Started session-137.scope - Session 137 of User root.
Aug 02 01:52:36 zfsnvme-target sshd[7897]: Received disconnect from 192.168.34.242 port 34274:11: disconnected by user
Aug 02 01:52:36 zfsnvme-target sshd[7897]: Disconnected from user root 192.168.34.242 port 34274
Aug 02 01:52:36 zfsnvme-target sshd[7897]: pam_unix(sshd:session): session closed for user root
Aug 02 01:52:36 zfsnvme-target systemd[1]: session-137.scope: Deactivated successfully.
Aug 02 01:52:36 zfsnvme-target systemd-logind[964]: Session 137 logged out. Waiting for processes to exit.
Aug 02 01:52:36 zfsnvme-target systemd-logind[964]: Removed session 137.
Aug 02 01:52:42 zfsnvme-target sshd[7943]: Accepted publickey for root from 192.168.34.243 port 50348 ssh2: ED25519 SHA256:RF36ieZjtMwQOHFoCZCKqX0qzGV25rTZHElR+Xnu3/g
Aug 02 01:52:42 zfsnvme-target sshd[7943]: pam_unix(sshd:session): session opened for user root(uid=0) by root(uid=0)
Aug 02 01:52:42 zfsnvme-target systemd-logind[964]: New session 138 of user root.
Aug 02 01:52:42 zfsnvme-target systemd[1]: Started session-138.scope - Session 138 of User root.
Aug 02 01:52:42 zfsnvme-target sshd[7943]: Received disconnect from 192.168.34.243 port 50348:11: disconnected by user
Aug 02 01:52:42 zfsnvme-target sshd[7943]: Disconnected from user root 192.168.34.243 port 50348
Aug 02 01:52:42 zfsnvme-target sshd[7943]: pam_unix(sshd:session): session closed for user root
Aug 02 01:52:42 zfsnvme-target systemd[1]: session-138.scope: Deactivated successfully.
Aug 02 01:52:42 zfsnvme-target systemd-logind[964]: Session 138 logged out. Waiting for processes to exit.
Aug 02 01:52:42 zfsnvme-target systemd-logind[964]: Removed session 138.
Aug 02 01:52:47 zfsnvme-target sshd[7989]: Accepted publickey for root from 192.168.34.242 port 45824 ssh2: ED25519 SHA256:RF36ieZjtMwQOHFoCZCKqX0qzGV25rTZHElR+Xnu3/g
Aug 02 01:52:47 zfsnvme-target sshd[7989]: pam_unix(sshd:session): session opened for user root(uid=0) by root(uid=0)
Aug 02 01:52:47 zfsnvme-target systemd-logind[964]: New session 139 of user root.
Aug 02 01:52:47 zfsnvme-target systemd[1]: Started session-139.scope - Session 139 of User root.
Aug 02 01:52:47 zfsnvme-target sshd[7989]: Received disconnect from 192.168.34.242 port 45824:11: disconnected by user
Aug 02 01:52:47 zfsnvme-target sshd[7989]: Disconnected from user root 192.168.34.242 port 45824
Aug 02 01:52:47 zfsnvme-target sshd[7989]: pam_unix(sshd:session): session closed for user root
Aug 02 01:52:47 zfsnvme-target systemd[1]: session-139.scope: Deactivated successfully.
Aug 02 01:52:47 zfsnvme-target systemd-logind[964]: Session 139 logged out. Waiting for processes to exit.
Aug 02 01:52:47 zfsnvme-target systemd-logind[964]: Removed session 139.
Aug 02 01:52:52 zfsnvme-target sshd[8035]: Accepted publickey for root from 192.168.34.243 port 59188 ssh2: ED25519 SHA256:RF36ieZjtMwQOHFoCZCKqX0qzGV25rTZHElR+Xnu3/g
Aug 02 01:52:52 zfsnvme-target sshd[8035]: pam_unix(sshd:session): session opened for user root(uid=0) by root(uid=0)
Aug 02 01:52:52 zfsnvme-target systemd-logind[964]: New session 140 of user root.
Aug 02 01:52:52 zfsnvme-target systemd[1]: Started session-140.scope - Session 140 of User root.
Aug 02 01:52:52 zfsnvme-target sshd[8035]: Received disconnect from 192.168.34.243 port 59188:11: disconnected by user
Aug 02 01:52:52 zfsnvme-target sshd[8035]: Disconnected from user root 192.168.34.243 port 59188
Aug 02 01:52:52 zfsnvme-target sshd[8035]: pam_unix(sshd:session): session closed for user root
Aug 02 01:52:52 zfsnvme-target systemd[1]: session-140.scope: Deactivated successfully.
Aug 02 01:52:52 zfsnvme-target systemd-logind[964]: Session 140 logged out. Waiting for processes to exit.
Aug 02 01:52:52 zfsnvme-target systemd-logind[964]: Removed session 140.
Aug 02 01:52:56 zfsnvme-target sshd[8081]: Accepted publickey for root from 192.168.34.242 port 38976 ssh2: ED25519 SHA256:RF36ieZjtMwQOHFoCZCKqX0qzGV25rTZHElR+Xnu3/g
Aug 02 01:52:56 zfsnvme-target sshd[8081]: pam_unix(sshd:session): session opened for user root(uid=0) by root(uid=0)
Aug 02 01:52:56 zfsnvme-target systemd-logind[964]: New session 141 of user root.
Aug 02 01:52:56 zfsnvme-target systemd[1]: Started session-141.scope - Session 141 of User root.
Aug 02 01:52:56 zfsnvme-target sshd[8081]: Received disconnect from 192.168.34.242 port 38976:11: disconnected by user
Aug 02 01:52:56 zfsnvme-target sshd[8081]: Disconnected from user root 192.168.34.242 port 38976
Aug 02 01:52:56 zfsnvme-target sshd[8081]: pam_unix(sshd:session): session closed for user root
Aug 02 01:52:56 zfsnvme-target systemd[1]: session-141.scope: Deactivated successfully.
Aug 02 01:52:56 zfsnvme-target systemd-logind[964]: Session 141 logged out. Waiting for processes to exit.
Aug 02 01:52:56 zfsnvme-target systemd-logind[964]: Removed session 141.
Aug 02 01:53:02 zfsnvme-target sshd[8127]: Accepted publickey for root from 192.168.34.243 port 42920 ssh2: ED25519 SHA256:RF36ieZjtMwQOHFoCZCKqX0qzGV25rTZHElR+Xnu3/g
Aug 02 01:53:02 zfsnvme-target sshd[8127]: pam_unix(sshd:session): session opened for user root(uid=0) by root(uid=0)
Aug 02 01:53:02 zfsnvme-target systemd-logind[964]: New session 142 of user root.
Aug 02 01:53:02 zfsnvme-target systemd[1]: Started session-142.scope - Session 142 of User root.
Aug 02 01:53:02 zfsnvme-target sshd[8127]: Received disconnect from 192.168.34.243 port 42920:11: disconnected by user
Aug 02 01:53:02 zfsnvme-target sshd[8127]: Disconnected from user root 192.168.34.243 port 42920
Aug 02 01:53:02 zfsnvme-target sshd[8127]: pam_unix(sshd:session): session closed for user root
Aug 02 01:53:02 zfsnvme-target systemd[1]: session-142.scope: Deactivated successfully.
Aug 02 01:53:02 zfsnvme-target systemd-logind[964]: Session 142 logged out. Waiting for processes to exit.
Aug 02 01:53:02 zfsnvme-target systemd-logind[964]: Removed session 142.
Aug 02 01:53:04 zfsnvme-target systemd[4162]: launchpadlib-cache-clean.service - Clean up old files in the Launchpadlib cache was skipped because of an unmet condition check (ConditionPathExists=/root/.launchpadlib/api.launchpad.net/cache).
Aug 02 01:53:06 zfsnvme-target sshd[8173]: Accepted publickey for root from 192.168.34.242 port 35200 ssh2: ED25519 SHA256:RF36ieZjtMwQOHFoCZCKqX0qzGV25rTZHElR+Xnu3/g
Aug 02 01:53:06 zfsnvme-target sshd[8173]: pam_unix(sshd:session): session opened for user root(uid=0) by root(uid=0)
Aug 02 01:53:06 zfsnvme-target systemd-logind[964]: New session 143 of user root.
Aug 02 01:53:06 zfsnvme-target systemd[1]: Started session-143.scope - Session 143 of User root.
Aug 02 01:53:06 zfsnvme-target sshd[8173]: Received disconnect from 192.168.34.242 port 35200:11: disconnected by user
Aug 02 01:53:06 zfsnvme-target sshd[8173]: Disconnected from user root 192.168.34.242 port 35200
Aug 02 01:53:06 zfsnvme-target sshd[8173]: pam_unix(sshd:session): session closed for user root
Aug 02 01:53:06 zfsnvme-target systemd[1]: session-143.scope: Deactivated successfully.
Aug 02 01:53:06 zfsnvme-target systemd-logind[964]: Session 143 logged out. Waiting for processes to exit.
Aug 02 01:53:06 zfsnvme-target systemd-logind[964]: Removed session 143.
Aug 02 01:53:12 zfsnvme-target sshd[8219]: Accepted publickey for root from 192.168.34.243 port 40112 ssh2: ED25519 SHA256:RF36ieZjtMwQOHFoCZCKqX0qzGV25rTZHElR+Xnu3/g
Aug 02 01:53:12 zfsnvme-target sshd[8219]: pam_unix(sshd:session): session opened for user root(uid=0) by root(uid=0)
Aug 02 01:53:12 zfsnvme-target systemd-logind[964]: New session 144 of user root.
Aug 02 01:53:12 zfsnvme-target systemd[1]: Started session-144.scope - Session 144 of User root.
Aug 02 01:53:13 zfsnvme-target sshd[8219]: Received disconnect from 192.168.34.243 port 40112:11: disconnected by user
Aug 02 01:53:13 zfsnvme-target sshd[8219]: Disconnected from user root 192.168.34.243 port 40112
Aug 02 01:53:13 zfsnvme-target sshd[8219]: pam_unix(sshd:session): session closed for user root
Aug 02 01:53:13 zfsnvme-target systemd[1]: session-144.scope: Deactivated successfully.
Aug 02 01:53:13 zfsnvme-target systemd-logind[964]: Session 144 logged out. Waiting for processes to exit.
Aug 02 01:53:13 zfsnvme-target systemd-logind[964]: Removed session 144.
Aug 02 01:53:16 zfsnvme-target sshd[8274]: Accepted publickey for root from 192.168.34.242 port 45264 ssh2: ED25519 SHA256:RF36ieZjtMwQOHFoCZCKqX0qzGV25rTZHElR+Xnu3/g
Aug 02 01:53:16 zfsnvme-target sshd[8274]: pam_unix(sshd:session): session opened for user root(uid=0) by root(uid=0)
Aug 02 01:53:16 zfsnvme-target systemd-logind[964]: New session 145 of user root.
Aug 02 01:53:16 zfsnvme-target systemd[1]: Started session-145.scope - Session 145 of User root.
Aug 02 01:53:16 zfsnvme-target sshd[8274]: Received disconnect from 192.168.34.242 port 45264:11: disconnected by user
Aug 02 01:53:16 zfsnvme-target sshd[8274]: Disconnected from user root 192.168.34.242 port 45264
Aug 02 01:53:16 zfsnvme-target sshd[8274]: pam_unix(sshd:session): session closed for user root
Aug 02 01:53:16 zfsnvme-target systemd[1]: session-145.scope: Deactivated successfully.
Aug 02 01:53:16 zfsnvme-target systemd-logind[964]: Session 145 logged out. Waiting for processes to exit.
Aug 02 01:53:16 zfsnvme-target systemd-logind[964]: Removed session 145.
Aug 02 01:53:22 zfsnvme-target sshd[8361]: Accepted publickey for root from 192.168.34.243 port 51636 ssh2: ED25519 SHA256:RF36ieZjtMwQOHFoCZCKqX0qzGV25rTZHElR+Xnu3/g
Aug 02 01:53:22 zfsnvme-target sshd[8361]: pam_unix(sshd:session): session opened for user root(uid=0) by root(uid=0)
Aug 02 01:53:22 zfsnvme-target systemd-logind[964]: New session 146 of user root.
Aug 02 01:53:22 zfsnvme-target systemd[1]: Started session-146.scope - Session 146 of User root.
Aug 02 01:53:22 zfsnvme-target sshd[8361]: Received disconnect from 192.168.34.243 port 51636:11: disconnected by user
Aug 02 01:53:22 zfsnvme-target sshd[8361]: Disconnected from user root 192.168.34.243 port 51636
Aug 02 01:53:22 zfsnvme-target sshd[8361]: pam_unix(sshd:session): session closed for user root
Aug 02 01:53:22 zfsnvme-target systemd[1]: session-146.scope: Deactivated successfully.
Aug 02 01:53:22 zfsnvme-target systemd-logind[964]: Session 146 logged out. Waiting for processes to exit.
Aug 02 01:53:22 zfsnvme-target systemd-logind[964]: Removed session 146.
Aug 02 01:53:27 zfsnvme-target sshd[8407]: Accepted publickey for root from 192.168.34.242 port 42028 ssh2: ED25519 SHA256:RF36ieZjtMwQOHFoCZCKqX0qzGV25rTZHElR+Xnu3/g
Aug 02 01:53:27 zfsnvme-target sshd[8407]: pam_unix(sshd:session): session opened for user root(uid=0) by root(uid=0)
Aug 02 01:53:27 zfsnvme-target systemd-logind[964]: New session 147 of user root.
Aug 02 01:53:27 zfsnvme-target systemd[1]: Started session-147.scope - Session 147 of User root.
Aug 02 01:53:27 zfsnvme-target sshd[8407]: Received disconnect from 192.168.34.242 port 42028:11: disconnected by user
Aug 02 01:53:27 zfsnvme-target sshd[8407]: Disconnected from user root 192.168.34.242 port 42028
Aug 02 01:53:27 zfsnvme-target sshd[8407]: pam_unix(sshd:session): session closed for user root
Aug 02 01:53:27 zfsnvme-target systemd[1]: session-147.scope: Deactivated successfully.
Aug 02 01:53:27 zfsnvme-target systemd-logind[964]: Session 147 logged out. Waiting for processes to exit.
Aug 02 01:53:27 zfsnvme-target systemd-logind[964]: Removed session 147.
Aug 02 01:53:32 zfsnvme-target sshd[8453]: Accepted publickey for root from 192.168.34.243 port 39298 ssh2: ED25519 SHA256:RF36ieZjtMwQOHFoCZCKqX0qzGV25rTZHElR+Xnu3/g
Aug 02 01:53:32 zfsnvme-target sshd[8453]: pam_unix(sshd:session): session opened for user root(uid=0) by root(uid=0)
Aug 02 01:53:32 zfsnvme-target systemd-logind[964]: New session 148 of user root.
Aug 02 01:53:32 zfsnvme-target systemd[1]: Started session-148.scope - Session 148 of User root.
Aug 02 01:53:33 zfsnvme-target sshd[8453]: Received disconnect from 192.168.34.243 port 39298:11: disconnected by user
Aug 02 01:53:33 zfsnvme-target sshd[8453]: Disconnected from user root 192.168.34.243 port 39298
Aug 02 01:53:33 zfsnvme-target sshd[8453]: pam_unix(sshd:session): session closed for user root
Aug 02 01:53:33 zfsnvme-target systemd[1]: session-148.scope: Deactivated successfully.
Aug 02 01:53:33 zfsnvme-target systemd-logind[964]: Session 148 logged out. Waiting for processes to exit.
Aug 02 01:53:33 zfsnvme-target systemd-logind[964]: Removed session 148.
Aug 02 01:53:36 zfsnvme-target sshd[8499]: Accepted publickey for root from 192.168.34.242 port 33742 ssh2: ED25519 SHA256:RF36ieZjtMwQOHFoCZCKqX0qzGV25rTZHElR+Xnu3/g
Aug 02 01:53:36 zfsnvme-target sshd[8499]: pam_unix(sshd:session): session opened for user root(uid=0) by root(uid=0)
Aug 02 01:53:36 zfsnvme-target systemd-logind[964]: New session 149 of user root.
Aug 02 01:53:36 zfsnvme-target systemd[1]: Started session-149.scope - Session 149 of User root.
Aug 02 01:53:36 zfsnvme-target sshd[8499]: Received disconnect from 192.168.34.242 port 33742:11: disconnected by user
Aug 02 01:53:36 zfsnvme-target sshd[8499]: Disconnected from user root 192.168.34.242 port 33742
Aug 02 01:53:36 zfsnvme-target sshd[8499]: pam_unix(sshd:session): session closed for user root
Aug 02 01:53:36 zfsnvme-target systemd[1]: session-149.scope: Deactivated successfully.
Aug 02 01:53:36 zfsnvme-target systemd-logind[964]: Session 149 logged out. Waiting for processes to exit.
Aug 02 01:53:36 zfsnvme-target systemd-logind[964]: Removed session 149.
Aug 02 01:53:42 zfsnvme-target sshd[8545]: Accepted publickey for root from 192.168.34.243 port 42556 ssh2: ED25519 SHA256:RF36ieZjtMwQOHFoCZCKqX0qzGV25rTZHElR+Xnu3/g
Aug 02 01:53:42 zfsnvme-target sshd[8545]: pam_unix(sshd:session): session opened for user root(uid=0) by root(uid=0)
Aug 02 01:53:42 zfsnvme-target systemd-logind[964]: New session 150 of user root.
Aug 02 01:53:42 zfsnvme-target systemd[1]: Started session-150.scope - Session 150 of User root.
Aug 02 01:53:42 zfsnvme-target sshd[8545]: Received disconnect from 192.168.34.243 port 42556:11: disconnected by user
Aug 02 01:53:42 zfsnvme-target sshd[8545]: Disconnected from user root 192.168.34.243 port 42556
Aug 02 01:53:42 zfsnvme-target sshd[8545]: pam_unix(sshd:session): session closed for user root
Aug 02 01:53:42 zfsnvme-target systemd[1]: session-150.scope: Deactivated successfully.
Aug 02 01:53:42 zfsnvme-target systemd-logind[964]: Session 150 logged out. Waiting for processes to exit.
Aug 02 01:53:42 zfsnvme-target systemd-logind[964]: Removed session 150.
Aug 02 01:53:46 zfsnvme-target sshd[8591]: Accepted publickey for root from 192.168.34.242 port 40974 ssh2: ED25519 SHA256:RF36ieZjtMwQOHFoCZCKqX0qzGV25rTZHElR+Xnu3/g
Aug 02 01:53:46 zfsnvme-target sshd[8591]: pam_unix(sshd:session): session opened for user root(uid=0) by root(uid=0)
Aug 02 01:53:46 zfsnvme-target systemd-logind[964]: New session 151 of user root.
Aug 02 01:53:46 zfsnvme-target systemd[1]: Started session-151.scope - Session 151 of User root.
Aug 02 01:53:47 zfsnvme-target sshd[8591]: Received disconnect from 192.168.34.242 port 40974:11: disconnected by user
Aug 02 01:53:47 zfsnvme-target sshd[8591]: Disconnected from user root 192.168.34.242 port 40974
Aug 02 01:53:47 zfsnvme-target sshd[8591]: pam_unix(sshd:session): session closed for user root
Aug 02 01:53:47 zfsnvme-target systemd[1]: session-151.scope: Deactivated successfully.
Aug 02 01:53:47 zfsnvme-target systemd-logind[964]: Session 151 logged out. Waiting for processes to exit.
Aug 02 01:53:47 zfsnvme-target systemd-logind[964]: Removed session 151.
Aug 02 01:53:52 zfsnvme-target sshd[8637]: Accepted publickey for root from 192.168.34.243 port 46460 ssh2: ED25519 SHA256:RF36ieZjtMwQOHFoCZCKqX0qzGV25rTZHElR+Xnu3/g
Aug 02 01:53:52 zfsnvme-target sshd[8637]: pam_unix(sshd:session): session opened for user root(uid=0) by root(uid=0)
Aug 02 01:53:52 zfsnvme-target systemd-logind[964]: New session 152 of user root.
Aug 02 01:53:52 zfsnvme-target systemd[1]: Started session-152.scope - Session 152 of User root.
Aug 02 01:53:52 zfsnvme-target sshd[8637]: Received disconnect from 192.168.34.243 port 46460:11: disconnected by user
Aug 02 01:53:52 zfsnvme-target sshd[8637]: Disconnected from user root 192.168.34.243 port 46460
Aug 02 01:53:52 zfsnvme-target sshd[8637]: pam_unix(sshd:session): session closed for user root
Aug 02 01:53:52 zfsnvme-target systemd[1]: session-152.scope: Deactivated successfully.
Aug 02 01:53:52 zfsnvme-target systemd-logind[964]: Session 152 logged out. Waiting for processes to exit.
Aug 02 01:53:52 zfsnvme-target systemd-logind[964]: Removed session 152.
Aug 02 01:53:56 zfsnvme-target sshd[8683]: Accepted publickey for root from 192.168.34.242 port 44602 ssh2: ED25519 SHA256:RF36ieZjtMwQOHFoCZCKqX0qzGV25rTZHElR+Xnu3/g
Aug 02 01:53:56 zfsnvme-target sshd[8683]: pam_unix(sshd:session): session opened for user root(uid=0) by root(uid=0)
Aug 02 01:53:56 zfsnvme-target systemd-logind[964]: New session 153 of user root.
Aug 02 01:53:56 zfsnvme-target systemd[1]: Started session-153.scope - Session 153 of User root.
Aug 02 01:53:56 zfsnvme-target sshd[8683]: Received disconnect from 192.168.34.242 port 44602:11: disconnected by user
Aug 02 01:53:56 zfsnvme-target sshd[8683]: Disconnected from user root 192.168.34.242 port 44602
Aug 02 01:53:56 zfsnvme-target sshd[8683]: pam_unix(sshd:session): session closed for user root
Aug 02 01:53:56 zfsnvme-target systemd[1]: session-153.scope: Deactivated successfully.
Aug 02 01:53:56 zfsnvme-target systemd-logind[964]: Session 153 logged out. Waiting for processes to exit.
Aug 02 01:53:56 zfsnvme-target systemd-logind[964]: Removed session 153.
Aug 02 01:54:02 zfsnvme-target sshd[8729]: Accepted publickey for root from 192.168.34.243 port 49420 ssh2: ED25519 SHA256:RF36ieZjtMwQOHFoCZCKqX0qzGV25rTZHElR+Xnu3/g
Aug 02 01:54:02 zfsnvme-target sshd[8729]: pam_unix(sshd:session): session opened for user root(uid=0) by root(uid=0)
Aug 02 01:54:02 zfsnvme-target systemd-logind[964]: New session 154 of user root.
Aug 02 01:54:02 zfsnvme-target systemd[1]: Started session-154.scope - Session 154 of User root.
Aug 02 01:54:02 zfsnvme-target sshd[8729]: Received disconnect from 192.168.34.243 port 49420:11: disconnected by user
Aug 02 01:54:02 zfsnvme-target sshd[8729]: Disconnected from user root 192.168.34.243 port 49420
Aug 02 01:54:02 zfsnvme-target sshd[8729]: pam_unix(sshd:session): session closed for user root
Aug 02 01:54:02 zfsnvme-target systemd[1]: session-154.scope: Deactivated successfully.
Aug 02 01:54:02 zfsnvme-target systemd-logind[964]: Session 154 logged out. Waiting for processes to exit.
Aug 02 01:54:02 zfsnvme-target systemd-logind[964]: Removed session 154.
Aug 02 01:54:06 zfsnvme-target sshd[8775]: Accepted publickey for root from 192.168.34.242 port 49602 ssh2: ED25519 SHA256:RF36ieZjtMwQOHFoCZCKqX0qzGV25rTZHElR+Xnu3/g
Aug 02 01:54:06 zfsnvme-target sshd[8775]: pam_unix(sshd:session): session opened for user root(uid=0) by root(uid=0)
Aug 02 01:54:06 zfsnvme-target systemd-logind[964]: New session 155 of user root.
Aug 02 01:54:06 zfsnvme-target systemd[1]: Started session-155.scope - Session 155 of User root.
Aug 02 01:54:06 zfsnvme-target sshd[8775]: Received disconnect from 192.168.34.242 port 49602:11: disconnected by user
Aug 02 01:54:06 zfsnvme-target sshd[8775]: Disconnected from user root 192.168.34.242 port 49602
Aug 02 01:54:06 zfsnvme-target sshd[8775]: pam_unix(sshd:session): session closed for user root
Aug 02 01:54:06 zfsnvme-target systemd[1]: session-155.scope: Deactivated successfully.
Aug 02 01:54:06 zfsnvme-target systemd-logind[964]: Session 155 logged out. Waiting for processes to exit.
Aug 02 01:54:06 zfsnvme-target systemd-logind[964]: Removed session 155.
Aug 02 01:54:07 zfsnvme-target kernel: workqueue: nvmet_tcp_io_work [nvmet_tcp] hogged CPU for >10000us 256 times, consider switching to WQ_UNBOUND
Aug 02 01:54:12 zfsnvme-target sshd[8821]: Accepted publickey for root from 192.168.34.243 port 43860 ssh2: ED25519 SHA256:RF36ieZjtMwQOHFoCZCKqX0qzGV25rTZHElR+Xnu3/g
Aug 02 01:54:12 zfsnvme-target sshd[8821]: pam_unix(sshd:session): session opened for user root(uid=0) by root(uid=0)
Aug 02 01:54:12 zfsnvme-target systemd-logind[964]: New session 156 of user root.
Aug 02 01:54:12 zfsnvme-target systemd[1]: Started session-156.scope - Session 156 of User root.
Aug 02 01:54:13 zfsnvme-target sshd[8821]: Received disconnect from 192.168.34.243 port 43860:11: disconnected by user
Aug 02 01:54:13 zfsnvme-target sshd[8821]: Disconnected from user root 192.168.34.243 port 43860
Aug 02 01:54:13 zfsnvme-target sshd[8821]: pam_unix(sshd:session): session closed for user root
Aug 02 01:54:13 zfsnvme-target systemd[1]: session-156.scope: Deactivated successfully.
Aug 02 01:54:13 zfsnvme-target systemd-logind[964]: Session 156 logged out. Waiting for processes to exit.
Aug 02 01:54:13 zfsnvme-target systemd-logind[964]: Removed session 156.
Aug 02 01:54:16 zfsnvme-target sshd[8867]: Accepted publickey for root from 192.168.34.242 port 55578 ssh2: ED25519 SHA256:RF36ieZjtMwQOHFoCZCKqX0qzGV25rTZHElR+Xnu3/g
Aug 02 01:54:16 zfsnvme-target sshd[8867]: pam_unix(sshd:session): session opened for user root(uid=0) by root(uid=0)
Aug 02 01:54:16 zfsnvme-target systemd-logind[964]: New session 157 of user root.
Aug 02 01:54:16 zfsnvme-target systemd[1]: Started session-157.scope - Session 157 of User root.
Aug 02 01:54:16 zfsnvme-target sshd[8867]: Received disconnect from 192.168.34.242 port 55578:11: disconnected by user
Aug 02 01:54:16 zfsnvme-target sshd[8867]: Disconnected from user root 192.168.34.242 port 55578
Aug 02 01:54:16 zfsnvme-target sshd[8867]: pam_unix(sshd:session): session closed for user root
Aug 02 01:54:16 zfsnvme-target systemd[1]: session-157.scope: Deactivated successfully.
Aug 02 01:54:16 zfsnvme-target systemd-logind[964]: Session 157 logged out. Waiting for processes to exit.
Aug 02 01:54:16 zfsnvme-target systemd-logind[964]: Removed session 157.
Aug 02 01:54:22 zfsnvme-target sshd[8920]: Accepted publickey for root from 192.168.34.243 port 37644 ssh2: ED25519 SHA256:RF36ieZjtMwQOHFoCZCKqX0qzGV25rTZHElR+Xnu3/g
Aug 02 01:54:22 zfsnvme-target sshd[8920]: pam_unix(sshd:session): session opened for user root(uid=0) by root(uid=0)
Aug 02 01:54:22 zfsnvme-target systemd-logind[964]: New session 158 of user root.
Aug 02 01:54:22 zfsnvme-target systemd[1]: Started session-158.scope - Session 158 of User root.
Aug 02 01:54:22 zfsnvme-target sshd[8920]: Received disconnect from 192.168.34.243 port 37644:11: disconnected by user
Aug 02 01:54:22 zfsnvme-target sshd[8920]: Disconnected from user root 192.168.34.243 port 37644
Aug 02 01:54:22 zfsnvme-target sshd[8920]: pam_unix(sshd:session): session closed for user root
Aug 02 01:54:22 zfsnvme-target systemd[1]: session-158.scope: Deactivated successfully.
Aug 02 01:54:22 zfsnvme-target systemd-logind[964]: Session 158 logged out. Waiting for processes to exit.
Aug 02 01:54:22 zfsnvme-target systemd-logind[964]: Removed session 158.
Aug 02 01:54:27 zfsnvme-target sshd[8974]: Accepted publickey for root from 192.168.34.242 port 39166 ssh2: ED25519 SHA256:RF36ieZjtMwQOHFoCZCKqX0qzGV25rTZHElR+Xnu3/g
Aug 02 01:54:27 zfsnvme-target sshd[8974]: pam_unix(sshd:session): session opened for user root(uid=0) by root(uid=0)
Aug 02 01:54:27 zfsnvme-target systemd-logind[964]: New session 159 of user root.
Aug 02 01:54:27 zfsnvme-target systemd[1]: Started session-159.scope - Session 159 of User root.
Aug 02 01:54:27 zfsnvme-target sshd[8974]: Received disconnect from 192.168.34.242 port 39166:11: disconnected by user
Aug 02 01:54:27 zfsnvme-target sshd[8974]: Disconnected from user root 192.168.34.242 port 39166
Aug 02 01:54:27 zfsnvme-target sshd[8974]: pam_unix(sshd:session): session closed for user root
Aug 02 01:54:27 zfsnvme-target systemd[1]: session-159.scope: Deactivated successfully.
Aug 02 01:54:27 zfsnvme-target systemd-logind[964]: Session 159 logged out. Waiting for processes to exit.
Aug 02 01:54:27 zfsnvme-target systemd-logind[964]: Removed session 159.
Aug 02 01:54:32 zfsnvme-target sshd[9027]: Accepted publickey for root from 192.168.34.243 port 50300 ssh2: ED25519 SHA256:RF36ieZjtMwQOHFoCZCKqX0qzGV25rTZHElR+Xnu3/g
Aug 02 01:54:32 zfsnvme-target sshd[9027]: pam_unix(sshd:session): session opened for user root(uid=0) by root(uid=0)
Aug 02 01:54:32 zfsnvme-target systemd-logind[964]: New session 160 of user root.
Aug 02 01:54:32 zfsnvme-target systemd[1]: Started session-160.scope - Session 160 of User root.
Aug 02 01:54:32 zfsnvme-target sshd[9027]: Received disconnect from 192.168.34.243 port 50300:11: disconnected by user
Aug 02 01:54:32 zfsnvme-target sshd[9027]: Disconnected from user root 192.168.34.243 port 50300
Aug 02 01:54:32 zfsnvme-target sshd[9027]: pam_unix(sshd:session): session closed for user root
Aug 02 01:54:32 zfsnvme-target systemd[1]: session-160.scope: Deactivated successfully.
Aug 02 01:54:32 zfsnvme-target systemd-logind[964]: Session 160 logged out. Waiting for processes to exit.
Aug 02 01:54:32 zfsnvme-target systemd-logind[964]: Removed session 160.
Aug 02 01:54:36 zfsnvme-target sshd[9080]: Accepted publickey for root from 192.168.34.242 port 50656 ssh2: ED25519 SHA256:RF36ieZjtMwQOHFoCZCKqX0qzGV25rTZHElR+Xnu3/g
Aug 02 01:54:36 zfsnvme-target sshd[9080]: pam_unix(sshd:session): session opened for user root(uid=0) by root(uid=0)
Aug 02 01:54:36 zfsnvme-target systemd-logind[964]: New session 161 of user root.
Aug 02 01:54:36 zfsnvme-target systemd[1]: Started session-161.scope - Session 161 of User root.
Aug 02 01:54:36 zfsnvme-target sshd[9080]: Received disconnect from 192.168.34.242 port 50656:11: disconnected by user
Aug 02 01:54:36 zfsnvme-target sshd[9080]: Disconnected from user root 192.168.34.242 port 50656
Aug 02 01:54:36 zfsnvme-target sshd[9080]: pam_unix(sshd:session): session closed for user root
Aug 02 01:54:36 zfsnvme-target systemd-logind[964]: Session 161 logged out. Waiting for processes to exit.
Aug 02 01:54:36 zfsnvme-target systemd[1]: session-161.scope: Deactivated successfully.
Aug 02 01:54:36 zfsnvme-target systemd-logind[964]: Removed session 161.
Aug 02 01:54:42 zfsnvme-target sshd[9133]: Accepted publickey for root from 192.168.34.243 port 56466 ssh2: ED25519 SHA256:RF36ieZjtMwQOHFoCZCKqX0qzGV25rTZHElR+Xnu3/g
Aug 02 01:54:42 zfsnvme-target sshd[9133]: pam_unix(sshd:session): session opened for user root(uid=0) by root(uid=0)
Aug 02 01:54:42 zfsnvme-target systemd-logind[964]: New session 162 of user root.
Aug 02 01:54:42 zfsnvme-target systemd[1]: Started session-162.scope - Session 162 of User root.
Aug 02 01:54:43 zfsnvme-target sshd[9133]: Received disconnect from 192.168.34.243 port 56466:11: disconnected by user
Aug 02 01:54:43 zfsnvme-target sshd[9133]: Disconnected from user root 192.168.34.243 port 56466
Aug 02 01:54:43 zfsnvme-target sshd[9133]: pam_unix(sshd:session): session closed for user root
Aug 02 01:54:43 zfsnvme-target systemd-logind[964]: Session 162 logged out. Waiting for processes to exit.
Aug 02 01:54:43 zfsnvme-target systemd[1]: session-162.scope: Deactivated successfully.
Aug 02 01:54:43 zfsnvme-target systemd-logind[964]: Removed session 162.
Aug 02 01:54:46 zfsnvme-target sshd[9186]: Accepted publickey for root from 192.168.34.242 port 47264 ssh2: ED25519 SHA256:RF36ieZjtMwQOHFoCZCKqX0qzGV25rTZHElR+Xnu3/g
Aug 02 01:54:46 zfsnvme-target sshd[9186]: pam_unix(sshd:session): session opened for user root(uid=0) by root(uid=0)
Aug 02 01:54:46 zfsnvme-target systemd-logind[964]: New session 163 of user root.
Aug 02 01:54:46 zfsnvme-target systemd[1]: Started session-163.scope - Session 163 of User root.
Aug 02 01:54:46 zfsnvme-target sshd[9186]: Received disconnect from 192.168.34.242 port 47264:11: disconnected by user
Aug 02 01:54:46 zfsnvme-target sshd[9186]: Disconnected from user root 192.168.34.242 port 47264
Aug 02 01:54:46 zfsnvme-target sshd[9186]: pam_unix(sshd:session): session closed for user root
Aug 02 01:54:46 zfsnvme-target systemd[1]: session-163.scope: Deactivated successfully.
Aug 02 01:54:46 zfsnvme-target systemd-logind[964]: Session 163 logged out. Waiting for processes to exit.
Aug 02 01:54:46 zfsnvme-target systemd-logind[964]: Removed session 163.
Aug 02 01:54:52 zfsnvme-target sshd[9239]: Accepted publickey for root from 192.168.34.243 port 44004 ssh2: ED25519 SHA256:RF36ieZjtMwQOHFoCZCKqX0qzGV25rTZHElR+Xnu3/g
Aug 02 01:54:52 zfsnvme-target sshd[9239]: pam_unix(sshd:session): session opened for user root(uid=0) by root(uid=0)
Aug 02 01:54:52 zfsnvme-target systemd-logind[964]: New session 164 of user root.
Aug 02 01:54:52 zfsnvme-target systemd[1]: Started session-164.scope - Session 164 of User root.
Aug 02 01:54:52 zfsnvme-target sshd[9239]: Received disconnect from 192.168.34.243 port 44004:11: disconnected by user
Aug 02 01:54:52 zfsnvme-target sshd[9239]: Disconnected from user root 192.168.34.243 port 44004
Aug 02 01:54:52 zfsnvme-target sshd[9239]: pam_unix(sshd:session): session closed for user root
Aug 02 01:54:52 zfsnvme-target systemd[1]: session-164.scope: Deactivated successfully.
Aug 02 01:54:52 zfsnvme-target systemd-logind[964]: Session 164 logged out. Waiting for processes to exit.
Aug 02 01:54:52 zfsnvme-target systemd-logind[964]: Removed session 164.
Aug 02 01:54:56 zfsnvme-target sshd[9292]: Accepted publickey for root from 192.168.34.242 port 60372 ssh2: ED25519 SHA256:RF36ieZjtMwQOHFoCZCKqX0qzGV25rTZHElR+Xnu3/g
Aug 02 01:54:56 zfsnvme-target sshd[9292]: pam_unix(sshd:session): session opened for user root(uid=0) by root(uid=0)
Aug 02 01:54:56 zfsnvme-target systemd-logind[964]: New session 165 of user root.
Aug 02 01:54:56 zfsnvme-target systemd[1]: Started session-165.scope - Session 165 of User root.
Aug 02 01:54:57 zfsnvme-target sshd[9292]: Received disconnect from 192.168.34.242 port 60372:11: disconnected by user
Aug 02 01:54:57 zfsnvme-target sshd[9292]: Disconnected from user root 192.168.34.242 port 60372
Aug 02 01:54:57 zfsnvme-target sshd[9292]: pam_unix(sshd:session): session closed for user root
Aug 02 01:54:57 zfsnvme-target systemd[1]: session-165.scope: Deactivated successfully.
Aug 02 01:54:57 zfsnvme-target systemd-logind[964]: Session 165 logged out. Waiting for processes to exit.
Aug 02 01:54:57 zfsnvme-target systemd-logind[964]: Removed session 165.
Aug 02 01:55:01 zfsnvme-target CRON[9345]: pam_unix(cron:session): session opened for user root(uid=0) by root(uid=0)
Aug 02 01:55:01 zfsnvme-target CRON[9346]: (root) CMD (command -v debian-sa1 > /dev/null && debian-sa1 1 1)
Aug 02 01:55:01 zfsnvme-target CRON[9345]: pam_unix(cron:session): session closed for user root
Aug 02 01:55:02 zfsnvme-target sshd[9348]: Accepted publickey for root from 192.168.34.243 port 48216 ssh2: ED25519 SHA256:RF36ieZjtMwQOHFoCZCKqX0qzGV25rTZHElR+Xnu3/g
Aug 02 01:55:02 zfsnvme-target sshd[9348]: pam_unix(sshd:session): session opened for user root(uid=0) by root(uid=0)
Aug 02 01:55:02 zfsnvme-target systemd-logind[964]: New session 167 of user root.
Aug 02 01:55:02 zfsnvme-target systemd[1]: Started session-167.scope - Session 167 of User root.
Aug 02 01:55:02 zfsnvme-target sshd[9348]: Received disconnect from 192.168.34.243 port 48216:11: disconnected by user
Aug 02 01:55:02 zfsnvme-target sshd[9348]: Disconnected from user root 192.168.34.243 port 48216
Aug 02 01:55:02 zfsnvme-target sshd[9348]: pam_unix(sshd:session): session closed for user root
Aug 02 01:55:02 zfsnvme-target systemd[1]: session-167.scope: Deactivated successfully.
Aug 02 01:55:02 zfsnvme-target systemd-logind[964]: Session 167 logged out. Waiting for processes to exit.
Aug 02 01:55:02 zfsnvme-target systemd-logind[964]: Removed session 167.
Aug 02 01:55:06 zfsnvme-target sshd[9401]: Accepted publickey for root from 192.168.34.242 port 43288 ssh2: ED25519 SHA256:RF36ieZjtMwQOHFoCZCKqX0qzGV25rTZHElR+Xnu3/g
Aug 02 01:55:06 zfsnvme-target sshd[9401]: pam_unix(sshd:session): session opened for user root(uid=0) by root(uid=0)
Aug 02 01:55:06 zfsnvme-target systemd-logind[964]: New session 168 of user root.
Aug 02 01:55:06 zfsnvme-target systemd[1]: Started session-168.scope - Session 168 of User root.
Aug 02 01:55:06 zfsnvme-target sshd[9401]: Received disconnect from 192.168.34.242 port 43288:11: disconnected by user
Aug 02 01:55:06 zfsnvme-target sshd[9401]: Disconnected from user root 192.168.34.242 port 43288
Aug 02 01:55:06 zfsnvme-target sshd[9401]: pam_unix(sshd:session): session closed for user root
Aug 02 01:55:06 zfsnvme-target systemd[1]: session-168.scope: Deactivated successfully.
Aug 02 01:55:06 zfsnvme-target systemd-logind[964]: Session 168 logged out. Waiting for processes to exit.
Aug 02 01:55:06 zfsnvme-target systemd-logind[964]: Removed session 168.
Aug 02 01:55:12 zfsnvme-target sshd[9454]: Accepted publickey for root from 192.168.34.243 port 51352 ssh2: ED25519 SHA256:RF36ieZjtMwQOHFoCZCKqX0qzGV25rTZHElR+Xnu3/g
Aug 02 01:55:12 zfsnvme-target sshd[9454]: pam_unix(sshd:session): session opened for user root(uid=0) by root(uid=0)
Aug 02 01:55:12 zfsnvme-target systemd-logind[964]: New session 169 of user root.
Aug 02 01:55:12 zfsnvme-target systemd[1]: Started session-169.scope - Session 169 of User root.
Aug 02 01:55:12 zfsnvme-target sshd[9454]: Received disconnect from 192.168.34.243 port 51352:11: disconnected by user
Aug 02 01:55:12 zfsnvme-target sshd[9454]: Disconnected from user root 192.168.34.243 port 51352
Aug 02 01:55:12 zfsnvme-target sshd[9454]: pam_unix(sshd:session): session closed for user root
Aug 02 01:55:12 zfsnvme-target systemd[1]: session-169.scope: Deactivated successfully.
Aug 02 01:55:12 zfsnvme-target systemd-logind[964]: Session 169 logged out. Waiting for processes to exit.
Aug 02 01:55:12 zfsnvme-target systemd-logind[964]: Removed session 169.
Aug 02 01:55:14 zfsnvme-target sshd[9507]: Accepted publickey for root from 192.168.34.243 port 51356 ssh2: ED25519 SHA256:RF36ieZjtMwQOHFoCZCKqX0qzGV25rTZHElR+Xnu3/g
Aug 02 01:55:14 zfsnvme-target sshd[9507]: pam_unix(sshd:session): session opened for user root(uid=0) by root(uid=0)
Aug 02 01:55:14 zfsnvme-target systemd-logind[964]: New session 170 of user root.
Aug 02 01:55:14 zfsnvme-target systemd[1]: Started session-170.scope - Session 170 of User root.
Aug 02 01:55:14 zfsnvme-target sshd[9507]: Received disconnect from 192.168.34.243 port 51356:11: disconnected by user
Aug 02 01:55:14 zfsnvme-target sshd[9507]: Disconnected from user root 192.168.34.243 port 51356
Aug 02 01:55:14 zfsnvme-target sshd[9507]: pam_unix(sshd:session): session closed for user root
Aug 02 01:55:14 zfsnvme-target systemd-logind[964]: Session 170 logged out. Waiting for processes to exit.
Aug 02 01:55:14 zfsnvme-target systemd[1]: session-170.scope: Deactivated successfully.
Aug 02 01:55:14 zfsnvme-target systemd-logind[964]: Removed session 170.
Aug 02 01:55:16 zfsnvme-target sshd[9560]: Accepted publickey for root from 192.168.34.242 port 37252 ssh2: ED25519 SHA256:RF36ieZjtMwQOHFoCZCKqX0qzGV25rTZHElR+Xnu3/g
Aug 02 01:55:16 zfsnvme-target sshd[9560]: pam_unix(sshd:session): session opened for user root(uid=0) by root(uid=0)
Aug 02 01:55:16 zfsnvme-target systemd-logind[964]: New session 171 of user root.
Aug 02 01:55:16 zfsnvme-target systemd[1]: Started session-171.scope - Session 171 of User root.
Aug 02 01:55:16 zfsnvme-target sshd[9560]: Received disconnect from 192.168.34.242 port 37252:11: disconnected by user
Aug 02 01:55:16 zfsnvme-target sshd[9560]: Disconnected from user root 192.168.34.242 port 37252
Aug 02 01:55:16 zfsnvme-target sshd[9560]: pam_unix(sshd:session): session closed for user root
Aug 02 01:55:16 zfsnvme-target systemd[1]: session-171.scope: Deactivated successfully.
Aug 02 01:55:16 zfsnvme-target systemd-logind[964]: Session 171 logged out. Waiting for processes to exit.
Aug 02 01:55:16 zfsnvme-target systemd-logind[964]: Removed session 171.
Aug 02 01:55:22 zfsnvme-target sshd[9613]: Accepted publickey for root from 192.168.34.243 port 58088 ssh2: ED25519 SHA256:RF36ieZjtMwQOHFoCZCKqX0qzGV25rTZHElR+Xnu3/g
Aug 02 01:55:22 zfsnvme-target sshd[9613]: pam_unix(sshd:session): session opened for user root(uid=0) by root(uid=0)
Aug 02 01:55:22 zfsnvme-target systemd-logind[964]: New session 172 of user root.
Aug 02 01:55:22 zfsnvme-target systemd[1]: Started session-172.scope - Session 172 of User root.
Aug 02 01:55:23 zfsnvme-target sshd[9613]: Received disconnect from 192.168.34.243 port 58088:11: disconnected by user
Aug 02 01:55:23 zfsnvme-target sshd[9613]: Disconnected from user root 192.168.34.243 port 58088
Aug 02 01:55:23 zfsnvme-target sshd[9613]: pam_unix(sshd:session): session closed for user root
Aug 02 01:55:23 zfsnvme-target systemd[1]: session-172.scope: Deactivated successfully.
Aug 02 01:55:23 zfsnvme-target systemd-logind[964]: Session 172 logged out. Waiting for processes to exit.
Aug 02 01:55:23 zfsnvme-target systemd-logind[964]: Removed session 172.
Aug 02 01:55:26 zfsnvme-target sshd[9667]: Accepted publickey for root from 192.168.34.242 port 42238 ssh2: ED25519 SHA256:RF36ieZjtMwQOHFoCZCKqX0qzGV25rTZHElR+Xnu3/g
Aug 02 01:55:26 zfsnvme-target sshd[9667]: pam_unix(sshd:session): session opened for user root(uid=0) by root(uid=0)
Aug 02 01:55:26 zfsnvme-target systemd-logind[964]: New session 173 of user root.
Aug 02 01:55:26 zfsnvme-target systemd[1]: Started session-173.scope - Session 173 of User root.
Aug 02 01:55:27 zfsnvme-target sshd[9667]: Received disconnect from 192.168.34.242 port 42238:11: disconnected by user
Aug 02 01:55:27 zfsnvme-target sshd[9667]: Disconnected from user root 192.168.34.242 port 42238
Aug 02 01:55:27 zfsnvme-target sshd[9667]: pam_unix(sshd:session): session closed for user root
Aug 02 01:55:27 zfsnvme-target systemd[1]: session-173.scope: Deactivated successfully.
Aug 02 01:55:27 zfsnvme-target systemd-logind[964]: Session 173 logged out. Waiting for processes to exit.
Aug 02 01:55:27 zfsnvme-target systemd-logind[964]: Removed session 173.
Aug 02 01:55:32 zfsnvme-target sshd[9720]: Accepted publickey for root from 192.168.34.243 port 58182 ssh2: ED25519 SHA256:RF36ieZjtMwQOHFoCZCKqX0qzGV25rTZHElR+Xnu3/g
Aug 02 01:55:32 zfsnvme-target sshd[9720]: pam_unix(sshd:session): session opened for user root(uid=0) by root(uid=0)
Aug 02 01:55:32 zfsnvme-target systemd-logind[964]: New session 174 of user root.
Aug 02 01:55:32 zfsnvme-target systemd[1]: Started session-174.scope - Session 174 of User root.
Aug 02 01:55:32 zfsnvme-target sshd[9720]: Received disconnect from 192.168.34.243 port 58182:11: disconnected by user
Aug 02 01:55:32 zfsnvme-target sshd[9720]: Disconnected from user root 192.168.34.243 port 58182
Aug 02 01:55:32 zfsnvme-target sshd[9720]: pam_unix(sshd:session): session closed for user root
Aug 02 01:55:32 zfsnvme-target systemd[1]: session-174.scope: Deactivated successfully.
Aug 02 01:55:32 zfsnvme-target systemd-logind[964]: Session 174 logged out. Waiting for processes to exit.
Aug 02 01:55:32 zfsnvme-target systemd-logind[964]: Removed session 174.
Aug 02 01:55:36 zfsnvme-target sshd[9773]: Accepted publickey for root from 192.168.34.242 port 60408 ssh2: ED25519 SHA256:RF36ieZjtMwQOHFoCZCKqX0qzGV25rTZHElR+Xnu3/g
Aug 02 01:55:36 zfsnvme-target sshd[9773]: pam_unix(sshd:session): session opened for user root(uid=0) by root(uid=0)
Aug 02 01:55:36 zfsnvme-target systemd-logind[964]: New session 175 of user root.
Aug 02 01:55:36 zfsnvme-target systemd[1]: Started session-175.scope - Session 175 of User root.
Aug 02 01:55:36 zfsnvme-target sshd[9773]: Received disconnect from 192.168.34.242 port 60408:11: disconnected by user
Aug 02 01:55:36 zfsnvme-target sshd[9773]: Disconnected from user root 192.168.34.242 port 60408
Aug 02 01:55:36 zfsnvme-target sshd[9773]: pam_unix(sshd:session): session closed for user root
Aug 02 01:55:36 zfsnvme-target systemd[1]: session-175.scope: Deactivated successfully.
Aug 02 01:55:36 zfsnvme-target systemd-logind[964]: Session 175 logged out. Waiting for processes to exit.
Aug 02 01:55:36 zfsnvme-target systemd-logind[964]: Removed session 175.
Aug 02 01:55:42 zfsnvme-target sshd[9826]: Accepted publickey for root from 192.168.34.243 port 34926 ssh2: ED25519 SHA256:RF36ieZjtMwQOHFoCZCKqX0qzGV25rTZHElR+Xnu3/g
Aug 02 01:55:42 zfsnvme-target sshd[9826]: pam_unix(sshd:session): session opened for user root(uid=0) by root(uid=0)
Aug 02 01:55:42 zfsnvme-target systemd-logind[964]: New session 176 of user root.
Aug 02 01:55:42 zfsnvme-target systemd[1]: Started session-176.scope - Session 176 of User root.
Aug 02 01:55:42 zfsnvme-target sshd[9826]: Received disconnect from 192.168.34.243 port 34926:11: disconnected by user
Aug 02 01:55:42 zfsnvme-target sshd[9826]: Disconnected from user root 192.168.34.243 port 34926
Aug 02 01:55:42 zfsnvme-target sshd[9826]: pam_unix(sshd:session): session closed for user root
Aug 02 01:55:42 zfsnvme-target systemd[1]: session-176.scope: Deactivated successfully.
Aug 02 01:55:42 zfsnvme-target systemd-logind[964]: Session 176 logged out. Waiting for processes to exit.
Aug 02 01:55:42 zfsnvme-target systemd-logind[964]: Removed session 176.
Aug 02 01:55:46 zfsnvme-target sshd[9879]: Accepted publickey for root from 192.168.34.242 port 49606 ssh2: ED25519 SHA256:RF36ieZjtMwQOHFoCZCKqX0qzGV25rTZHElR+Xnu3/g
Aug 02 01:55:46 zfsnvme-target sshd[9879]: pam_unix(sshd:session): session opened for user root(uid=0) by root(uid=0)
Aug 02 01:55:46 zfsnvme-target systemd-logind[964]: New session 177 of user root.
Aug 02 01:55:46 zfsnvme-target systemd[1]: Started session-177.scope - Session 177 of User root.
Aug 02 01:55:46 zfsnvme-target sshd[9879]: Received disconnect from 192.168.34.242 port 49606:11: disconnected by user
Aug 02 01:55:46 zfsnvme-target sshd[9879]: Disconnected from user root 192.168.34.242 port 49606
Aug 02 01:55:46 zfsnvme-target sshd[9879]: pam_unix(sshd:session): session closed for user root
Aug 02 01:55:46 zfsnvme-target systemd[1]: session-177.scope: Deactivated successfully.
Aug 02 01:55:46 zfsnvme-target systemd-logind[964]: Session 177 logged out. Waiting for processes to exit.
Aug 02 01:55:46 zfsnvme-target systemd-logind[964]: Removed session 177.
Aug 02 01:55:52 zfsnvme-target sshd[9932]: Accepted publickey for root from 192.168.34.243 port 49374 ssh2: ED25519 SHA256:RF36ieZjtMwQOHFoCZCKqX0qzGV25rTZHElR+Xnu3/g
Aug 02 01:55:52 zfsnvme-target sshd[9932]: pam_unix(sshd:session): session opened for user root(uid=0) by root(uid=0)
Aug 02 01:55:52 zfsnvme-target systemd-logind[964]: New session 178 of user root.
Aug 02 01:55:52 zfsnvme-target systemd[1]: Started session-178.scope - Session 178 of User root.
Aug 02 01:55:52 zfsnvme-target sshd[9932]: Received disconnect from 192.168.34.243 port 49374:11: disconnected by user
Aug 02 01:55:52 zfsnvme-target sshd[9932]: Disconnected from user root 192.168.34.243 port 49374
Aug 02 01:55:52 zfsnvme-target sshd[9932]: pam_unix(sshd:session): session closed for user root
Aug 02 01:55:52 zfsnvme-target systemd[1]: session-178.scope: Deactivated successfully.
Aug 02 01:55:52 zfsnvme-target systemd-logind[964]: Session 178 logged out. Waiting for processes to exit.
Aug 02 01:55:52 zfsnvme-target systemd-logind[964]: Removed session 178.
Aug 02 01:55:55 zfsnvme-target kernel: workqueue: nvmet_tcp_io_work [nvmet_tcp] hogged CPU for >10000us 512 times, consider switching to WQ_UNBOUND
Aug 02 01:55:56 zfsnvme-target sshd[9985]: Accepted publickey for root from 192.168.34.242 port 59220 ssh2: ED25519 SHA256:RF36ieZjtMwQOHFoCZCKqX0qzGV25rTZHElR+Xnu3/g
Aug 02 01:55:56 zfsnvme-target sshd[9985]: pam_unix(sshd:session): session opened for user root(uid=0) by root(uid=0)
Aug 02 01:55:56 zfsnvme-target systemd-logind[964]: New session 179 of user root.
Aug 02 01:55:56 zfsnvme-target systemd[1]: Started session-179.scope - Session 179 of User root.
Aug 02 01:55:57 zfsnvme-target sshd[9985]: Received disconnect from 192.168.34.242 port 59220:11: disconnected by user
Aug 02 01:55:57 zfsnvme-target sshd[9985]: Disconnected from user root 192.168.34.242 port 59220
Aug 02 01:55:57 zfsnvme-target sshd[9985]: pam_unix(sshd:session): session closed for user root
Aug 02 01:55:57 zfsnvme-target systemd[1]: session-179.scope: Deactivated successfully.
Aug 02 01:55:57 zfsnvme-target systemd-logind[964]: Session 179 logged out. Waiting for processes to exit.
Aug 02 01:55:57 zfsnvme-target systemd-logind[964]: Removed session 179.
Aug 02 01:56:03 zfsnvme-target sshd[10039]: Accepted publickey for root from 192.168.34.243 port 43702 ssh2: ED25519 SHA256:RF36ieZjtMwQOHFoCZCKqX0qzGV25rTZHElR+Xnu3/g
Aug 02 01:56:03 zfsnvme-target sshd[10039]: pam_unix(sshd:session): session opened for user root(uid=0) by root(uid=0)
Aug 02 01:56:03 zfsnvme-target systemd-logind[964]: New session 180 of user root.
Aug 02 01:56:03 zfsnvme-target systemd[1]: Started session-180.scope - Session 180 of User root.
Aug 02 01:56:03 zfsnvme-target sshd[10039]: Received disconnect from 192.168.34.243 port 43702:11: disconnected by user
Aug 02 01:56:03 zfsnvme-target sshd[10039]: Disconnected from user root 192.168.34.243 port 43702
Aug 02 01:56:03 zfsnvme-target sshd[10039]: pam_unix(sshd:session): session closed for user root
Aug 02 01:56:03 zfsnvme-target systemd[1]: session-180.scope: Deactivated successfully.
Aug 02 01:56:03 zfsnvme-target systemd-logind[964]: Session 180 logged out. Waiting for processes to exit.
Aug 02 01:56:03 zfsnvme-target systemd-logind[964]: Removed session 180.
Aug 02 01:56:06 zfsnvme-target sshd[10092]: Accepted publickey for root from 192.168.34.242 port 49650 ssh2: ED25519 SHA256:RF36ieZjtMwQOHFoCZCKqX0qzGV25rTZHElR+Xnu3/g
Aug 02 01:56:06 zfsnvme-target sshd[10092]: pam_unix(sshd:session): session opened for user root(uid=0) by root(uid=0)
Aug 02 01:56:06 zfsnvme-target systemd-logind[964]: New session 181 of user root.
Aug 02 01:56:06 zfsnvme-target systemd[1]: Started session-181.scope - Session 181 of User root.
Aug 02 01:56:06 zfsnvme-target sshd[10092]: Received disconnect from 192.168.34.242 port 49650:11: disconnected by user
Aug 02 01:56:06 zfsnvme-target sshd[10092]: Disconnected from user root 192.168.34.242 port 49650
Aug 02 01:56:06 zfsnvme-target sshd[10092]: pam_unix(sshd:session): session closed for user root
Aug 02 01:56:06 zfsnvme-target systemd[1]: session-181.scope: Deactivated successfully.
Aug 02 01:56:06 zfsnvme-target systemd-logind[964]: Session 181 logged out. Waiting for processes to exit.
Aug 02 01:56:06 zfsnvme-target systemd-logind[964]: Removed session 181.
Aug 02 01:56:12 zfsnvme-target sshd[10145]: Accepted publickey for root from 192.168.34.243 port 48992 ssh2: ED25519 SHA256:RF36ieZjtMwQOHFoCZCKqX0qzGV25rTZHElR+Xnu3/g
Aug 02 01:56:12 zfsnvme-target sshd[10145]: pam_unix(sshd:session): session opened for user root(uid=0) by root(uid=0)
Aug 02 01:56:12 zfsnvme-target systemd-logind[964]: New session 182 of user root.
Aug 02 01:56:12 zfsnvme-target systemd[1]: Started session-182.scope - Session 182 of User root.
Aug 02 01:56:12 zfsnvme-target sshd[10145]: Received disconnect from 192.168.34.243 port 48992:11: disconnected by user
Aug 02 01:56:12 zfsnvme-target sshd[10145]: Disconnected from user root 192.168.34.243 port 48992
Aug 02 01:56:12 zfsnvme-target sshd[10145]: pam_unix(sshd:session): session closed for user root
Aug 02 01:56:12 zfsnvme-target systemd[1]: session-182.scope: Deactivated successfully.
Aug 02 01:56:12 zfsnvme-target systemd-logind[964]: Session 182 logged out. Waiting for processes to exit.
Aug 02 01:56:12 zfsnvme-target systemd-logind[964]: Removed session 182.
Aug 02 01:56:16 zfsnvme-target sshd[10198]: Accepted publickey for root from 192.168.34.242 port 38058 ssh2: ED25519 SHA256:RF36ieZjtMwQOHFoCZCKqX0qzGV25rTZHElR+Xnu3/g
Aug 02 01:56:16 zfsnvme-target sshd[10198]: pam_unix(sshd:session): session opened for user root(uid=0) by root(uid=0)
Aug 02 01:56:16 zfsnvme-target systemd-logind[964]: New session 183 of user root.
Aug 02 01:56:16 zfsnvme-target systemd[1]: Started session-183.scope - Session 183 of User root.
Aug 02 01:56:16 zfsnvme-target sshd[10198]: Received disconnect from 192.168.34.242 port 38058:11: disconnected by user
Aug 02 01:56:16 zfsnvme-target sshd[10198]: Disconnected from user root 192.168.34.242 port 38058
Aug 02 01:56:16 zfsnvme-target sshd[10198]: pam_unix(sshd:session): session closed for user root
Aug 02 01:56:16 zfsnvme-target systemd[1]: session-183.scope: Deactivated successfully.
Aug 02 01:56:16 zfsnvme-target systemd-logind[964]: Session 183 logged out. Waiting for processes to exit.
Aug 02 01:56:16 zfsnvme-target systemd-logind[964]: Removed session 183.
Aug 02 01:56:22 zfsnvme-target sshd[10251]: Accepted publickey for root from 192.168.34.243 port 49946 ssh2: ED25519 SHA256:RF36ieZjtMwQOHFoCZCKqX0qzGV25rTZHElR+Xnu3/g
Aug 02 01:56:22 zfsnvme-target sshd[10251]: pam_unix(sshd:session): session opened for user root(uid=0) by root(uid=0)
Aug 02 01:56:22 zfsnvme-target systemd-logind[964]: New session 184 of user root.
Aug 02 01:56:22 zfsnvme-target systemd[1]: Started session-184.scope - Session 184 of User root.
Aug 02 01:56:22 zfsnvme-target sshd[10251]: Received disconnect from 192.168.34.243 port 49946:11: disconnected by user
Aug 02 01:56:22 zfsnvme-target sshd[10251]: Disconnected from user root 192.168.34.243 port 49946
Aug 02 01:56:22 zfsnvme-target sshd[10251]: pam_unix(sshd:session): session closed for user root
Aug 02 01:56:22 zfsnvme-target systemd[1]: session-184.scope: Deactivated successfully.
Aug 02 01:56:22 zfsnvme-target systemd-logind[964]: Session 184 logged out. Waiting for processes to exit.
Aug 02 01:56:22 zfsnvme-target systemd-logind[964]: Removed session 184.
Aug 02 01:56:26 zfsnvme-target sshd[10304]: Accepted publickey for root from 192.168.34.242 port 34508 ssh2: ED25519 SHA256:RF36ieZjtMwQOHFoCZCKqX0qzGV25rTZHElR+Xnu3/g
Aug 02 01:56:26 zfsnvme-target sshd[10304]: pam_unix(sshd:session): session opened for user root(uid=0) by root(uid=0)
Aug 02 01:56:26 zfsnvme-target systemd-logind[964]: New session 185 of user root.
Aug 02 01:56:26 zfsnvme-target systemd[1]: Started session-185.scope - Session 185 of User root.
Aug 02 01:56:26 zfsnvme-target sshd[10304]: Received disconnect from 192.168.34.242 port 34508:11: disconnected by user
Aug 02 01:56:26 zfsnvme-target sshd[10304]: Disconnected from user root 192.168.34.242 port 34508
Aug 02 01:56:26 zfsnvme-target sshd[10304]: pam_unix(sshd:session): session closed for user root
Aug 02 01:56:27 zfsnvme-target systemd[1]: session-185.scope: Deactivated successfully.
Aug 02 01:56:27 zfsnvme-target systemd-logind[964]: Session 185 logged out. Waiting for processes to exit.
Aug 02 01:56:27 zfsnvme-target systemd-logind[964]: Removed session 185.
Aug 02 01:56:32 zfsnvme-target sshd[10357]: Accepted publickey for root from 192.168.34.243 port 39576 ssh2: ED25519 SHA256:RF36ieZjtMwQOHFoCZCKqX0qzGV25rTZHElR+Xnu3/g
Aug 02 01:56:32 zfsnvme-target sshd[10357]: pam_unix(sshd:session): session opened for user root(uid=0) by root(uid=0)
Aug 02 01:56:32 zfsnvme-target systemd-logind[964]: New session 186 of user root.
Aug 02 01:56:32 zfsnvme-target systemd[1]: Started session-186.scope - Session 186 of User root.
Aug 02 01:56:32 zfsnvme-target sshd[10357]: Received disconnect from 192.168.34.243 port 39576:11: disconnected by user
Aug 02 01:56:32 zfsnvme-target sshd[10357]: Disconnected from user root 192.168.34.243 port 39576
Aug 02 01:56:32 zfsnvme-target sshd[10357]: pam_unix(sshd:session): session closed for user root
Aug 02 01:56:32 zfsnvme-target systemd[1]: session-186.scope: Deactivated successfully.
Aug 02 01:56:32 zfsnvme-target systemd-logind[964]: Session 186 logged out. Waiting for processes to exit.
Aug 02 01:56:32 zfsnvme-target systemd-logind[964]: Removed session 186.
Aug 02 01:56:36 zfsnvme-target sshd[10410]: Accepted publickey for root from 192.168.34.242 port 42074 ssh2: ED25519 SHA256:RF36ieZjtMwQOHFoCZCKqX0qzGV25rTZHElR+Xnu3/g
Aug 02 01:56:36 zfsnvme-target sshd[10410]: pam_unix(sshd:session): session opened for user root(uid=0) by root(uid=0)
Aug 02 01:56:36 zfsnvme-target systemd-logind[964]: New session 187 of user root.
Aug 02 01:56:36 zfsnvme-target systemd[1]: Started session-187.scope - Session 187 of User root.
Aug 02 01:56:36 zfsnvme-target sshd[10410]: Received disconnect from 192.168.34.242 port 42074:11: disconnected by user
Aug 02 01:56:36 zfsnvme-target sshd[10410]: Disconnected from user root 192.168.34.242 port 42074
Aug 02 01:56:36 zfsnvme-target sshd[10410]: pam_unix(sshd:session): session closed for user root
Aug 02 01:56:36 zfsnvme-target systemd-logind[964]: Session 187 logged out. Waiting for processes to exit.
Aug 02 01:56:36 zfsnvme-target systemd[1]: session-187.scope: Deactivated successfully.
Aug 02 01:56:36 zfsnvme-target systemd-logind[964]: Removed session 187.
Aug 02 01:56:43 zfsnvme-target sshd[10463]: Accepted publickey for root from 192.168.34.243 port 34114 ssh2: ED25519 SHA256:RF36ieZjtMwQOHFoCZCKqX0qzGV25rTZHElR+Xnu3/g
Aug 02 01:56:43 zfsnvme-target sshd[10463]: pam_unix(sshd:session): session opened for user root(uid=0) by root(uid=0)
Aug 02 01:56:43 zfsnvme-target systemd-logind[964]: New session 188 of user root.
Aug 02 01:56:43 zfsnvme-target systemd[1]: Started session-188.scope - Session 188 of User root.
Aug 02 01:56:43 zfsnvme-target sshd[10463]: Received disconnect from 192.168.34.243 port 34114:11: disconnected by user
Aug 02 01:56:43 zfsnvme-target sshd[10463]: Disconnected from user root 192.168.34.243 port 34114
Aug 02 01:56:43 zfsnvme-target sshd[10463]: pam_unix(sshd:session): session closed for user root
Aug 02 01:56:43 zfsnvme-target systemd[1]: session-188.scope: Deactivated successfully.
Aug 02 01:56:43 zfsnvme-target systemd-logind[964]: Session 188 logged out. Waiting for processes to exit.
Aug 02 01:56:43 zfsnvme-target systemd-logind[964]: Removed session 188.
Aug 02 01:56:46 zfsnvme-target sshd[10516]: Accepted publickey for root from 192.168.34.242 port 48628 ssh2: ED25519 SHA256:RF36ieZjtMwQOHFoCZCKqX0qzGV25rTZHElR+Xnu3/g
Aug 02 01:56:46 zfsnvme-target sshd[10516]: pam_unix(sshd:session): session opened for user root(uid=0) by root(uid=0)
Aug 02 01:56:46 zfsnvme-target systemd-logind[964]: New session 189 of user root.
Aug 02 01:56:46 zfsnvme-target systemd[1]: Started session-189.scope - Session 189 of User root.
Aug 02 01:56:46 zfsnvme-target sshd[10516]: Received disconnect from 192.168.34.242 port 48628:11: disconnected by user
Aug 02 01:56:46 zfsnvme-target sshd[10516]: Disconnected from user root 192.168.34.242 port 48628
Aug 02 01:56:46 zfsnvme-target sshd[10516]: pam_unix(sshd:session): session closed for user root
Aug 02 01:56:46 zfsnvme-target systemd[1]: session-189.scope: Deactivated successfully.
Aug 02 01:56:46 zfsnvme-target systemd-logind[964]: Session 189 logged out. Waiting for processes to exit.
Aug 02 01:56:46 zfsnvme-target systemd-logind[964]: Removed session 189.
Aug 02 01:56:52 zfsnvme-target sshd[10569]: Accepted publickey for root from 192.168.34.243 port 60154 ssh2: ED25519 SHA256:RF36ieZjtMwQOHFoCZCKqX0qzGV25rTZHElR+Xnu3/g
Aug 02 01:56:52 zfsnvme-target sshd[10569]: pam_unix(sshd:session): session opened for user root(uid=0) by root(uid=0)
Aug 02 01:56:52 zfsnvme-target systemd-logind[964]: New session 190 of user root.
Aug 02 01:56:52 zfsnvme-target systemd[1]: Started session-190.scope - Session 190 of User root.
Aug 02 01:56:52 zfsnvme-target sshd[10569]: Received disconnect from 192.168.34.243 port 60154:11: disconnected by user
Aug 02 01:56:52 zfsnvme-target sshd[10569]: Disconnected from user root 192.168.34.243 port 60154
Aug 02 01:56:52 zfsnvme-target sshd[10569]: pam_unix(sshd:session): session closed for user root
Aug 02 01:56:52 zfsnvme-target systemd[1]: session-190.scope: Deactivated successfully.
Aug 02 01:56:52 zfsnvme-target systemd-logind[964]: Session 190 logged out. Waiting for processes to exit.
Aug 02 01:56:52 zfsnvme-target systemd-logind[964]: Removed session 190.
Aug 02 01:56:56 zfsnvme-target sshd[10622]: Accepted publickey for root from 192.168.34.242 port 50740 ssh2: ED25519 SHA256:RF36ieZjtMwQOHFoCZCKqX0qzGV25rTZHElR+Xnu3/g
Aug 02 01:56:56 zfsnvme-target sshd[10622]: pam_unix(sshd:session): session opened for user root(uid=0) by root(uid=0)
Aug 02 01:56:56 zfsnvme-target systemd-logind[964]: New session 191 of user root.
Aug 02 01:56:56 zfsnvme-target systemd[1]: Started session-191.scope - Session 191 of User root.
Aug 02 01:56:56 zfsnvme-target sshd[10622]: Received disconnect from 192.168.34.242 port 50740:11: disconnected by user
Aug 02 01:56:56 zfsnvme-target sshd[10622]: Disconnected from user root 192.168.34.242 port 50740
Aug 02 01:56:56 zfsnvme-target sshd[10622]: pam_unix(sshd:session): session closed for user root
Aug 02 01:56:56 zfsnvme-target systemd[1]: session-191.scope: Deactivated successfully.
Aug 02 01:56:56 zfsnvme-target systemd-logind[964]: Session 191 logged out. Waiting for processes to exit.
Aug 02 01:56:56 zfsnvme-target systemd-logind[964]: Removed session 191.
Aug 02 01:57:02 zfsnvme-target sshd[10675]: Accepted publickey for root from 192.168.34.243 port 47930 ssh2: ED25519 SHA256:RF36ieZjtMwQOHFoCZCKqX0qzGV25rTZHElR+Xnu3/g
Aug 02 01:57:02 zfsnvme-target sshd[10675]: pam_unix(sshd:session): session opened for user root(uid=0) by root(uid=0)
Aug 02 01:57:02 zfsnvme-target systemd-logind[964]: New session 192 of user root.
Aug 02 01:57:02 zfsnvme-target systemd[1]: Started session-192.scope - Session 192 of User root.
Aug 02 01:57:03 zfsnvme-target sshd[10675]: Received disconnect from 192.168.34.243 port 47930:11: disconnected by user
Aug 02 01:57:03 zfsnvme-target sshd[10675]: Disconnected from user root 192.168.34.243 port 47930
Aug 02 01:57:03 zfsnvme-target sshd[10675]: pam_unix(sshd:session): session closed for user root
Aug 02 01:57:03 zfsnvme-target systemd[1]: session-192.scope: Deactivated successfully.
Aug 02 01:57:03 zfsnvme-target systemd-logind[964]: Session 192 logged out. Waiting for processes to exit.
Aug 02 01:57:03 zfsnvme-target systemd-logind[964]: Removed session 192.
Aug 02 01:57:07 zfsnvme-target sshd[10729]: Accepted publickey for root from 192.168.34.242 port 52318 ssh2: ED25519 SHA256:RF36ieZjtMwQOHFoCZCKqX0qzGV25rTZHElR+Xnu3/g
Aug 02 01:57:07 zfsnvme-target sshd[10729]: pam_unix(sshd:session): session opened for user root(uid=0) by root(uid=0)
Aug 02 01:57:07 zfsnvme-target systemd-logind[964]: New session 193 of user root.
Aug 02 01:57:07 zfsnvme-target systemd[1]: Started session-193.scope - Session 193 of User root.
Aug 02 01:57:07 zfsnvme-target sshd[10729]: Received disconnect from 192.168.34.242 port 52318:11: disconnected by user
Aug 02 01:57:07 zfsnvme-target sshd[10729]: Disconnected from user root 192.168.34.242 port 52318
Aug 02 01:57:07 zfsnvme-target sshd[10729]: pam_unix(sshd:session): session closed for user root
Aug 02 01:57:07 zfsnvme-target systemd[1]: session-193.scope: Deactivated successfully.
Aug 02 01:57:07 zfsnvme-target systemd-logind[964]: Session 193 logged out. Waiting for processes to exit.
Aug 02 01:57:07 zfsnvme-target systemd-logind[964]: Removed session 193.
Aug 02 01:57:12 zfsnvme-target sshd[10782]: Accepted publickey for root from 192.168.34.243 port 40910 ssh2: ED25519 SHA256:RF36ieZjtMwQOHFoCZCKqX0qzGV25rTZHElR+Xnu3/g
Aug 02 01:57:12 zfsnvme-target sshd[10782]: pam_unix(sshd:session): session opened for user root(uid=0) by root(uid=0)
Aug 02 01:57:12 zfsnvme-target systemd-logind[964]: New session 194 of user root.
Aug 02 01:57:12 zfsnvme-target systemd[1]: Started session-194.scope - Session 194 of User root.
Aug 02 01:57:12 zfsnvme-target sshd[10782]: Received disconnect from 192.168.34.243 port 40910:11: disconnected by user
Aug 02 01:57:12 zfsnvme-target sshd[10782]: Disconnected from user root 192.168.34.243 port 40910
Aug 02 01:57:12 zfsnvme-target sshd[10782]: pam_unix(sshd:session): session closed for user root
Aug 02 01:57:12 zfsnvme-target systemd[1]: session-194.scope: Deactivated successfully.
Aug 02 01:57:12 zfsnvme-target systemd-logind[964]: Session 194 logged out. Waiting for processes to exit.
Aug 02 01:57:12 zfsnvme-target systemd-logind[964]: Removed session 194.
Aug 02 01:57:16 zfsnvme-target sshd[10835]: Accepted publickey for root from 192.168.34.242 port 56942 ssh2: ED25519 SHA256:RF36ieZjtMwQOHFoCZCKqX0qzGV25rTZHElR+Xnu3/g
Aug 02 01:57:16 zfsnvme-target sshd[10835]: pam_unix(sshd:session): session opened for user root(uid=0) by root(uid=0)
Aug 02 01:57:16 zfsnvme-target systemd-logind[964]: New session 195 of user root.
Aug 02 01:57:16 zfsnvme-target systemd[1]: Started session-195.scope - Session 195 of User root.
Aug 02 01:57:16 zfsnvme-target sshd[10835]: Received disconnect from 192.168.34.242 port 56942:11: disconnected by user
Aug 02 01:57:16 zfsnvme-target sshd[10835]: Disconnected from user root 192.168.34.242 port 56942
Aug 02 01:57:16 zfsnvme-target sshd[10835]: pam_unix(sshd:session): session closed for user root
Aug 02 01:57:16 zfsnvme-target systemd[1]: session-195.scope: Deactivated successfully.
Aug 02 01:57:16 zfsnvme-target systemd-logind[964]: Session 195 logged out. Waiting for processes to exit.
Aug 02 01:57:16 zfsnvme-target systemd-logind[964]: Removed session 195.
Aug 02 01:57:22 zfsnvme-target sshd[10888]: Accepted publickey for root from 192.168.34.243 port 40194 ssh2: ED25519 SHA256:RF36ieZjtMwQOHFoCZCKqX0qzGV25rTZHElR+Xnu3/g
Aug 02 01:57:22 zfsnvme-target sshd[10888]: pam_unix(sshd:session): session opened for user root(uid=0) by root(uid=0)
Aug 02 01:57:22 zfsnvme-target systemd-logind[964]: New session 196 of user root.
Aug 02 01:57:22 zfsnvme-target systemd[1]: Started session-196.scope - Session 196 of User root.
Aug 02 01:57:22 zfsnvme-target sshd[10888]: Received disconnect from 192.168.34.243 port 40194:11: disconnected by user
Aug 02 01:57:22 zfsnvme-target sshd[10888]: Disconnected from user root 192.168.34.243 port 40194
Aug 02 01:57:22 zfsnvme-target sshd[10888]: pam_unix(sshd:session): session closed for user root
Aug 02 01:57:22 zfsnvme-target systemd[1]: session-196.scope: Deactivated successfully.
Aug 02 01:57:22 zfsnvme-target systemd-logind[964]: Session 196 logged out. Waiting for processes to exit.
Aug 02 01:57:22 zfsnvme-target systemd-logind[964]: Removed session 196.
Aug 02 01:57:26 zfsnvme-target sshd[10941]: Accepted publickey for root from 192.168.34.242 port 40622 ssh2: ED25519 SHA256:RF36ieZjtMwQOHFoCZCKqX0qzGV25rTZHElR+Xnu3/g
Aug 02 01:57:26 zfsnvme-target sshd[10941]: pam_unix(sshd:session): session opened for user root(uid=0) by root(uid=0)
Aug 02 01:57:26 zfsnvme-target systemd-logind[964]: New session 197 of user root.
Aug 02 01:57:26 zfsnvme-target systemd[1]: Started session-197.scope - Session 197 of User root.
Aug 02 01:57:26 zfsnvme-target sshd[10941]: Received disconnect from 192.168.34.242 port 40622:11: disconnected by user
Aug 02 01:57:26 zfsnvme-target sshd[10941]: Disconnected from user root 192.168.34.242 port 40622
Aug 02 01:57:26 zfsnvme-target sshd[10941]: pam_unix(sshd:session): session closed for user root
Aug 02 01:57:26 zfsnvme-target systemd[1]: session-197.scope: Deactivated successfully.
Aug 02 01:57:26 zfsnvme-target systemd-logind[964]: Session 197 logged out. Waiting for processes to exit.
Aug 02 01:57:26 zfsnvme-target systemd-logind[964]: Removed session 197.
Aug 02 01:57:32 zfsnvme-target sshd[10994]: Accepted publickey for root from 192.168.34.243 port 41638 ssh2: ED25519 SHA256:RF36ieZjtMwQOHFoCZCKqX0qzGV25rTZHElR+Xnu3/g
Aug 02 01:57:32 zfsnvme-target sshd[10994]: pam_unix(sshd:session): session opened for user root(uid=0) by root(uid=0)
Aug 02 01:57:32 zfsnvme-target systemd-logind[964]: New session 198 of user root.
Aug 02 01:57:32 zfsnvme-target systemd[1]: Started session-198.scope - Session 198 of User root.
Aug 02 01:57:32 zfsnvme-target sshd[10994]: Received disconnect from 192.168.34.243 port 41638:11: disconnected by user
Aug 02 01:57:32 zfsnvme-target sshd[10994]: Disconnected from user root 192.168.34.243 port 41638
Aug 02 01:57:32 zfsnvme-target sshd[10994]: pam_unix(sshd:session): session closed for user root
Aug 02 01:57:32 zfsnvme-target systemd[1]: session-198.scope: Deactivated successfully.
Aug 02 01:57:32 zfsnvme-target systemd-logind[964]: Session 198 logged out. Waiting for processes to exit.
Aug 02 01:57:32 zfsnvme-target systemd-logind[964]: Removed session 198.
Aug 02 01:57:36 zfsnvme-target sshd[11047]: Accepted publickey for root from 192.168.34.242 port 56576 ssh2: ED25519 SHA256:RF36ieZjtMwQOHFoCZCKqX0qzGV25rTZHElR+Xnu3/g
Aug 02 01:57:36 zfsnvme-target sshd[11047]: pam_unix(sshd:session): session opened for user root(uid=0) by root(uid=0)
Aug 02 01:57:36 zfsnvme-target systemd-logind[964]: New session 199 of user root.
Aug 02 01:57:36 zfsnvme-target systemd[1]: Started session-199.scope - Session 199 of User root.
Aug 02 01:57:36 zfsnvme-target sshd[11047]: Received disconnect from 192.168.34.242 port 56576:11: disconnected by user
Aug 02 01:57:36 zfsnvme-target sshd[11047]: Disconnected from user root 192.168.34.242 port 56576
Aug 02 01:57:36 zfsnvme-target sshd[11047]: pam_unix(sshd:session): session closed for user root
Aug 02 01:57:36 zfsnvme-target systemd[1]: session-199.scope: Deactivated successfully.
Aug 02 01:57:36 zfsnvme-target systemd-logind[964]: Session 199 logged out. Waiting for processes to exit.
Aug 02 01:57:36 zfsnvme-target systemd-logind[964]: Removed session 199.
Aug 02 01:57:43 zfsnvme-target sshd[11100]: Accepted publickey for root from 192.168.34.243 port 50598 ssh2: ED25519 SHA256:RF36ieZjtMwQOHFoCZCKqX0qzGV25rTZHElR+Xnu3/g
Aug 02 01:57:43 zfsnvme-target sshd[11100]: pam_unix(sshd:session): session opened for user root(uid=0) by root(uid=0)
Aug 02 01:57:43 zfsnvme-target systemd-logind[964]: New session 200 of user root.
Aug 02 01:57:43 zfsnvme-target systemd[1]: Started session-200.scope - Session 200 of User root.
Aug 02 01:57:43 zfsnvme-target sshd[11100]: Received disconnect from 192.168.34.243 port 50598:11: disconnected by user
Aug 02 01:57:43 zfsnvme-target sshd[11100]: Disconnected from user root 192.168.34.243 port 50598
Aug 02 01:57:43 zfsnvme-target sshd[11100]: pam_unix(sshd:session): session closed for user root
Aug 02 01:57:43 zfsnvme-target systemd[1]: session-200.scope: Deactivated successfully.
Aug 02 01:57:43 zfsnvme-target systemd-logind[964]: Session 200 logged out. Waiting for processes to exit.
Aug 02 01:57:43 zfsnvme-target systemd-logind[964]: Removed session 200.
Aug 02 01:57:47 zfsnvme-target sshd[11153]: Accepted publickey for root from 192.168.34.242 port 45386 ssh2: ED25519 SHA256:RF36ieZjtMwQOHFoCZCKqX0qzGV25rTZHElR+Xnu3/g
Aug 02 01:57:47 zfsnvme-target sshd[11153]: pam_unix(sshd:session): session opened for user root(uid=0) by root(uid=0)
Aug 02 01:57:47 zfsnvme-target systemd-logind[964]: New session 201 of user root.
Aug 02 01:57:47 zfsnvme-target systemd[1]: Started session-201.scope - Session 201 of User root.
Aug 02 01:57:47 zfsnvme-target sshd[11153]: Received disconnect from 192.168.34.242 port 45386:11: disconnected by user
Aug 02 01:57:47 zfsnvme-target sshd[11153]: Disconnected from user root 192.168.34.242 port 45386
Aug 02 01:57:47 zfsnvme-target sshd[11153]: pam_unix(sshd:session): session closed for user root
Aug 02 01:57:47 zfsnvme-target systemd[1]: session-201.scope: Deactivated successfully.
Aug 02 01:57:47 zfsnvme-target systemd-logind[964]: Session 201 logged out. Waiting for processes to exit.
Aug 02 01:57:47 zfsnvme-target systemd-logind[964]: Removed session 201.
Aug 02 01:57:52 zfsnvme-target sshd[11206]: Accepted publickey for root from 192.168.34.243 port 48636 ssh2: ED25519 SHA256:RF36ieZjtMwQOHFoCZCKqX0qzGV25rTZHElR+Xnu3/g
Aug 02 01:57:52 zfsnvme-target sshd[11206]: pam_unix(sshd:session): session opened for user root(uid=0) by root(uid=0)
Aug 02 01:57:52 zfsnvme-target systemd-logind[964]: New session 202 of user root.
Aug 02 01:57:52 zfsnvme-target systemd[1]: Started session-202.scope - Session 202 of User root.
Aug 02 01:57:52 zfsnvme-target sshd[11206]: Received disconnect from 192.168.34.243 port 48636:11: disconnected by user
Aug 02 01:57:52 zfsnvme-target sshd[11206]: Disconnected from user root 192.168.34.243 port 48636
Aug 02 01:57:52 zfsnvme-target sshd[11206]: pam_unix(sshd:session): session closed for user root
Aug 02 01:57:52 zfsnvme-target systemd[1]: session-202.scope: Deactivated successfully.
Aug 02 01:57:52 zfsnvme-target systemd-logind[964]: Session 202 logged out. Waiting for processes to exit.
Aug 02 01:57:52 zfsnvme-target systemd-logind[964]: Removed session 202.
Aug 02 01:57:56 zfsnvme-target sshd[11259]: Accepted publickey for root from 192.168.34.242 port 43944 ssh2: ED25519 SHA256:RF36ieZjtMwQOHFoCZCKqX0qzGV25rTZHElR+Xnu3/g
Aug 02 01:57:56 zfsnvme-target sshd[11259]: pam_unix(sshd:session): session opened for user root(uid=0) by root(uid=0)
Aug 02 01:57:56 zfsnvme-target systemd-logind[964]: New session 203 of user root.
Aug 02 01:57:56 zfsnvme-target systemd[1]: Started session-203.scope - Session 203 of User root.
Aug 02 01:57:56 zfsnvme-target sshd[11259]: Received disconnect from 192.168.34.242 port 43944:11: disconnected by user
Aug 02 01:57:56 zfsnvme-target sshd[11259]: Disconnected from user root 192.168.34.242 port 43944
Aug 02 01:57:56 zfsnvme-target sshd[11259]: pam_unix(sshd:session): session closed for user root
Aug 02 01:57:56 zfsnvme-target systemd[1]: session-203.scope: Deactivated successfully.
Aug 02 01:57:56 zfsnvme-target systemd-logind[964]: Session 203 logged out. Waiting for processes to exit.
Aug 02 01:57:56 zfsnvme-target systemd-logind[964]: Removed session 203.
Aug 02 01:57:58 zfsnvme-target sshd[11312]: Accepted publickey for root from 10.0.1.2 port 52695 ssh2: ED25519 SHA256:RF36ieZjtMwQOHFoCZCKqX0qzGV25rTZHElR+Xnu3/g
Aug 02 01:57:58 zfsnvme-target sshd[11312]: pam_unix(sshd:session): session opened for user root(uid=0) by root(uid=0)
Aug 02 01:57:58 zfsnvme-target systemd-logind[964]: New session 204 of user root.
Aug 02 01:57:58 zfsnvme-target systemd[1]: Started session-204.scope - Session 204 of User root.
Aug 02 01:57:58 zfsnvme-target systemd[1]: Starting apt-news.service - Update APT News...
Aug 02 01:57:58 zfsnvme-target systemd[1]: Starting esm-cache.service - Update the local ESM caches...
Aug 02 01:57:58 zfsnvme-target systemd[1]: apt-news.service: Deactivated successfully.
Aug 02 01:57:58 zfsnvme-target systemd[1]: Finished apt-news.service - Update APT News.
Aug 02 01:58:00 zfsnvme-target dbus-daemon[953]: [system] Activating via systemd: service name='org.freedesktop.PackageKit' unit='packagekit.service' requested by ':1.412' (uid=0 pid=11563 comm="/usr/bin/gdbus call --system --dest org.freedeskto" label="unconfined")
Aug 02 01:58:00 zfsnvme-target systemd[1]: Starting packagekit.service - PackageKit Daemon...
Aug 02 01:58:00 zfsnvme-target PackageKit[11567]: daemon start
Aug 02 01:58:00 zfsnvme-target dbus-daemon[953]: [system] Activating via systemd: service name='org.freedesktop.PolicyKit1' unit='polkit.service' requested by ':1.414' (uid=0 pid=11567 comm="/usr/libexec/packagekitd" label="unconfined")
Aug 02 01:58:00 zfsnvme-target systemd[1]: Starting polkit.service - Authorization Manager...
Aug 02 01:58:00 zfsnvme-target polkitd[11572]: Started polkitd version 124
Aug 02 01:58:00 zfsnvme-target polkitd[11572]: Loading rules from directory /etc/polkit-1/rules.d
Aug 02 01:58:00 zfsnvme-target polkitd[11572]: Loading rules from directory /usr/share/polkit-1/rules.d
Aug 02 01:58:00 zfsnvme-target polkitd[11572]: Finished loading, compiling and executing 5 rules
Aug 02 01:58:00 zfsnvme-target dbus-daemon[953]: [system] Successfully activated service 'org.freedesktop.PolicyKit1'
Aug 02 01:58:00 zfsnvme-target systemd[1]: Started polkit.service - Authorization Manager.
Aug 02 01:58:00 zfsnvme-target polkitd[11572]: Acquired the name org.freedesktop.PolicyKit1 on the system bus
Aug 02 01:58:00 zfsnvme-target dbus-daemon[953]: [system] Successfully activated service 'org.freedesktop.PackageKit'
Aug 02 01:58:00 zfsnvme-target systemd[1]: Started packagekit.service - PackageKit Daemon.
Aug 02 01:58:00 zfsnvme-target systemd[1]: esm-cache.service: Deactivated successfully.
Aug 02 01:58:00 zfsnvme-target systemd[1]: Finished esm-cache.service - Update the local ESM caches.
Aug 02 01:58:02 zfsnvme-target sshd[11656]: Accepted publickey for root from 192.168.34.243 port 58468 ssh2: ED25519 SHA256:RF36ieZjtMwQOHFoCZCKqX0qzGV25rTZHElR+Xnu3/g
Aug 02 01:58:02 zfsnvme-target sshd[11656]: pam_unix(sshd:session): session opened for user root(uid=0) by root(uid=0)
Aug 02 01:58:02 zfsnvme-target systemd-logind[964]: New session 205 of user root.
Aug 02 01:58:02 zfsnvme-target systemd[1]: Started session-205.scope - Session 205 of User root.
Aug 02 01:58:02 zfsnvme-target sshd[11656]: Received disconnect from 192.168.34.243 port 58468:11: disconnected by user
Aug 02 01:58:02 zfsnvme-target sshd[11656]: Disconnected from user root 192.168.34.243 port 58468
Aug 02 01:58:02 zfsnvme-target sshd[11656]: pam_unix(sshd:session): session closed for user root
Aug 02 01:58:02 zfsnvme-target systemd[1]: session-205.scope: Deactivated successfully.
Aug 02 01:58:02 zfsnvme-target systemd-logind[964]: Session 205 logged out. Waiting for processes to exit.
Aug 02 01:58:02 zfsnvme-target systemd-logind[964]: Removed session 205.
Aug 02 01:58:04 zfsnvme-target sshd[11312]: Received disconnect from 10.0.1.2 port 52695:11: disconnected by user
Aug 02 01:58:04 zfsnvme-target sshd[11312]: Disconnected from user root 10.0.1.2 port 52695
Aug 02 01:58:04 zfsnvme-target sshd[11312]: pam_unix(sshd:session): session closed for user root
Aug 02 01:58:04 zfsnvme-target systemd[1]: session-204.scope: Deactivated successfully.
Aug 02 01:58:04 zfsnvme-target systemd[1]: session-204.scope: Consumed 3.444s CPU time.
Aug 02 01:58:04 zfsnvme-target systemd-logind[964]: Session 204 logged out. Waiting for processes to exit.
Aug 02 01:58:04 zfsnvme-target systemd-logind[964]: Removed session 204.
Aug 02 01:58:06 zfsnvme-target sshd[11720]: Accepted publickey for root from 192.168.34.242 port 49880 ssh2: ED25519 SHA256:RF36ieZjtMwQOHFoCZCKqX0qzGV25rTZHElR+Xnu3/g
Aug 02 01:58:06 zfsnvme-target sshd[11720]: pam_unix(sshd:session): session opened for user root(uid=0) by root(uid=0)
Aug 02 01:58:06 zfsnvme-target systemd-logind[964]: New session 206 of user root.
Aug 02 01:58:06 zfsnvme-target systemd[1]: Started session-206.scope - Session 206 of User root.
Aug 02 01:58:07 zfsnvme-target sshd[11720]: Received disconnect from 192.168.34.242 port 49880:11: disconnected by user
Aug 02 01:58:07 zfsnvme-target sshd[11720]: Disconnected from user root 192.168.34.242 port 49880
Aug 02 01:58:07 zfsnvme-target sshd[11720]: pam_unix(sshd:session): session closed for user root
Aug 02 01:58:07 zfsnvme-target systemd[1]: session-206.scope: Deactivated successfully.
Aug 02 01:58:07 zfsnvme-target systemd-logind[964]: Session 206 logged out. Waiting for processes to exit.
Aug 02 01:58:07 zfsnvme-target systemd-logind[964]: Removed session 206.
Aug 02 01:58:13 zfsnvme-target sshd[11773]: Accepted publickey for root from 192.168.34.243 port 44902 ssh2: ED25519 SHA256:RF36ieZjtMwQOHFoCZCKqX0qzGV25rTZHElR+Xnu3/g
Aug 02 01:58:13 zfsnvme-target sshd[11773]: pam_unix(sshd:session): session opened for user root(uid=0) by root(uid=0)
Aug 02 01:58:13 zfsnvme-target systemd-logind[964]: New session 207 of user root.
Aug 02 01:58:13 zfsnvme-target systemd[1]: Started session-207.scope - Session 207 of User root.
Aug 02 01:58:13 zfsnvme-target sshd[11773]: Received disconnect from 192.168.34.243 port 44902:11: disconnected by user
Aug 02 01:58:13 zfsnvme-target sshd[11773]: Disconnected from user root 192.168.34.243 port 44902
Aug 02 01:58:13 zfsnvme-target sshd[11773]: pam_unix(sshd:session): session closed for user root
Aug 02 01:58:13 zfsnvme-target systemd-logind[964]: Session 207 logged out. Waiting for processes to exit.
Aug 02 01:58:13 zfsnvme-target systemd[1]: session-207.scope: Deactivated successfully.
Aug 02 01:58:13 zfsnvme-target systemd-logind[964]: Removed session 207.
Aug 02 01:58:16 zfsnvme-target sshd[11826]: Accepted publickey for root from 192.168.34.242 port 52400 ssh2: ED25519 SHA256:RF36ieZjtMwQOHFoCZCKqX0qzGV25rTZHElR+Xnu3/g
Aug 02 01:58:16 zfsnvme-target sshd[11826]: pam_unix(sshd:session): session opened for user root(uid=0) by root(uid=0)
Aug 02 01:58:16 zfsnvme-target systemd-logind[964]: New session 208 of user root.
Aug 02 01:58:16 zfsnvme-target systemd[1]: Started session-208.scope - Session 208 of User root.
Aug 02 01:58:16 zfsnvme-target sshd[11826]: Received disconnect from 192.168.34.242 port 52400:11: disconnected by user
Aug 02 01:58:16 zfsnvme-target sshd[11826]: Disconnected from user root 192.168.34.242 port 52400
Aug 02 01:58:16 zfsnvme-target sshd[11826]: pam_unix(sshd:session): session closed for user root
Aug 02 01:58:16 zfsnvme-target systemd-logind[964]: Session 208 logged out. Waiting for processes to exit.
Aug 02 01:58:16 zfsnvme-target systemd[1]: session-208.scope: Deactivated successfully.
Aug 02 01:58:16 zfsnvme-target systemd-logind[964]: Removed session 208.
Aug 02 01:58:22 zfsnvme-target sshd[11879]: Accepted publickey for root from 192.168.34.243 port 48666 ssh2: ED25519 SHA256:RF36ieZjtMwQOHFoCZCKqX0qzGV25rTZHElR+Xnu3/g
Aug 02 01:58:22 zfsnvme-target sshd[11879]: pam_unix(sshd:session): session opened for user root(uid=0) by root(uid=0)
Aug 02 01:58:22 zfsnvme-target systemd-logind[964]: New session 209 of user root.
Aug 02 01:58:22 zfsnvme-target systemd[1]: Started session-209.scope - Session 209 of User root.
Aug 02 01:58:22 zfsnvme-target sshd[11879]: Received disconnect from 192.168.34.243 port 48666:11: disconnected by user
Aug 02 01:58:22 zfsnvme-target sshd[11879]: Disconnected from user root 192.168.34.243 port 48666
Aug 02 01:58:22 zfsnvme-target sshd[11879]: pam_unix(sshd:session): session closed for user root
Aug 02 01:58:22 zfsnvme-target systemd[1]: session-209.scope: Deactivated successfully.
Aug 02 01:58:22 zfsnvme-target systemd-logind[964]: Session 209 logged out. Waiting for processes to exit.
Aug 02 01:58:22 zfsnvme-target systemd-logind[964]: Removed session 209.
Aug 02 01:58:26 zfsnvme-target sshd[11932]: Accepted publickey for root from 192.168.34.242 port 59262 ssh2: ED25519 SHA256:RF36ieZjtMwQOHFoCZCKqX0qzGV25rTZHElR+Xnu3/g
Aug 02 01:58:26 zfsnvme-target sshd[11932]: pam_unix(sshd:session): session opened for user root(uid=0) by root(uid=0)
Aug 02 01:58:26 zfsnvme-target systemd-logind[964]: New session 210 of user root.
Aug 02 01:58:26 zfsnvme-target systemd[1]: Started session-210.scope - Session 210 of User root.
Aug 02 01:58:26 zfsnvme-target sshd[11932]: Received disconnect from 192.168.34.242 port 59262:11: disconnected by user
Aug 02 01:58:26 zfsnvme-target sshd[11932]: Disconnected from user root 192.168.34.242 port 59262
Aug 02 01:58:26 zfsnvme-target sshd[11932]: pam_unix(sshd:session): session closed for user root
Aug 02 01:58:26 zfsnvme-target systemd[1]: session-210.scope: Deactivated successfully.
Aug 02 01:58:26 zfsnvme-target systemd-logind[964]: Session 210 logged out. Waiting for processes to exit.
Aug 02 01:58:26 zfsnvme-target systemd-logind[964]: Removed session 210.
Aug 02 01:58:32 zfsnvme-target sshd[11986]: Accepted publickey for root from 192.168.34.243 port 38708 ssh2: ED25519 SHA256:RF36ieZjtMwQOHFoCZCKqX0qzGV25rTZHElR+Xnu3/g
Aug 02 01:58:32 zfsnvme-target sshd[11986]: pam_unix(sshd:session): session opened for user root(uid=0) by root(uid=0)
Aug 02 01:58:32 zfsnvme-target systemd-logind[964]: New session 211 of user root.
Aug 02 01:58:32 zfsnvme-target systemd[1]: Started session-211.scope - Session 211 of User root.
Aug 02 01:58:32 zfsnvme-target sshd[11986]: Received disconnect from 192.168.34.243 port 38708:11: disconnected by user
Aug 02 01:58:32 zfsnvme-target sshd[11986]: Disconnected from user root 192.168.34.243 port 38708
Aug 02 01:58:32 zfsnvme-target sshd[11986]: pam_unix(sshd:session): session closed for user root
Aug 02 01:58:32 zfsnvme-target systemd[1]: session-211.scope: Deactivated successfully.
Aug 02 01:58:32 zfsnvme-target systemd-logind[964]: Session 211 logged out. Waiting for processes to exit.
Aug 02 01:58:32 zfsnvme-target systemd-logind[964]: Removed session 211.
Aug 02 01:58:36 zfsnvme-target sshd[12039]: Accepted publickey for root from 192.168.34.242 port 56612 ssh2: ED25519 SHA256:RF36ieZjtMwQOHFoCZCKqX0qzGV25rTZHElR+Xnu3/g
Aug 02 01:58:36 zfsnvme-target sshd[12039]: pam_unix(sshd:session): session opened for user root(uid=0) by root(uid=0)
Aug 02 01:58:36 zfsnvme-target systemd-logind[964]: New session 212 of user root.
Aug 02 01:58:36 zfsnvme-target systemd[1]: Started session-212.scope - Session 212 of User root.
Aug 02 01:58:37 zfsnvme-target sshd[12039]: Received disconnect from 192.168.34.242 port 56612:11: disconnected by user
Aug 02 01:58:37 zfsnvme-target sshd[12039]: Disconnected from user root 192.168.34.242 port 56612
Aug 02 01:58:37 zfsnvme-target sshd[12039]: pam_unix(sshd:session): session closed for user root
Aug 02 01:58:37 zfsnvme-target systemd[1]: session-212.scope: Deactivated successfully.
Aug 02 01:58:37 zfsnvme-target systemd-logind[964]: Session 212 logged out. Waiting for processes to exit.
Aug 02 01:58:37 zfsnvme-target systemd-logind[964]: Removed session 212.
Aug 02 01:58:43 zfsnvme-target sshd[12093]: Accepted publickey for root from 192.168.34.243 port 57390 ssh2: ED25519 SHA256:RF36ieZjtMwQOHFoCZCKqX0qzGV25rTZHElR+Xnu3/g
Aug 02 01:58:43 zfsnvme-target sshd[12093]: pam_unix(sshd:session): session opened for user root(uid=0) by root(uid=0)
Aug 02 01:58:43 zfsnvme-target systemd-logind[964]: New session 213 of user root.
Aug 02 01:58:43 zfsnvme-target systemd[1]: Started session-213.scope - Session 213 of User root.
Aug 02 01:58:43 zfsnvme-target sshd[12093]: Received disconnect from 192.168.34.243 port 57390:11: disconnected by user
Aug 02 01:58:43 zfsnvme-target sshd[12093]: Disconnected from user root 192.168.34.243 port 57390
Aug 02 01:58:43 zfsnvme-target sshd[12093]: pam_unix(sshd:session): session closed for user root
Aug 02 01:58:43 zfsnvme-target systemd[1]: session-213.scope: Deactivated successfully.
Aug 02 01:58:43 zfsnvme-target systemd-logind[964]: Session 213 logged out. Waiting for processes to exit.
Aug 02 01:58:43 zfsnvme-target systemd-logind[964]: Removed session 213.
Aug 02 01:58:46 zfsnvme-target sshd[12146]: Accepted publickey for root from 192.168.34.242 port 46136 ssh2: ED25519 SHA256:RF36ieZjtMwQOHFoCZCKqX0qzGV25rTZHElR+Xnu3/g
Aug 02 01:58:46 zfsnvme-target sshd[12146]: pam_unix(sshd:session): session opened for user root(uid=0) by root(uid=0)
Aug 02 01:58:46 zfsnvme-target systemd-logind[964]: New session 214 of user root.
Aug 02 01:58:46 zfsnvme-target systemd[1]: Started session-214.scope - Session 214 of User root.
Aug 02 01:58:46 zfsnvme-target sshd[12146]: Received disconnect from 192.168.34.242 port 46136:11: disconnected by user
Aug 02 01:58:46 zfsnvme-target sshd[12146]: Disconnected from user root 192.168.34.242 port 46136
Aug 02 01:58:46 zfsnvme-target sshd[12146]: pam_unix(sshd:session): session closed for user root
Aug 02 01:58:46 zfsnvme-target systemd[1]: session-214.scope: Deactivated successfully.
Aug 02 01:58:46 zfsnvme-target systemd-logind[964]: Session 214 logged out. Waiting for processes to exit.
Aug 02 01:58:46 zfsnvme-target systemd-logind[964]: Removed session 214.
Aug 02 01:58:52 zfsnvme-target sshd[12199]: Accepted publickey for root from 192.168.34.243 port 48646 ssh2: ED25519 SHA256:RF36ieZjtMwQOHFoCZCKqX0qzGV25rTZHElR+Xnu3/g
Aug 02 01:58:52 zfsnvme-target sshd[12199]: pam_unix(sshd:session): session opened for user root(uid=0) by root(uid=0)
Aug 02 01:58:52 zfsnvme-target systemd-logind[964]: New session 215 of user root.
Aug 02 01:58:52 zfsnvme-target systemd[1]: Started session-215.scope - Session 215 of User root.
Aug 02 01:58:52 zfsnvme-target sshd[12199]: Received disconnect from 192.168.34.243 port 48646:11: disconnected by user
Aug 02 01:58:52 zfsnvme-target sshd[12199]: Disconnected from user root 192.168.34.243 port 48646
Aug 02 01:58:52 zfsnvme-target sshd[12199]: pam_unix(sshd:session): session closed for user root
Aug 02 01:58:52 zfsnvme-target systemd[1]: session-215.scope: Deactivated successfully.
Aug 02 01:58:52 zfsnvme-target systemd-logind[964]: Session 215 logged out. Waiting for processes to exit.
Aug 02 01:58:52 zfsnvme-target systemd-logind[964]: Removed session 215.
Aug 02 01:58:56 zfsnvme-target sshd[12252]: Accepted publickey for root from 192.168.34.242 port 49982 ssh2: ED25519 SHA256:RF36ieZjtMwQOHFoCZCKqX0qzGV25rTZHElR+Xnu3/g
Aug 02 01:58:56 zfsnvme-target sshd[12252]: pam_unix(sshd:session): session opened for user root(uid=0) by root(uid=0)
Aug 02 01:58:56 zfsnvme-target systemd-logind[964]: New session 216 of user root.
Aug 02 01:58:56 zfsnvme-target systemd[1]: Started session-216.scope - Session 216 of User root.
Aug 02 01:58:56 zfsnvme-target sshd[12252]: Received disconnect from 192.168.34.242 port 49982:11: disconnected by user
Aug 02 01:58:56 zfsnvme-target sshd[12252]: Disconnected from user root 192.168.34.242 port 49982
Aug 02 01:58:56 zfsnvme-target sshd[12252]: pam_unix(sshd:session): session closed for user root
Aug 02 01:58:56 zfsnvme-target systemd[1]: session-216.scope: Deactivated successfully.
Aug 02 01:58:56 zfsnvme-target systemd-logind[964]: Session 216 logged out. Waiting for processes to exit.
Aug 02 01:58:56 zfsnvme-target systemd-logind[964]: Removed session 216.
Aug 02 01:59:02 zfsnvme-target sshd[12305]: Accepted publickey for root from 192.168.34.243 port 40444 ssh2: ED25519 SHA256:RF36ieZjtMwQOHFoCZCKqX0qzGV25rTZHElR+Xnu3/g
Aug 02 01:59:02 zfsnvme-target sshd[12305]: pam_unix(sshd:session): session opened for user root(uid=0) by root(uid=0)
Aug 02 01:59:02 zfsnvme-target systemd-logind[964]: New session 217 of user root.
Aug 02 01:59:02 zfsnvme-target systemd[1]: Started session-217.scope - Session 217 of User root.
Aug 02 01:59:02 zfsnvme-target sshd[12305]: Received disconnect from 192.168.34.243 port 40444:11: disconnected by user
Aug 02 01:59:02 zfsnvme-target sshd[12305]: Disconnected from user root 192.168.34.243 port 40444
Aug 02 01:59:02 zfsnvme-target sshd[12305]: pam_unix(sshd:session): session closed for user root
Aug 02 01:59:02 zfsnvme-target systemd[1]: session-217.scope: Deactivated successfully.
Aug 02 01:59:02 zfsnvme-target systemd-logind[964]: Session 217 logged out. Waiting for processes to exit.
Aug 02 01:59:02 zfsnvme-target systemd-logind[964]: Removed session 217.
Aug 02 01:59:06 zfsnvme-target sshd[12358]: Accepted publickey for root from 192.168.34.242 port 42608 ssh2: ED25519 SHA256:RF36ieZjtMwQOHFoCZCKqX0qzGV25rTZHElR+Xnu3/g
Aug 02 01:59:06 zfsnvme-target sshd[12358]: pam_unix(sshd:session): session opened for user root(uid=0) by root(uid=0)
Aug 02 01:59:06 zfsnvme-target systemd-logind[964]: New session 218 of user root.
Aug 02 01:59:06 zfsnvme-target systemd[1]: Started session-218.scope - Session 218 of User root.
Aug 02 01:59:06 zfsnvme-target sshd[12358]: Received disconnect from 192.168.34.242 port 42608:11: disconnected by user
Aug 02 01:59:06 zfsnvme-target sshd[12358]: Disconnected from user root 192.168.34.242 port 42608
Aug 02 01:59:06 zfsnvme-target sshd[12358]: pam_unix(sshd:session): session closed for user root
Aug 02 01:59:06 zfsnvme-target systemd[1]: session-218.scope: Deactivated successfully.
Aug 02 01:59:06 zfsnvme-target systemd-logind[964]: Session 218 logged out. Waiting for processes to exit.
Aug 02 01:59:06 zfsnvme-target systemd-logind[964]: Removed session 218.
Aug 02 01:59:12 zfsnvme-target sshd[12411]: Accepted publickey for root from 192.168.34.243 port 35254 ssh2: ED25519 SHA256:RF36ieZjtMwQOHFoCZCKqX0qzGV25rTZHElR+Xnu3/g
Aug 02 01:59:12 zfsnvme-target sshd[12411]: pam_unix(sshd:session): session opened for user root(uid=0) by root(uid=0)
Aug 02 01:59:12 zfsnvme-target systemd-logind[964]: New session 219 of user root.
Aug 02 01:59:12 zfsnvme-target systemd[1]: Started session-219.scope - Session 219 of User root.
Aug 02 01:59:13 zfsnvme-target sshd[12411]: Received disconnect from 192.168.34.243 port 35254:11: disconnected by user
Aug 02 01:59:13 zfsnvme-target sshd[12411]: Disconnected from user root 192.168.34.243 port 35254
Aug 02 01:59:13 zfsnvme-target sshd[12411]: pam_unix(sshd:session): session closed for user root
Aug 02 01:59:13 zfsnvme-target systemd[1]: session-219.scope: Deactivated successfully.
Aug 02 01:59:13 zfsnvme-target systemd-logind[964]: Session 219 logged out. Waiting for processes to exit.
Aug 02 01:59:13 zfsnvme-target systemd[1]: Starting systemd-tmpfiles-clean.service - Cleanup of Temporary Directories...
Aug 02 01:59:13 zfsnvme-target systemd-logind[964]: Removed session 219.
Aug 02 01:59:13 zfsnvme-target systemd[1]: systemd-tmpfiles-clean.service: Deactivated successfully.
Aug 02 01:59:13 zfsnvme-target systemd[1]: Finished systemd-tmpfiles-clean.service - Cleanup of Temporary Directories.
Aug 02 01:59:17 zfsnvme-target sshd[12469]: Accepted publickey for root from 192.168.34.242 port 44038 ssh2: ED25519 SHA256:RF36ieZjtMwQOHFoCZCKqX0qzGV25rTZHElR+Xnu3/g
Aug 02 01:59:17 zfsnvme-target sshd[12469]: pam_unix(sshd:session): session opened for user root(uid=0) by root(uid=0)
Aug 02 01:59:17 zfsnvme-target systemd-logind[964]: New session 220 of user root.
Aug 02 01:59:17 zfsnvme-target systemd[1]: Started session-220.scope - Session 220 of User root.
Aug 02 01:59:17 zfsnvme-target sshd[12469]: Received disconnect from 192.168.34.242 port 44038:11: disconnected by user
Aug 02 01:59:17 zfsnvme-target sshd[12469]: Disconnected from user root 192.168.34.242 port 44038
Aug 02 01:59:17 zfsnvme-target sshd[12469]: pam_unix(sshd:session): session closed for user root
Aug 02 01:59:17 zfsnvme-target systemd[1]: session-220.scope: Deactivated successfully.
Aug 02 01:59:17 zfsnvme-target systemd-logind[964]: Session 220 logged out. Waiting for processes to exit.
Aug 02 01:59:17 zfsnvme-target systemd-logind[964]: Removed session 220.
Aug 02 01:59:19 zfsnvme-target sshd[12522]: Accepted publickey for root from 10.0.1.2 port 55806 ssh2: ED25519 SHA256:RF36ieZjtMwQOHFoCZCKqX0qzGV25rTZHElR+Xnu3/g
Aug 02 01:59:19 zfsnvme-target systemd-logind[964]: New session 221 of user root.
Aug 02 01:59:19 zfsnvme-target sshd[12522]: pam_unix(sshd:session): session opened for user root(uid=0) by root(uid=0)
Aug 02 01:59:19 zfsnvme-target systemd[1]: Started session-221.scope - Session 221 of User root.
